"id","name_en","name_pt_BR","name_ja","aliases","source_games","role","element","range","area","power","accuracy","sp","recovery","effects","mastery","tags","teachable","availability"
"dark_bubbles","Dark Bubbles","Dark Bubbles","やみのアワ","やみのアワ","lost_evolution","striker","dark","{""shape"":""diamond"",""min"":1,""max"":3,""requiresLineOfSight"":false}","{""shape"":""single"",""radius"":0}","32","100","4","24","[{""type"":""damage""}]","swift","dark | melee","false","ready"
"petit_dark","Petit Dark","Petit Dark","プチダーク","プチダーク","lost_evolution","striker","dark","{""shape"":""diamond"",""min"":1,""max"":3,""requiresLineOfSight"":false}","{""shape"":""single"",""radius"":0}","32","100","4","24","[{""type"":""damage""}]","swift","dark | melee","false","ready"
"glare_eye","Glare Eye","Glare Eye","グレアーアイ","グレアーアイ","dawn_dusk | lost_evolution | super_xros_wars","striker","dark","{""shape"":""diamond"",""min"":1,""max"":3,""requiresLineOfSight"":false}","{""shape"":""single"",""radius"":0}","17","100","8","24","[{""type"":""damage""},{""type"":""status"",""status"":""atk_down"",""chance"":25,""duration"":3}]","reliable_effect","dark | melee","false","ready"
"nail_scratch","Nail Scratch","Nail Scratch","ナイルスクラッチ","ナイルスクラッチ","dawn_dusk | lost_evolution","striker","dark","{""shape"":""diamond"",""min"":1,""max"":3,""requiresLineOfSight"":false}","{""shape"":""single"",""radius"":0}","32","100","4","24","[{""type"":""damage""}]","swift","dark | melee","false","ready"
"night_fire","Night Fire","Night Fire","ナイトファイアー","ナイトファイアー","lost_evolution","striker","dark","{""shape"":""diamond"",""min"":1,""max"":3,""requiresLineOfSight"":false}","{""shape"":""single"",""radius"":0}","32","100","4","24","[{""type"":""damage""}]","swift","dark | melee","false","ready"
"crazy_giggle","Crazy Giggle","Crazy Giggle","クレイジーギグル","クレイジーギグル","dawn_dusk | digimon_story_ds | lost_evolution | super_xros_wars","striker","dark","{""shape"":""diamond"",""min"":1,""max"":3,""requiresLineOfSight"":false}","{""shape"":""single"",""radius"":0}","32","100","4","24","[{""type"":""damage""}]","swift","dark | melee","false","ready"
"pico_darts","Pico Darts","Pico Darts","ピコダーツ","ピコダーツ","digimon_story_ds | lost_evolution | super_xros_wars","striker","dark","{""shape"":""diamond"",""min"":1,""max"":3,""requiresLineOfSight"":false}","{""shape"":""single"",""radius"":0}","32","100","4","24","[{""type"":""damage""},{""type"":""drain_hp"",""percentOfDamage"":35}]","swift","dark | melee","true","ready"
"shadow_nail","Shadow Nail","Shadow Nail","シャドウネイル","シャドウネイル","lost_evolution | super_xros_wars","striker","dark","{""shape"":""diamond"",""min"":1,""max"":3,""requiresLineOfSight"":false}","{""shape"":""single"",""radius"":0}","32","100","4","24","[{""type"":""damage""}]","swift","dark | melee","false","ready"
"dark_crusher","Dark Crusher","Dark Crusher","ダーククラッシャー","ダーククラッシャー","dawn_dusk | lost_evolution | super_xros_wars","striker","dark","{""shape"":""diamond"",""min"":1,""max"":3,""requiresLineOfSight"":false}","{""shape"":""single"",""radius"":0}","32","100","4","24","[{""type"":""damage""}]","swift","dark | melee","false","ready"
"assassin_star","Assassin Star","Assassin Star","アサシンスター","アサシンスター","lost_evolution | super_xros_wars","striker","dark","{""shape"":""diamond"",""min"":1,""max"":3,""requiresLineOfSight"":false}","{""shape"":""single"",""radius"":0}","46","100","8","34","[{""type"":""damage""}]","swift","dark | melee","true","ready"
"darkness_blast","Darkness Blast","Darkness Blast","ヤミブラスト","ヤミブラスト","lost_evolution | super_xros_wars","striker","dark","{""shape"":""diamond"",""min"":1,""max"":3,""requiresLineOfSight"":false}","{""shape"":""single"",""radius"":0}","31","100","12","34","[{""type"":""damage""},{""type"":""status"",""status"":""def_down"",""chance"":25,""duration"":3}]","reliable_effect","dark | melee","false","ready"
"curse_slash","Curse Slash","Curse Slash","カーススラッシュ","カーススラッシュ","lost_evolution","striker","dark","{""shape"":""diamond"",""min"":1,""max"":3,""requiresLineOfSight"":false}","{""shape"":""single"",""radius"":0}","46","100","8","34","[{""type"":""damage""}]","swift","dark | melee","true","ready"
"poison_sting","Poison Sting","Poison Sting","ポイズンスティング","ポイズンスティング","dawn_dusk | lost_evolution","control","dark","{""shape"":""diamond"",""min"":1,""max"":3,""requiresLineOfSight"":false}","{""shape"":""single"",""radius"":0}","46","100","8","34","[{""type"":""damage""},{""type"":""drain_sp"",""amount"":6}]","swift","dark | melee","false","ready"
"poop_throw","Poop Throw","Poop Throw","ウンチなげ","ウンチなげ","digimon_story_ds | lost_evolution | super_xros_wars","striker","dark","{""shape"":""diamond"",""min"":1,""max"":3,""requiresLineOfSight"":false}","{""shape"":""single"",""radius"":0}","31","100","12","34","[{""type"":""damage""},{""type"":""status"",""status"":""atk_down"",""chance"":25,""duration"":3}]","reliable_effect","dark | melee","true","ready"
"kirisute_gomen","Kirisute Gomen","Kirisute Gomen","きりすてごめん","きりすてごめん","lost_evolution | super_xros_wars","striker","dark","{""shape"":""diamond"",""min"":1,""max"":3,""requiresLineOfSight"":false}","{""shape"":""single"",""radius"":0}","46","100","8","34","[{""type"":""damage""},{""type"":""drain_hp"",""percentOfDamage"":35}]","swift","dark | melee","false","requires_digixros"
"strong_maul","Strong Maul","Strong Maul","ストロングモール","ストロングモール","lost_evolution | super_xros_wars","striker","dark","{""shape"":""diamond"",""min"":1,""max"":3,""requiresLineOfSight"":false}","{""shape"":""single"",""radius"":0}","31","100","12","34","[{""type"":""damage""},{""type"":""status"",""status"":""def_down"",""chance"":25,""duration"":3}]","reliable_effect","dark | melee","true","ready"
"bloody_whip","Bloody Whip","Bloody Whip","ブラッディウィップ","ブラッディウィップ","lost_evolution | super_xros_wars","striker","dark","{""shape"":""diamond"",""min"":1,""max"":3,""requiresLineOfSight"":false}","{""shape"":""single"",""radius"":0}","46","100","8","34","[{""type"":""damage""},{""type"":""drain_sp"",""amount"":6}]","swift","dark | melee","false","ready"
"engentsugeri","Engentsugeri","Engentsugeri","えんげんつげり","えんげんつげり","lost_evolution","striker","dark","{""shape"":""diamond"",""min"":1,""max"":3,""requiresLineOfSight"":false}","{""shape"":""single"",""radius"":0}","47","95","17","48","[{""type"":""damage""},{""type"":""status"",""status"":""speed_down"",""chance"":25,""duration"":3}]","precise","dark | melee","true","ready"
"bit_bomb","Bit Bomb","Bit Bomb","ビットボム","ビットボム","dawn_dusk | lost_evolution | super_xros_wars","striker","dark","{""shape"":""diamond"",""min"":1,""max"":3,""requiresLineOfSight"":false}","{""shape"":""single"",""radius"":0}","62","95","13","48","[{""type"":""damage""}]","potent","dark | melee","true","ready"
"paradise_lost","Paradise Lost","Paradise Lost","パラダイスロスト","パラダイスロスト","digimon_story_ds | lost_evolution | super_xros_wars","striker","dark","{""shape"":""diamond"",""min"":1,""max"":3,""requiresLineOfSight"":false}","{""shape"":""single"",""radius"":0}","47","95","17","48","[{""type"":""damage""},{""type"":""status"",""status"":""atk_down"",""chance"":25,""duration"":3}]","precise","dark | melee","false","requires_digixros"
"death_blast","Death Blast","Death Blast","デスブラスト","デスブラスト","lost_evolution | super_xros_wars","control","dark","{""shape"":""diamond"",""min"":1,""max"":3,""requiresLineOfSight"":false}","{""shape"":""single"",""radius"":0}","62","100","13","48","[{""type"":""damage""},{""type"":""status"",""status"":""def_down"",""chance"":40,""duration"":3}]","efficient","dark | melee","false","ready"
"01_crusher","01 Crusher","01 Crusher","01クラッシャー","01クラッシャー","dawn_dusk | lost_evolution | super_xros_wars","striker","dark","{""shape"":""diamond"",""min"":1,""max"":3,""requiresLineOfSight"":false}","{""shape"":""single"",""radius"":0}","62","95","13","48","[{""type"":""damage""}]","potent","dark | melee","true","ready"
"crimson_whip","Crimson Whip","Crimson Whip","クリムゾンウィップ","クリムゾンウィップ","lost_evolution | super_xros_wars","striker","dark","{""shape"":""diamond"",""min"":1,""max"":3,""requiresLineOfSight"":false}","{""shape"":""single"",""radius"":0}","62","95","13","48","[{""type"":""damage""},{""type"":""drain_sp"",""amount"":6}]","potent","dark | melee","true","ready"
"dark_lightning","Dark Lightning","Dark Lightning","ダークライトニング","ダークライトニング","lost_evolution | super_xros_wars","striker","dark","{""shape"":""diamond"",""min"":1,""max"":3,""requiresLineOfSight"":false}","{""shape"":""single"",""radius"":0}","47","95","17","48","[{""type"":""damage""},{""type"":""status"",""status"":""def_down"",""chance"":25,""duration"":3}]","precise","dark | melee","false","ready"
"bonhitsusen","Bonhitsusen","Bonhitsusen","ぼんひつせん","ぼんひつせん","lost_evolution | super_xros_wars","striker","dark","{""shape"":""diamond"",""min"":1,""max"":3,""requiresLineOfSight"":false}","{""shape"":""single"",""radius"":0}","62","95","13","48","[{""type"":""damage""}]","potent","dark | melee","false","requires_digixros"
"giga_stick_l","Giga Stick L","Giga Stick L","ギガスティックL","ギガスティックL","lost_evolution","striker","dark","{""shape"":""diamond"",""min"":1,""max"":3,""requiresLineOfSight"":false}","{""shape"":""single"",""radius"":0}","62","95","13","48","[{""type"":""damage""}]","potent","dark | melee","true","ready"
"ammit","Ammit","Ammit","アメミット","アメミット","lost_evolution | super_xros_wars","striker","dark","{""shape"":""diamond"",""min"":1,""max"":3,""requiresLineOfSight"":false}","{""shape"":""single"",""radius"":0}","62","95","13","48","[{""type"":""damage""}]","potent","dark | melee","false","requires_digixros"
"avalon_s_gate","Avalon's Gate","Avalon's Gate","アヴァロンズゲート","アヴァロンズゲート","lost_evolution | super_xros_wars","striker","dark","{""shape"":""diamond"",""min"":1,""max"":3,""requiresLineOfSight"":false}","{""shape"":""single"",""radius"":0}","62","95","13","48","[{""type"":""damage""}]","potent","dark | melee","true","ready"
"dark_blast","Dark Blast","Dark Blast","ダークブラスト","ダークブラスト","dawn_dusk | lost_evolution | super_xros_wars","striker","dark","{""shape"":""diamond"",""min"":1,""max"":3,""requiresLineOfSight"":false}","{""shape"":""single"",""radius"":0}","65","90","26","70","[{""type"":""damage""},{""type"":""status"",""status"":""def_down"",""chance"":25,""duration"":3}]","precise","dark | melee","true","ready"
"elder_sign","Elder Sign","Elder Sign","エルダーサイン","エルダーサイン","lost_evolution | super_xros_wars","striker","dark","{""shape"":""diamond"",""min"":1,""max"":3,""requiresLineOfSight"":false}","{""shape"":""single"",""radius"":0}","80","90","22","70","[{""type"":""damage""}]","potent","dark | melee","true","ready"
"time_paradox","Time Paradox","Time Paradox","タイムパラドックス","タイムパラドックス","lost_evolution","striker","dark","{""shape"":""diamond"",""min"":1,""max"":3,""requiresLineOfSight"":false}","{""shape"":""single"",""radius"":0}","80","90","22","70","[{""type"":""damage""}]","potent","dark | melee","true","ready"
"poison_powder","Poison Powder","Poison Powder","ポイズンパウダー","ポイズンパウダー","dawn_dusk | lost_evolution | super_xros_wars","control","dark","{""shape"":""diamond"",""min"":1,""max"":4,""requiresLineOfSight"":false}","{""shape"":""cone"",""radius"":0,""length"":4}","27","100","7","24","[{""type"":""damage""}]","swift","dark | projectile","true","ready"
"dark_nail","Dark Nail","Dark Nail","ダークネイル","ダークネイル","lost_evolution | super_xros_wars","area_damage","dark","{""shape"":""diamond"",""min"":1,""max"":4,""requiresLineOfSight"":false}","{""shape"":""cone"",""radius"":0,""length"":4}","39","100","11","34","[{""type"":""damage""}]","swift","dark | projectile","true","ready"
"crimson_nail","Crimson Nail","Crimson Nail","クリムゾンネイル","クリムゾンネイル","lost_evolution | super_xros_wars","area_damage","dark","{""shape"":""diamond"",""min"":1,""max"":4,""requiresLineOfSight"":false}","{""shape"":""cone"",""radius"":0,""length"":4}","39","100","11","34","[{""type"":""damage""}]","swift","dark | projectile","true","ready"
"death_charm","Death Charm","Death Charm","デズチャーム","デズチャーム","lost_evolution","control","dark","{""shape"":""diamond"",""min"":1,""max"":4,""requiresLineOfSight"":false}","{""shape"":""cone"",""radius"":0,""length"":4}","39","100","11","34","[{""type"":""damage""},{""type"":""drain_sp"",""amount"":6}]","swift","dark | projectile","true","ready"
"death_claw","Death Claw","Death Claw","デスクロウ","デスクロウ","digimon_story_ds | lost_evolution | super_xros_wars","control","dark","{""shape"":""diamond"",""min"":1,""max"":4,""requiresLineOfSight"":false}","{""shape"":""cone"",""radius"":0,""length"":4}","39","100","11","34","[{""type"":""damage""}]","swift","dark | projectile","false","requires_digixros"
"sticker_bld","Sticker BLD","Sticker BLD","スティッカーBLD","スティッカーBLD","lost_evolution","area_damage","dark","{""shape"":""diamond"",""min"":1,""max"":4,""requiresLineOfSight"":false}","{""shape"":""cone"",""radius"":0,""length"":4}","39","100","11","34","[{""type"":""damage""},{""type"":""drain_hp"",""percentOfDamage"":35}]","swift","dark | projectile","true","ready"
"power_dark","Power Dark","Power Dark","パワーダーク","パワーダーク","lost_evolution","area_damage","dark","{""shape"":""diamond"",""min"":1,""max"":4,""requiresLineOfSight"":false}","{""shape"":""cone"",""radius"":0,""length"":4}","39","100","11","34","[{""type"":""damage""}]","swift","dark | projectile","false","ready"
"momiji_oroshi","Momiji Oroshi","Momiji Oroshi","もみじおろし","もみじおろし","lost_evolution | super_xros_wars","area_damage","dark","{""shape"":""diamond"",""min"":1,""max"":4,""requiresLineOfSight"":false}","{""shape"":""cone"",""radius"":0,""length"":4}","39","100","11","34","[{""type"":""damage""}]","swift","dark | projectile","true","ready"
"chaos_slash","Chaos Slash","Chaos Slash","カオススラッシュ","カオススラッシュ","dawn_dusk | lost_evolution | super_xros_wars","area_damage","dark","{""shape"":""diamond"",""min"":1,""max"":4,""requiresLineOfSight"":false}","{""shape"":""cone"",""radius"":0,""length"":4}","39","100","11","34","[{""type"":""damage""}]","swift","dark | projectile","true","ready"
"chaos_blast","Chaos Blast","Chaos Blast","カオスブラスト","カオスブラスト","dawn_dusk | lost_evolution | super_xros_wars","area_damage","dark","{""shape"":""diamond"",""min"":1,""max"":4,""requiresLineOfSight"":false}","{""shape"":""cone"",""radius"":0,""length"":4}","24","100","15","34","[{""type"":""damage""},{""type"":""status"",""status"":""def_down"",""chance"":25,""duration"":3}]","efficient","dark | projectile","true","ready"
"death_nail","Death Nail","Death Nail","デズネイル","デズネイル","lost_evolution","control","dark","{""shape"":""diamond"",""min"":1,""max"":4,""requiresLineOfSight"":false}","{""shape"":""cone"",""radius"":0,""length"":4}","39","100","11","34","[{""type"":""damage""}]","swift","dark | projectile","true","ready"
"curse_breath","Curse Breath","Curse Breath","カースブレス","カースブレス","digimon_story_ds | lost_evolution | super_xros_wars","area_damage","dark","{""shape"":""diamond"",""min"":1,""max"":4,""requiresLineOfSight"":false}","{""shape"":""cone"",""radius"":0,""length"":4}","39","100","11","34","[{""type"":""damage""}]","swift","dark | breath","true","ready"
"snake_bandage","Snake Bandage","Snake Bandage","スネークバンテージ","スネークバンテージ","lost_evolution","area_damage","dark","{""shape"":""diamond"",""min"":1,""max"":4,""requiresLineOfSight"":false}","{""shape"":""cone"",""radius"":0,""length"":4}","24","100","15","34","[{""type"":""damage""},{""type"":""status"",""status"":""speed_down"",""chance"":25,""duration"":3}]","efficient","dark | projectile","false","ready"
"thousand_arrow","Thousand Arrow","Thousand Arrow","サウザンドアロー","サウザンドアロー","lost_evolution | super_xros_wars","area_damage","dark","{""shape"":""diamond"",""min"":1,""max"":4,""requiresLineOfSight"":false}","{""shape"":""cone"",""radius"":0,""length"":4}","24","100","15","34","[{""type"":""damage""},{""type"":""status"",""status"":""speed_down"",""chance"":25,""duration"":3},{""type"":""drain_hp"",""percentOfDamage"":35}]","efficient","dark | projectile","true","ready"
"soul_chopper","Soul Chopper","Soul Chopper","ソウルチョッパー","ソウルチョッパー","dawn_dusk | lost_evolution | super_xros_wars","area_damage","dark","{""shape"":""diamond"",""min"":1,""max"":4,""requiresLineOfSight"":false}","{""shape"":""cone"",""radius"":0,""length"":4}","39","100","11","34","[{""type"":""damage""}]","swift","dark | projectile","false","requires_digixros"
"grave_bone","Grave Bone","Grave Bone","グレイブボーン","グレイブボーン","dawn_dusk | lost_evolution | super_xros_wars","area_damage","dark","{""shape"":""diamond"",""min"":1,""max"":4,""requiresLineOfSight"":false}","{""shape"":""cone"",""radius"":0,""length"":4}","53","95","16","48","[{""type"":""damage""}]","potent","dark | projectile","false","requires_digixros"
"lunatic_dance","Lunatic Dance","Lunatic Dance","ルナティックダンス","ルナティックダンス","dawn_dusk | lost_evolution | super_xros_wars","area_damage","dark","{""shape"":""diamond"",""min"":1,""max"":4,""requiresLineOfSight"":false}","{""shape"":""cone"",""radius"":0,""length"":4}","53","95","16","48","[{""type"":""damage""}]","potent","dark | projectile","false","requires_digixros"
"demon_nail","Demon Nail","Demon Nail","デモンネイル","デモンネイル","lost_evolution | super_xros_wars","area_damage","dark","{""shape"":""diamond"",""min"":1,""max"":4,""requiresLineOfSight"":false}","{""shape"":""cone"",""radius"":0,""length"":4}","53","95","16","48","[{""type"":""damage""}]","potent","dark | projectile","true","ready"
"death_slash","Death Slash","Death Slash","デススラッシュ","デススラッシュ","lost_evolution | super_xros_wars","control","dark","{""shape"":""diamond"",""min"":1,""max"":4,""requiresLineOfSight"":false}","{""shape"":""cone"",""radius"":0,""length"":4}","53","100","16","48","[{""type"":""damage""}]","efficient","dark | projectile","true","ready"
"fl_inferno","FL Inferno","FL Inferno","FLインフェルノ","FLインフェルノ","lost_evolution","area_damage","dark","{""shape"":""diamond"",""min"":1,""max"":4,""requiresLineOfSight"":false}","{""shape"":""cone"",""radius"":0,""length"":4}","38","95","20","48","[{""type"":""damage""},{""type"":""status"",""status"":""def_down"",""chance"":25,""duration"":3}]","precise","dark | projectile","true","ready"
"pandemonium_ls","Pandemonium LS","Pandemonium LS","パンデモニウムLS","パンデモニウムLS","lost_evolution","area_damage","dark","{""shape"":""diamond"",""min"":1,""max"":4,""requiresLineOfSight"":false}","{""shape"":""cone"",""radius"":0,""length"":4}","53","95","16","48","[{""type"":""damage""}]","potent","dark | projectile","true","ready"
"uchikubi_gokumon","Uchikubi Gokumon","Uchikubi Gokumon","うちくびごくもん","うちくびごくもん","lost_evolution | super_xros_wars","area_damage","dark","{""shape"":""diamond"",""min"":1,""max"":4,""requiresLineOfSight"":false}","{""shape"":""cone"",""radius"":0,""length"":4}","53","95","16","48","[{""type"":""damage""}]","potent","dark | projectile","false","requires_digixros"
"double_impact","Double Impact","Double Impact","ダブルインパクト","ダブルインパクト","dawn_dusk | digimon_story_ds | lost_evolution | super_xros_wars","area_damage","dark","{""shape"":""diamond"",""min"":1,""max"":4,""requiresLineOfSight"":false}","{""shape"":""cone"",""radius"":0,""length"":4}","38","95","20","48","[{""type"":""damage""},{""type"":""status"",""status"":""atk_down"",""chance"":25,""duration"":3}]","precise","dark | projectile","false","requires_digixros"
"hell_crusher","Hell Crusher","Hell Crusher","ヘルクラッシャー","ヘルクラッシャー","lost_evolution | super_xros_wars","area_damage","dark","{""shape"":""diamond"",""min"":1,""max"":4,""requiresLineOfSight"":false}","{""shape"":""line"",""radius"":0,""length"":4}","39","100","11","34","[{""type"":""damage""}]","swift","dark | projectile","false","ready"
"genocide_gear","Genocide Gear","Genocide Gear","ジェノサイドギア","ジェノサイドギア","dawn_dusk | lost_evolution | super_xros_wars","area_damage","dark","{""shape"":""diamond"",""min"":1,""max"":4,""requiresLineOfSight"":false}","{""shape"":""line"",""radius"":0,""length"":4}","39","100","11","34","[{""type"":""damage""}]","swift","dark | projectile","false","requires_digixros"
"bloody_srm","Bloody SRM","Bloody SRM","ブラッディSRM","ブラッディSRM","lost_evolution","area_damage","dark","{""shape"":""diamond"",""min"":1,""max"":4,""requiresLineOfSight"":false}","{""shape"":""line"",""radius"":0,""length"":4}","53","95","16","48","[{""type"":""damage""},{""type"":""drain_hp"",""percentOfDamage"":35}]","potent","dark | projectile","true","ready"
"crescent_haken","Crescent Haken","Crescent Haken","クレセントハーケン","クレセントハーケン","lost_evolution | super_xros_wars","area_damage","dark","{""shape"":""diamond"",""min"":1,""max"":4,""requiresLineOfSight"":false}","{""shape"":""line"",""radius"":0,""length"":4}","53","95","16","48","[{""type"":""damage""}]","potent","dark | projectile","false","requires_digixros"
"death_arrow","Death Arrow","Death Arrow","デスアロー","デスアロー","digimon_story_ds | lost_evolution | super_xros_wars","control","dark","{""shape"":""diamond"",""min"":1,""max"":4,""requiresLineOfSight"":false}","{""shape"":""line"",""radius"":0,""length"":4}","53","100","16","48","[{""type"":""damage""}]","efficient","dark | projectile","true","ready"
"melting_bd","Melting BD","Melting BD","メルティーング・BD","メルティーング・BD","lost_evolution","area_damage","dark","{""shape"":""diamond"",""min"":1,""max"":4,""requiresLineOfSight"":false}","{""shape"":""line"",""radius"":0,""length"":4}","68","90","25","70","[{""type"":""damage""}]","potent","dark | projectile","true","ready"
"pandemonium_fl","Pandemonium FL","Pandemonium FL","パンデモニウムFL","パンデモニウムFL","lost_evolution","area_damage","dark","{""shape"":""diamond"",""min"":1,""max"":4,""requiresLineOfSight"":false}","{""shape"":""line"",""radius"":0,""length"":4}","53","90","29","70","[{""type"":""damage""},{""type"":""status"",""status"":""atk_down"",""chance"":25,""duration"":3}]","precise","dark | projectile","true","ready"
"dark_eye","Dark Eye","Dark Eye","ダークアイ","ダークアイ","lost_evolution","area_damage","dark","{""shape"":""diamond"",""min"":1,""max"":4,""requiresLineOfSight"":false}","{""shape"":""cross"",""radius"":1}","26","100","8","24","[{""type"":""damage""}]","swift","dark | projectile","true","ready"
"kunai_feathers","Kunai Feathers","Kunai Feathers","くないばね","くないばね","lost_evolution | super_xros_wars","area_damage","dark","{""shape"":""diamond"",""min"":1,""max"":4,""requiresLineOfSight"":false}","{""shape"":""cross"",""radius"":1}","22","100","16","34","[{""type"":""damage""},{""type"":""status"",""status"":""speed_down"",""chance"":25,""duration"":3}]","efficient","dark | projectile","true","ready"
"destroyed_voice","Destroyed Voice","Destroyed Voice","デストロイドボイス","デストロイドボイス","lost_evolution | super_xros_wars","area_damage","dark","{""shape"":""diamond"",""min"":1,""max"":4,""requiresLineOfSight"":false}","{""shape"":""cross"",""radius"":1}","22","100","16","34","[{""type"":""damage""},{""type"":""status"",""status"":""def_down"",""chance"":25,""duration"":3}]","efficient","dark | projectile","true","ready"
"petrifier","Petrifier","Petrifier","ペトラファイアー","ペトラファイアー","dawn_dusk | lost_evolution | super_xros_wars","area_damage","dark","{""shape"":""diamond"",""min"":1,""max"":4,""requiresLineOfSight"":false}","{""shape"":""cross"",""radius"":1}","37","100","12","34","[{""type"":""damage""}]","swift","dark | projectile","true","ready"
"poison_mist","Poison Mist","Poison Mist","ポイズンミスト","ポイズンミスト","lost_evolution | super_xros_wars","control","dark","{""shape"":""diamond"",""min"":1,""max"":4,""requiresLineOfSight"":false}","{""shape"":""cross"",""radius"":1}","37","100","12","34","[{""type"":""damage""}]","swift","dark | projectile","true","ready"
"big_bang_tackle","Big Bang Tackle","Big Bang Tackle","ビックバンタックル","ビックバンタックル","lost_evolution | super_xros_wars","area_damage","dark","{""shape"":""diamond"",""min"":1,""max"":4,""requiresLineOfSight"":false}","{""shape"":""cross"",""radius"":1}","37","100","12","34","[{""type"":""damage""}]","swift","dark | projectile","true","ready"
"necrophobia","Necrophobia","Necrophobia","ネクロフォビア","ネクロフォビア","dawn_dusk | digimon_story_ds | lost_evolution | super_xros_wars","area_damage","dark","{""shape"":""diamond"",""min"":1,""max"":4,""requiresLineOfSight"":false}","{""shape"":""cross"",""radius"":1}","37","100","12","34","[{""type"":""damage""}]","swift","dark | projectile","true","ready"
"hell_s_granade","Hell's Granade","Hell's Granade","ヘルズグレネード","ヘルズグレネード","digimon_story_ds | lost_evolution | super_xros_wars","area_damage","dark","{""shape"":""diamond"",""min"":1,""max"":4,""requiresLineOfSight"":false}","{""shape"":""cross"",""radius"":1}","37","100","12","34","[{""type"":""damage""}]","swift","dark | projectile","false","requires_digixros"
"skull_destroy","Skull Destroy","Skull Destroy","スカルデストロイ","スカルデストロイ","dawn_dusk | lost_evolution","area_damage","dark","{""shape"":""diamond"",""min"":1,""max"":4,""requiresLineOfSight"":false}","{""shape"":""cross"",""radius"":1}","37","100","12","34","[{""type"":""damage""}]","swift","dark | projectile","true","ready"
"e_nirvana","E Nirvana","E Nirvana","E・ニルヴァーナ","E・ニルヴァーナ","lost_evolution","area_damage","dark","{""shape"":""diamond"",""min"":1,""max"":4,""requiresLineOfSight"":false}","{""shape"":""cross"",""radius"":1}","37","100","12","34","[{""type"":""damage""}]","swift","dark | projectile","true","ready"
"darkness_wave","Darkness Wave","Darkness Wave","ダークネスウェーブ","ダークネスウェーブ","lost_evolution | super_xros_wars","area_damage","dark","{""shape"":""diamond"",""min"":1,""max"":4,""requiresLineOfSight"":false}","{""shape"":""cross"",""radius"":1}","22","100","16","34","[{""type"":""damage""},{""type"":""status"",""status"":""def_down"",""chance"":25,""duration"":3}]","efficient","dark | projectile","false","requires_digixros"
"nightmare_sdm","Nightmare SDM","Nightmare SDM","ナイトメアSDM","ナイトメアSDM","lost_evolution","area_damage","dark","{""shape"":""diamond"",""min"":1,""max"":4,""requiresLineOfSight"":false}","{""shape"":""cross"",""radius"":1}","37","100","12","34","[{""type"":""damage""}]","swift","dark | projectile","false","ready"
"night_raid","Night Raid","Night Raid","ナイトレイド","ナイトレイド","digimon_story_ds | lost_evolution | super_xros_wars","area_damage","dark","{""shape"":""diamond"",""min"":1,""max"":4,""requiresLineOfSight"":false}","{""shape"":""cross"",""radius"":1}","37","100","12","34","[{""type"":""damage""},{""type"":""drain_sp"",""amount"":6}]","swift","dark | projectile","true","ready"
"dead_or_alive","Dead or Alive","Dead or Alive","デッドオアアライブ","デッドオアアライブ","lost_evolution | super_xros_wars","area_damage","dark","{""shape"":""diamond"",""min"":1,""max"":4,""requiresLineOfSight"":false}","{""shape"":""cross"",""radius"":1}","50","95","17","48","[{""type"":""damage""}]","precise","dark | projectile","true","ready"
"death_cannon","Death Cannon","Death Cannon","デスキャノン","デスキャノン","dawn_dusk | lost_evolution | super_xros_wars","control","dark","{""shape"":""diamond"",""min"":1,""max"":4,""requiresLineOfSight"":false}","{""shape"":""cross"",""radius"":1}","50","100","17","48","[{""type"":""damage""}]","efficient","dark | projectile","false","ready"
"chaos_eye","Chaos Eye","Chaos Eye","カオスアイ","カオスアイ","lost_evolution | super_xros_wars","area_damage","dark","{""shape"":""diamond"",""min"":1,""max"":4,""requiresLineOfSight"":false}","{""shape"":""cross"",""radius"":1}","50","95","17","48","[{""type"":""damage""}]","precise","dark | projectile","true","ready"
"distortion_l","Distortion L","Distortion L","ディストーションL","ディストーションL","lost_evolution","area_damage","dark","{""shape"":""diamond"",""min"":1,""max"":4,""requiresLineOfSight"":false}","{""shape"":""cross"",""radius"":1}","35","95","21","48","[{""type"":""damage""},{""type"":""status"",""status"":""speed_down"",""chance"":25,""duration"":3}]","precise","dark | projectile","true","ready"
"b_death_cloud","B Death Cloud","B Death Cloud","Bデスクラウド","Bデスクラウド","lost_evolution","control","dark","{""shape"":""diamond"",""min"":1,""max"":4,""requiresLineOfSight"":false}","{""shape"":""cross"",""radius"":1}","50","100","17","48","[{""type"":""damage""}]","efficient","dark | projectile","false","ready"
"mega_death","Mega Death","Mega Death","メガデス","メガデス","digimon_story_ds | lost_evolution | super_xros_wars","control","dark","{""shape"":""diamond"",""min"":1,""max"":4,""requiresLineOfSight"":false}","{""shape"":""cross"",""radius"":1}","50","100","17","48","[{""type"":""damage""},{""type"":""status"",""status"":""speed_down"",""chance"":40,""duration"":3}]","efficient","dark | projectile","false","requires_digixros"
"vn_infuse","VN Infuse","VN Infuse","VNインフューズ","VNインフューズ","dawn_dusk | lost_evolution","area_damage","dark","{""shape"":""diamond"",""min"":1,""max"":4,""requiresLineOfSight"":false}","{""shape"":""cross"",""radius"":1}","50","95","17","48","[{""type"":""damage""}]","precise","dark | projectile","true","ready"
"necro_mist","Necro Mist","Necro Mist","ネクロミスト","ネクロミスト","dawn_dusk | lost_evolution | super_xros_wars","area_damage","dark","{""shape"":""diamond"",""min"":1,""max"":4,""requiresLineOfSight"":false}","{""shape"":""cross"",""radius"":1}","50","95","17","48","[{""type"":""damage""},{""type"":""drain_hp"",""percentOfDamage"":35}]","precise","dark | projectile","false","requires_digixros"
"catastrophic_c","Catastrophic C","Catastrophic C","カタストロフィーC","カタストロフィーC","lost_evolution","area_damage","dark","{""shape"":""diamond"",""min"":1,""max"":4,""requiresLineOfSight"":false}","{""shape"":""cross"",""radius"":1}","50","95","17","48","[{""type"":""damage""}]","precise","dark | projectile","true","ready"
"phantom_pain","Phantom Pain","Phantom Pain","ファントムペイン","ファントムペイン","dawn_dusk | lost_evolution | super_xros_wars","area_damage","dark","{""shape"":""diamond"",""min"":1,""max"":4,""requiresLineOfSight"":false}","{""shape"":""cross"",""radius"":1}","50","95","17","48","[{""type"":""damage""}]","precise","dark | projectile","true","ready"
"t_unlimited","T Unlimited","T Unlimited","Tアンリミテッド","Tアンリミテッド","dawn_dusk | lost_evolution","area_damage","dark","{""shape"":""diamond"",""min"":1,""max"":4,""requiresLineOfSight"":false}","{""shape"":""cross"",""radius"":1}","50","95","17","48","[{""type"":""damage""}]","precise","dark | projectile","true","ready"
"laplace_s_demon","Laplace's Demon","Laplace's Demon","ラプラスのま","ラプラスのま","lost_evolution | super_xros_wars","area_damage","dark","{""shape"":""diamond"",""min"":1,""max"":4,""requiresLineOfSight"":false}","{""shape"":""cross"",""radius"":1}","50","95","17","48","[{""type"":""damage""}]","precise","dark | projectile","false","requires_digixros"
"dm_destroyer","DM Destroyer","DM Destroyer","DMデストロイヤー","DMデストロイヤー","lost_evolution","area_damage","dark","{""shape"":""diamond"",""min"":1,""max"":4,""requiresLineOfSight"":false}","{""shape"":""cross"",""radius"":1}","50","95","17","48","[{""type"":""damage""}]","precise","dark | projectile","true","ready"
"necro_eclipse","Necro Eclipse","Necro Eclipse","ネクロエクリプス","ネクロエクリプス","lost_evolution | super_xros_wars","area_damage","dark","{""shape"":""diamond"",""min"":1,""max"":4,""requiresLineOfSight"":false}","{""shape"":""cross"",""radius"":1}","50","95","17","48","[{""type"":""damage""}]","precise","dark | projectile","false","requires_digixros"
"death_crystal","Death・Crystal","Death・Crystal","デス・クリスタル","デス・クリスタル","lost_evolution | super_xros_wars","control","dark","{""shape"":""diamond"",""min"":1,""max"":4,""requiresLineOfSight"":false}","{""shape"":""cross"",""radius"":1}","50","100","17","48","[{""type"":""damage""}]","efficient","dark | projectile","false","requires_digixros"
"judecca_prision","Judecca Prision","Judecca Prision","ジュデッカプリズム","ジュデッカプリズム","lost_evolution","area_damage","dark","{""shape"":""diamond"",""min"":1,""max"":4,""requiresLineOfSight"":false}","{""shape"":""cross"",""radius"":1}","50","95","17","48","[{""type"":""damage""}]","precise","dark | projectile","true","ready"
"destroy_cannon","Destroy Cannon","Destroy Cannon","デストロイキャノン","デストロイキャノン","lost_evolution","area_damage","dark","{""shape"":""diamond"",""min"":1,""max"":4,""requiresLineOfSight"":false}","{""shape"":""cross"",""radius"":1}","64","90","26","70","[{""type"":""damage""}]","precise","dark | projectile","true","ready"
"musou_tenshou","Musou Tenshou","Musou Tenshou","むそうてんしょう","むそうてんしょう","lost_evolution","area_damage","dark","{""shape"":""diamond"",""min"":1,""max"":4,""requiresLineOfSight"":false}","{""shape"":""cross"",""radius"":1}","49","90","30","70","[{""type"":""damage""},{""type"":""status"",""status"":""speed_down"",""chance"":25,""duration"":3}]","precise","dark | projectile","true","ready"
"dark_prominence","Dark Prominence","Dark Prominence","ダークプロミネンス","ダークプロミネンス","lost_evolution | super_xros_wars","area_damage","dark","{""shape"":""diamond"",""min"":1,""max"":4,""requiresLineOfSight"":false}","{""shape"":""cross"",""radius"":1}","64","90","26","70","[{""type"":""damage""}]","precise","dark | projectile","true","ready"
"chaos_flare","Chaos Flare","Chaos Flare","カオスフレア","カオスフレア","dawn_dusk | lost_evolution | super_xros_wars","area_damage","dark","{""shape"":""diamond"",""min"":1,""max"":4,""requiresLineOfSight"":false}","{""shape"":""cross"",""radius"":1}","49","90","30","70","[{""type"":""damage""},{""type"":""status"",""status"":""def_down"",""chance"":25,""duration"":3}]","precise","dark | projectile","true","ready"
"black_rain","Black Rain","Black Rain","ブラックレイン","ブラックレイン","lost_evolution | super_xros_wars","area_damage","dark","{""shape"":""diamond"",""min"":1,""max"":4,""requiresLineOfSight"":false}","{""shape"":""line"",""radius"":0,""length"":4}","53","90","29","70","[{""type"":""damage""},{""type"":""status"",""status"":""def_down"",""chance"":25,""duration"":3}]","precise","dark | projectile","true","ready"
"enigma","Enigma","Enigma","エニグマ","エニグマ","dawn_dusk | lost_evolution | super_xros_wars","area_damage","dark","{""shape"":""diamond"",""min"":1,""max"":4,""requiresLineOfSight"":false}","{""shape"":""cross"",""radius"":1}","37","100","12","34","[{""type"":""damage""}]","swift","dark | projectile","true","ready"
"dark_whisper","Dark Whisper","Dark Whisper","やみのささやき","やみのささやき","dawn_dusk | lost_evolution | super_xros_wars","area_damage","dark","{""shape"":""diamond"",""min"":1,""max"":4,""requiresLineOfSight"":false}","{""shape"":""cross"",""radius"":1}","37","100","12","34","[{""type"":""damage""}]","swift","dark | projectile","true","ready"
"trump_sword","Trump Sword","Trump Sword","トランプソード","トランプソード","dawn_dusk | digimon_story_ds | lost_evolution | super_xros_wars","area_damage","dark","{""shape"":""diamond"",""min"":1,""max"":4,""requiresLineOfSight"":false}","{""shape"":""cross"",""radius"":1}","50","95","17","48","[{""type"":""damage""}]","precise","dark | projectile","false","requires_digixros"
"data_crusher","Data Crusher","Data Crusher","データクラッシャー","データクラッシャー","dawn_dusk | digimon_story_ds | lost_evolution | super_xros_wars","area_damage","dark","{""shape"":""diamond"",""min"":1,""max"":3,""requiresLineOfSight"":false}","{""shape"":""diamond"",""radius"":1}","37","100","12","34","[{""type"":""damage""},{""type"":""drain_sp"",""amount"":6}]","swift","dark | projectile","false","requires_digixros"
"goodnight_moon","Goodnight Moon","Goodnight Moon","グッドナイトムーン","グッドナイトムーン","lost_evolution","area_damage","dark","{""shape"":""diamond"",""min"":1,""max"":5,""requiresLineOfSight"":false}","{""shape"":""diamond"",""radius"":2}","30","100","16","46","[{""type"":""damage""}]","efficient","dark | projectile","true","ready"
"pandora_dlg","Pandora DLG","Pandora DLG","パンドーラDLG","パンドーラDLG","lost_evolution","area_damage","dark","{""shape"":""diamond"",""min"":1,""max"":5,""requiresLineOfSight"":false}","{""shape"":""diamond"",""radius"":2}","30","100","16","46","[{""type"":""damage""}]","efficient","dark | projectile","true","ready"
"gravity_ball","Gravity Ball","Gravity Ball","グラビティボール","グラビティボール","lost_evolution | super_xros_wars","area_damage","dark","{""shape"":""diamond"",""min"":1,""max"":5,""requiresLineOfSight"":false}","{""shape"":""diamond"",""radius"":2}","15","100","20","46","[{""type"":""damage""},{""type"":""status"",""status"":""speed_down"",""chance"":25,""duration"":3}]","efficient","dark | projectile","false","ready"
"gaia_force_d","Gaia Force D","Gaia Force D","ガイアフォースD","ガイアフォースD","lost_evolution","area_damage","dark","{""shape"":""diamond"",""min"":1,""max"":5,""requiresLineOfSight"":false}","{""shape"":""diamond"",""radius"":2}","40","95","21","60","[{""type"":""damage""}]","precise","dark | projectile","true","ready"
"behemoth","Behemoth","Behemoth","ベヒーモス","ベヒーモス","lost_evolution | super_xros_wars","area_damage","dark","{""shape"":""diamond"",""min"":1,""max"":5,""requiresLineOfSight"":false}","{""shape"":""diamond"",""radius"":2}","40","95","21","60","[{""type"":""damage""}]","precise","dark | projectile","true","ready"
"eye_of_the_gorgon","Eye of the Gorgon","Eye of the Gorgon","アイオブザゴーゴン","アイオブザゴーゴン","lost_evolution | super_xros_wars","area_damage","dark","{""shape"":""diamond"",""min"":1,""max"":5,""requiresLineOfSight"":false}","{""shape"":""diamond"",""radius"":2}","40","95","21","60","[{""type"":""damage""}]","precise","dark | projectile","true","ready"
"ernste_welle","Ernste Welle","Ernste Welle","エルンストウェル","エルンストウェル","lost_evolution | super_xros_wars","area_damage","dark","{""shape"":""diamond"",""min"":1,""max"":5,""requiresLineOfSight"":false}","{""shape"":""diamond"",""radius"":2}","25","95","25","60","[{""type"":""damage""},{""type"":""status"",""status"":""speed_down"",""chance"":25,""duration"":3}]","precise","dark | projectile","true","ready"
"torrid_weiss","Torrid Weiss","Torrid Weiss","トリッドヴァイス","トリッドヴァイス","dawn_dusk | lost_evolution | super_xros_wars","area_damage","dark","{""shape"":""diamond"",""min"":1,""max"":5,""requiresLineOfSight"":false}","{""shape"":""diamond"",""radius"":2}","40","95","21","60","[{""type"":""damage""}]","precise","dark | projectile","false","requires_digixros"
"t_destroyer","T Destroyer","T Destroyer","Tデストロイヤー","Tデストロイヤー","dawn_dusk | lost_evolution","area_damage","dark","{""shape"":""diamond"",""min"":1,""max"":5,""requiresLineOfSight"":false}","{""shape"":""diamond"",""radius"":2}","40","95","21","60","[{""type"":""damage""}]","precise","dark | projectile","true","ready"
"darkness_zone","Darkness Zone","Darkness Zone","ダークネスゾーン","ダークネスゾーン","digimon_story_ds | lost_evolution | super_xros_wars","area_damage","dark","{""shape"":""diamond"",""min"":1,""max"":5,""requiresLineOfSight"":false}","{""shape"":""diamond"",""radius"":2}","52","90","30","82","[{""type"":""damage""}]","precise","dark | projectile","false","requires_digixros"
"hard_bubbles","Hard Bubbles","Hard Bubbles","かたいアワ","かたいアワ","lost_evolution","striker","earth","{""shape"":""diamond"",""min"":1,""max"":3,""requiresLineOfSight"":false}","{""shape"":""single"",""radius"":0}","32","100","4","24","[{""type"":""damage""}]","swift","earth | melee","true","ready"
"body_blow","Body Blow","Body Blow","たいあたり","たいあたり","digimon_story_ds | lost_evolution | super_xros_wars","striker","earth","{""shape"":""diamond"",""min"":1,""max"":3,""requiresLineOfSight"":false}","{""shape"":""single"",""radius"":0}","32","100","4","24","[{""type"":""damage""}]","swift","earth | melee","false","ready"
"petit_cutter","Petit Cutter","Petit Cutter","プチカッター","プチカッター","lost_evolution","striker","earth","{""shape"":""diamond"",""min"":1,""max"":3,""requiresLineOfSight"":false}","{""shape"":""single"",""radius"":0}","32","100","4","24","[{""type"":""damage""}]","swift","earth | melee","false","ready"
"sharp_claws","Sharp Claws","Sharp Claws","するどいツメ","するどいツメ","lost_evolution | super_xros_wars","striker","earth","{""shape"":""diamond"",""min"":1,""max"":3,""requiresLineOfSight"":false}","{""shape"":""single"",""radius"":0}","32","100","4","24","[{""type"":""damage""}]","swift","earth | melee","false","ready"
"bite","Bite","Bite","かみつき","かみつき","lost_evolution | super_xros_wars","striker","earth","{""shape"":""diamond"",""min"":1,""max"":3,""requiresLineOfSight"":false}","{""shape"":""single"",""radius"":0}","17","100","8","24","[{""type"":""damage""},{""type"":""status"",""status"":""def_down"",""chance"":25,""duration"":3}]","reliable_effect","earth | melee","false","ready"
"light_tackle","Light Tackle","Light Tackle","ライトタックル","ライトタックル","dawn_dusk | lost_evolution","striker","earth","{""shape"":""diamond"",""min"":1,""max"":3,""requiresLineOfSight"":false}","{""shape"":""single"",""radius"":0}","32","100","4","24","[{""type"":""damage""}]","swift","earth | melee","false","ready"
"angry_rock","Angry Rock","Angry Rock","アングリーロック","アングリーロック","dawn_dusk | lost_evolution | super_xros_wars","striker","earth","{""shape"":""diamond"",""min"":1,""max"":3,""requiresLineOfSight"":false}","{""shape"":""single"",""radius"":0}","17","100","8","24","[{""type"":""damage""},{""type"":""status"",""status"":""speed_down"",""chance"":25,""duration"":3}]","reliable_effect","earth | melee","true","ready"
"veemon_head","Veemon Head","Veemon Head","ブイモンヘット","ブイモンヘット","lost_evolution","striker","earth","{""shape"":""diamond"",""min"":1,""max"":3,""requiresLineOfSight"":false}","{""shape"":""single"",""radius"":0}","17","100","8","24","[{""type"":""damage""},{""type"":""status"",""status"":""def_down"",""chance"":25,""duration"":3}]","reliable_effect","earth | melee","true","ready"
"feather_slash","Feather Slash","Feather Slash","フェザースラッシュ","フェザースラッシュ","digimon_story_ds | lost_evolution | super_xros_wars","striker","earth","{""shape"":""diamond"",""min"":1,""max"":3,""requiresLineOfSight"":false}","{""shape"":""single"",""radius"":0}","17","100","8","24","[{""type"":""damage""},{""type"":""status"",""status"":""def_down"",""chance"":25,""duration"":3}]","reliable_effect","earth | melee","true","ready"
"petit_metal","Petit Metal","Petit Metal","プチメタル","プチメタル","lost_evolution | super_xros_wars","striker","earth","{""shape"":""diamond"",""min"":1,""max"":3,""requiresLineOfSight"":false}","{""shape"":""single"",""radius"":0}","17","100","8","24","[{""type"":""damage""},{""type"":""status"",""status"":""atk_down"",""chance"":25,""duration"":3}]","reliable_effect","earth | melee","true","ready"
"power_fang","Power Fang","Power Fang","パワーファング","パワーファング","lost_evolution | super_xros_wars","striker","earth","{""shape"":""diamond"",""min"":1,""max"":3,""requiresLineOfSight"":false}","{""shape"":""single"",""radius"":0}","31","100","12","34","[{""type"":""damage""},{""type"":""status"",""status"":""def_down"",""chance"":25,""duration"":3}]","reliable_effect","earth | melee","false","ready"
"cross_cutter","Cross Cutter","Cross Cutter","クロスカッター","クロスカッター","dawn_dusk | lost_evolution | super_xros_wars","striker","earth","{""shape"":""diamond"",""min"":1,""max"":3,""requiresLineOfSight"":false}","{""shape"":""single"",""radius"":0}","46","100","8","34","[{""type"":""damage""}]","swift","earth | melee","false","ready"
"comet_hammer","Comet Hammer","Comet Hammer","コメットハンマー","コメットハンマー","lost_evolution | super_xros_wars","striker","earth","{""shape"":""diamond"",""min"":1,""max"":3,""requiresLineOfSight"":false}","{""shape"":""single"",""radius"":0}","46","100","8","34","[{""type"":""damage""}]","swift","earth | melee","true","ready"
"soulful_kick","Soulful Kick","Soulful Kick","ソウルフルキック","ソウルフルキック","dawn_dusk | lost_evolution | super_xros_wars","striker","earth","{""shape"":""diamond"",""min"":1,""max"":3,""requiresLineOfSight"":false}","{""shape"":""single"",""radius"":0}","31","100","12","34","[{""type"":""damage""},{""type"":""status"",""status"":""def_down"",""chance"":25,""duration"":3}]","reliable_effect","earth | melee","false","ready"
"ambush_crh","Ambush CRH","Ambush CRH","アンブッシュCRH","アンブッシュCRH","lost_evolution","striker","earth","{""shape"":""diamond"",""min"":1,""max"":3,""requiresLineOfSight"":false}","{""shape"":""single"",""radius"":0}","31","100","12","34","[{""type"":""damage""},{""type"":""status"",""status"":""def_down"",""chance"":25,""duration"":3}]","reliable_effect","earth | melee","true","ready"
"power_metal","Power Metal","Power Metal","パワーメタル","パワーメタル","digimon_story_ds | lost_evolution | super_xros_wars","striker","earth","{""shape"":""diamond"",""min"":1,""max"":3,""requiresLineOfSight"":false}","{""shape"":""single"",""radius"":0}","31","100","12","34","[{""type"":""damage""},{""type"":""status"",""status"":""atk_down"",""chance"":25,""duration"":3}]","reliable_effect","earth | melee","false","requires_digixros"
"crazy_crane","Crazy Crane","Crazy Crane","クレイジークレーン","クレイジークレーン","dawn_dusk | lost_evolution | super_xros_wars","striker","earth","{""shape"":""diamond"",""min"":1,""max"":3,""requiresLineOfSight"":false}","{""shape"":""single"",""radius"":0}","46","100","8","34","[{""type"":""damage""}]","swift","earth | melee","true","ready"
"kusanagi","Kusanagi","Kusanagi","くさなぎ","くさなぎ","dawn_dusk | lost_evolution | super_xros_wars","striker","earth","{""shape"":""diamond"",""min"":1,""max"":3,""requiresLineOfSight"":false}","{""shape"":""single"",""radius"":0}","46","100","8","34","[{""type"":""damage""}]","swift","earth | melee","false","ready"
"gale_kick","Gale Kick","Gale Kick","ゲイルキック","ゲイルキック","lost_evolution | super_xros_wars","striker","earth","{""shape"":""diamond"",""min"":1,""max"":3,""requiresLineOfSight"":false}","{""shape"":""single"",""radius"":0}","31","100","12","34","[{""type"":""damage""},{""type"":""status"",""status"":""atk_down"",""chance"":25,""duration"":3}]","reliable_effect","earth | melee","false","ready"
"terror_fang","Terror Fang","Terror Fang","テラーファング","テラーファング","lost_evolution | super_xros_wars","striker","earth","{""shape"":""diamond"",""min"":1,""max"":3,""requiresLineOfSight"":false}","{""shape"":""single"",""radius"":0}","31","100","12","34","[{""type"":""damage""},{""type"":""status"",""status"":""def_down"",""chance"":25,""duration"":3}]","reliable_effect","earth | melee","false","ready"
"kaiser_nail","Kaiser Nail","Kaiser Nail","カイザーネイル","カイザーネイル","digimon_story_ds | lost_evolution | super_xros_wars","striker","earth","{""shape"":""diamond"",""min"":1,""max"":3,""requiresLineOfSight"":false}","{""shape"":""single"",""radius"":0}","47","95","17","48","[{""type"":""damage""},{""type"":""status"",""status"":""atk_down"",""chance"":25,""duration"":3}]","precise","earth | melee","false","requires_digixros"
"met_lariat","Met Lariat","Met Lariat","メットラリアット","メットラリアット","dawn_dusk | lost_evolution | super_xros_wars","striker","earth","{""shape"":""diamond"",""min"":1,""max"":3,""requiresLineOfSight"":false}","{""shape"":""single"",""radius"":0}","47","95","17","48","[{""type"":""damage""},{""type"":""status"",""status"":""def_down"",""chance"":25,""duration"":3}]","precise","earth | melee","false","ready"
"gaoga_tornado","Gaoga Tornado","Gaoga Tornado","ガオガトルネード","ガオガトルネード","lost_evolution | super_xros_wars","striker","earth","{""shape"":""diamond"",""min"":1,""max"":3,""requiresLineOfSight"":false}","{""shape"":""single"",""radius"":0}","47","95","17","48","[{""type"":""damage""},{""type"":""status"",""status"":""atk_down"",""chance"":25,""duration"":3}]","precise","earth | melee","false","requires_digixros"
"fang_of_desperation","Fang of Desperation","Fang of Desperation","ぜつぼうのキバ","ぜつぼうのキバ","lost_evolution","striker","earth","{""shape"":""diamond"",""min"":1,""max"":3,""requiresLineOfSight"":false}","{""shape"":""single"",""radius"":0}","47","95","17","48","[{""type"":""damage""},{""type"":""status"",""status"":""def_down"",""chance"":25,""duration"":3}]","precise","earth | melee","true","ready"
"gale_claw","Gale Claw","Gale Claw","ゲイルクロー","ゲイルクロー","dawn_dusk | lost_evolution | super_xros_wars","striker","earth","{""shape"":""diamond"",""min"":1,""max"":3,""requiresLineOfSight"":false}","{""shape"":""single"",""radius"":0}","62","95","13","48","[{""type"":""damage""}]","potent","earth | melee","false","ready"
"strike_roll","Strike Roll","Strike Roll","ストライクロール","ストライクロール","dawn_dusk | lost_evolution | super_xros_wars","striker","earth","{""shape"":""diamond"",""min"":1,""max"":3,""requiresLineOfSight"":false}","{""shape"":""single"",""radius"":0}","62","95","13","48","[{""type"":""damage""}]","potent","earth | melee","false","requires_digixros"
"atomic_bomber","Atomic Bomber","Atomic Bomber","アトミックボンバー","アトミックボンバー","lost_evolution | super_xros_wars","striker","earth","{""shape"":""diamond"",""min"":1,""max"":3,""requiresLineOfSight"":false}","{""shape"":""single"",""radius"":0}","80","90","22","70","[{""type"":""damage""}]","potent","earth | melee","true","ready"
"gatling_punch","Gatling Punch","Gatling Punch","ガトリングパンチ","ガトリングパンチ","dawn_dusk | lost_evolution | super_xros_wars","area_damage","earth","{""shape"":""diamond"",""min"":1,""max"":4,""requiresLineOfSight"":false}","{""shape"":""cone"",""radius"":0,""length"":4}","27","100","7","24","[{""type"":""damage""}]","swift","earth | projectile","false","ready"
"metal_star","Metal Star","Metal Star","メタルスター","メタルスター","dawn_dusk | lost_evolution | super_xros_wars","area_damage","earth","{""shape"":""diamond"",""min"":1,""max"":4,""requiresLineOfSight"":false}","{""shape"":""cone"",""radius"":0,""length"":4}","27","100","7","24","[{""type"":""damage""}]","swift","earth | projectile","true","ready"
"blade_claw","Blade Claw","Blade Claw","やいばのツメ","やいばのツメ","lost_evolution | super_xros_wars","area_damage","earth","{""shape"":""diamond"",""min"":1,""max"":4,""requiresLineOfSight"":false}","{""shape"":""cone"",""radius"":0,""length"":4}","39","100","11","34","[{""type"":""damage""}]","swift","earth | projectile","false","ready"
"powerful_punch","Powerful Punch","Powerful Punch","パワフルパンチ","パワフルパンチ","lost_evolution | super_xros_wars","area_damage","earth","{""shape"":""diamond"",""min"":1,""max"":4,""requiresLineOfSight"":false}","{""shape"":""cone"",""radius"":0,""length"":4}","39","100","11","34","[{""type"":""damage""}]","swift","earth | projectile","true","ready"
"tsubame_nimai_gaeshi","Tsubame Nimai Gaeshi","Tsubame Nimai Gaeshi","ツバメにまいがえし","ツバメにまいがえし","lost_evolution | super_xros_wars","area_damage","earth","{""shape"":""diamond"",""min"":1,""max"":4,""requiresLineOfSight"":false}","{""shape"":""cone"",""radius"":0,""length"":4}","39","100","11","34","[{""type"":""damage""}]","swift","earth | projectile","false","requires_digixros"
"shishioumaru","Shishioumaru","Shishioumaru","ししおうまる","ししおうまる","lost_evolution | super_xros_wars","area_damage","earth","{""shape"":""diamond"",""min"":1,""max"":4,""requiresLineOfSight"":false}","{""shape"":""cone"",""radius"":0,""length"":4}","39","100","11","34","[{""type"":""damage""}]","swift","earth | projectile","true","ready"
"jyuuouken","Jyuuouken","Jyuuouken","じゅうおうけん","じゅうおうけん","digimon_story_ds | lost_evolution | super_xros_wars","area_damage","earth","{""shape"":""diamond"",""min"":1,""max"":4,""requiresLineOfSight"":false}","{""shape"":""cone"",""radius"":0,""length"":4}","24","100","15","34","[{""type"":""damage""},{""type"":""status"",""status"":""atk_down"",""chance"":25,""duration"":3}]","efficient","earth | projectile","false","requires_digixros"
"power_cutter","Power Cutter","Power Cutter","パワーカッター","パワーカッター","dawn_dusk | lost_evolution","area_damage","earth","{""shape"":""diamond"",""min"":1,""max"":4,""requiresLineOfSight"":false}","{""shape"":""cone"",""radius"":0,""length"":4}","39","100","11","34","[{""type"":""damage""}]","swift","earth | projectile","false","ready"
"wd_nail_rush","WD Nail Rush","WD Nail Rush","WDネイルラッシュ","WDネイルラッシュ","lost_evolution","area_damage","earth","{""shape"":""diamond"",""min"":1,""max"":4,""requiresLineOfSight"":false}","{""shape"":""cone"",""radius"":0,""length"":4}","39","100","11","34","[{""type"":""damage""}]","swift","earth | projectile","true","ready"
"winning_punch","Winning Punch","Winning Punch","ウイニングパンチ","ウイニングパンチ","dawn_dusk | lost_evolution | super_xros_wars","area_damage","earth","{""shape"":""diamond"",""min"":1,""max"":4,""requiresLineOfSight"":false}","{""shape"":""cone"",""radius"":0,""length"":4}","24","100","15","34","[{""type"":""damage""},{""type"":""status"",""status"":""speed_down"",""chance"":25,""duration"":3}]","efficient","earth | projectile","false","ready"
"shippuu_no_tsume","Shippuu no Tsume","Shippuu no Tsume","しっぷうのツメ","しっぷうのツメ","lost_evolution | super_xros_wars","area_damage","earth","{""shape"":""diamond"",""min"":1,""max"":4,""requiresLineOfSight"":false}","{""shape"":""cone"",""radius"":0,""length"":4}","24","100","15","34","[{""type"":""damage""},{""type"":""status"",""status"":""def_down"",""chance"":25,""duration"":3}]","efficient","earth | projectile","false","ready"
"animal_nail","Animal Nail","Animal Nail","アニマルネイル","アニマルネイル","dawn_dusk | lost_evolution | super_xros_wars","area_damage","earth","{""shape"":""diamond"",""min"":1,""max"":4,""requiresLineOfSight"":false}","{""shape"":""cone"",""radius"":0,""length"":4}","39","100","11","34","[{""type"":""damage""}]","swift","earth | projectile","false","requires_digixros"
"shishi_juuhazan","Shishi Juuhazan","Shishi Juuhazan","ししじゅうはざん","ししじゅうはざん","lost_evolution | super_xros_wars","area_damage","earth","{""shape"":""diamond"",""min"":1,""max"":4,""requiresLineOfSight"":false}","{""shape"":""cone"",""radius"":0,""length"":4}","24","100","15","34","[{""type"":""damage""},{""type"":""status"",""status"":""speed_down"",""chance"":25,""duration"":3}]","efficient","earth | projectile","false","requires_digixros"
"esgrima","Esgrima","Esgrima","エスグリーマ","エスグリーマ","lost_evolution | super_xros_wars","area_damage","earth","{""shape"":""diamond"",""min"":1,""max"":4,""requiresLineOfSight"":false}","{""shape"":""cone"",""radius"":0,""length"":4}","38","95","20","48","[{""type"":""damage""},{""type"":""status"",""status"":""def_down"",""chance"":25,""duration"":3}]","precise","earth | projectile","false","ready"
"king_s_claw","King's Claw","King's Claw","おうじゃのツメ","おうじゃのツメ","lost_evolution | super_xros_wars","area_damage","earth","{""shape"":""diamond"",""min"":1,""max"":4,""requiresLineOfSight"":false}","{""shape"":""cone"",""radius"":0,""length"":4}","38","95","20","48","[{""type"":""damage""},{""type"":""status"",""status"":""def_down"",""chance"":25,""duration"":3}]","precise","earth | projectile","false","ready"
"tomahawk_stn","Tomahawk STN","Tomahawk STN","トマホークSTN","トマホークSTN","lost_evolution","area_damage","earth","{""shape"":""diamond"",""min"":1,""max"":4,""requiresLineOfSight"":false}","{""shape"":""cone"",""radius"":0,""length"":4}","53","95","16","48","[{""type"":""damage""}]","potent","earth | projectile","true","ready"
"shishi_raouzan","Shishi Raouzan","Shishi Raouzan","ししらおうざん","ししらおうざん","lost_evolution | super_xros_wars","area_damage","earth","{""shape"":""diamond"",""min"":1,""max"":4,""requiresLineOfSight"":false}","{""shape"":""cone"",""radius"":0,""length"":4}","53","95","16","48","[{""type"":""damage""}]","potent","earth | projectile","true","ready"
"nail_crusher","Nail Crusher","Nail Crusher","ネイルクラッシャー","ネイルクラッシャー","digimon_story_ds | lost_evolution | super_xros_wars","area_damage","earth","{""shape"":""diamond"",""min"":1,""max"":4,""requiresLineOfSight"":false}","{""shape"":""cone"",""radius"":0,""length"":4}","38","95","20","48","[{""type"":""damage""},{""type"":""status"",""status"":""def_down"",""chance"":25,""duration"":3}]","precise","earth | projectile","false","ready"
"tekkousou","Tekkousou","Tekkousou","てっこうそう","てっこうそう","lost_evolution | super_xros_wars","area_damage","earth","{""shape"":""diamond"",""min"":1,""max"":4,""requiresLineOfSight"":false}","{""shape"":""cone"",""radius"":0,""length"":4}","53","90","29","70","[{""type"":""damage""},{""type"":""status"",""status"":""def_down"",""chance"":25,""duration"":3}]","precise","earth | projectile","true","ready"
"jyuuouken_bs","Jyuuouken BS","Jyuuouken BS","じゅうおうけんBS","じゅうおうけんBS","lost_evolution","area_damage","earth","{""shape"":""diamond"",""min"":1,""max"":4,""requiresLineOfSight"":false}","{""shape"":""cone"",""radius"":0,""length"":4}","53","90","29","70","[{""type"":""damage""},{""type"":""status"",""status"":""atk_down"",""chance"":25,""duration"":3}]","precise","earth | projectile","true","ready"
"middle_tackle","Middle Tackle","Middle Tackle","ミドルタックル","ミドルタックル","dawn_dusk | lost_evolution | super_xros_wars","area_damage","earth","{""shape"":""diamond"",""min"":1,""max"":4,""requiresLineOfSight"":false}","{""shape"":""cross"",""radius"":1}","26","100","8","24","[{""type"":""damage""}]","swift","earth | projectile","false","ready"
"megaton_press","Megaton Press","Megaton Press","メガトンプレス","メガトンプレス","dawn_dusk | lost_evolution | super_xros_wars","area_damage","earth","{""shape"":""diamond"",""min"":1,""max"":4,""requiresLineOfSight"":false}","{""shape"":""cross"",""radius"":1}","37","100","12","34","[{""type"":""damage""}]","swift","earth | projectile","false","requires_digixros"
"haouken","Haouken","Haouken","はおうけん","はおうけん","lost_evolution | super_xros_wars","area_damage","earth","{""shape"":""diamond"",""min"":1,""max"":4,""requiresLineOfSight"":false}","{""shape"":""cross"",""radius"":1}","37","100","12","34","[{""type"":""damage""}]","swift","earth | projectile","false","ready"
"heavy_tackle","Heavy Tackle","Heavy Tackle","ヘビータックル","ヘビータックル","dawn_dusk | lost_evolution | super_xros_wars","area_damage","earth","{""shape"":""diamond"",""min"":1,""max"":4,""requiresLineOfSight"":false}","{""shape"":""cross"",""radius"":1}","37","100","12","34","[{""type"":""damage""}]","swift","earth | projectile","true","ready"
"sand_shower","Sand Shower","Sand Shower","すなシャワー","すなシャワー","lost_evolution | super_xros_wars","area_damage","earth","{""shape"":""diamond"",""min"":1,""max"":4,""requiresLineOfSight"":false}","{""shape"":""cross"",""radius"":1}","22","100","16","34","[{""type"":""damage""},{""type"":""status"",""status"":""speed_down"",""chance"":25,""duration"":3}]","efficient","earth | projectile","false","ready"
"metal_meteor","Metal Meteor","Metal Meteor","メタルメテオ","メタルメテオ","dawn_dusk | lost_evolution | super_xros_wars","area_damage","earth","{""shape"":""diamond"",""min"":1,""max"":4,""requiresLineOfSight"":false}","{""shape"":""cross"",""radius"":1}","22","100","16","34","[{""type"":""damage""},{""type"":""status"",""status"":""atk_down"",""chance"":25,""duration"":3}]","efficient","earth | projectile","false","requires_digixros"
"crusher_punch","Crusher Punch","Crusher Punch","クラッシャーパンチ","クラッシャーパンチ","lost_evolution | super_xros_wars","area_damage","earth","{""shape"":""diamond"",""min"":1,""max"":4,""requiresLineOfSight"":false}","{""shape"":""cross"",""radius"":1}","35","95","21","48","[{""type"":""damage""},{""type"":""status"",""status"":""speed_down"",""chance"":25,""duration"":3}]","precise","earth | projectile","true","ready"
"thousand_fist","Thousand Fist","Thousand Fist","サウザンドフィスト","サウザンドフィスト","dawn_dusk | lost_evolution | super_xros_wars","area_damage","earth","{""shape"":""diamond"",""min"":1,""max"":4,""requiresLineOfSight"":false}","{""shape"":""cross"",""radius"":1}","35","95","21","48","[{""type"":""damage""},{""type"":""status"",""status"":""speed_down"",""chance"":25,""duration"":3}]","precise","earth | projectile","false","requires_digixros"
"infinity_a","Infinity A","Infinity A","インフィニティA","インフィニティA","lost_evolution","area_damage","earth","{""shape"":""diamond"",""min"":1,""max"":4,""requiresLineOfSight"":false}","{""shape"":""cross"",""radius"":1}","50","95","17","48","[{""type"":""damage""}]","precise","earth | projectile","true","ready"
"hyb_arms","HYB Arms","HYB Arms","HYBアームズ","HYBアームズ","lost_evolution","area_damage","earth","{""shape"":""diamond"",""min"":1,""max"":3,""requiresLineOfSight"":false}","{""shape"":""diamond"",""radius"":1}","37","100","12","34","[{""type"":""damage""}]","swift","earth | projectile","true","ready"
"heat_bubble","Heat Bubble","Heat Bubble","ねつのアワ","ねつのアワ","lost_evolution | super_xros_wars","striker","fire","{""shape"":""diamond"",""min"":1,""max"":3,""requiresLineOfSight"":false}","{""shape"":""single"",""radius"":0}","32","100","4","24","[{""type"":""damage""}]","swift","fire | melee","false","ready"
"petit_flame","Petit Flame","Petit Flame","プチフレイム","プチフレイム","lost_evolution","striker","fire","{""shape"":""diamond"",""min"":1,""max"":3,""requiresLineOfSight"":false}","{""shape"":""single"",""radius"":0}","32","100","4","24","[{""type"":""damage""}]","swift","fire | melee","false","ready"
"blue_fire","Blue Fire","Blue Fire","ブルーファイアー","ブルーファイアー","lost_evolution","striker","fire","{""shape"":""diamond"",""min"":1,""max"":3,""requiresLineOfSight"":false}","{""shape"":""single"",""radius"":0}","17","100","8","24","[{""type"":""damage""},{""type"":""status"",""status"":""def_down"",""chance"":25,""duration"":3}]","reliable_effect","fire | melee","true","ready"
"baby_flame","Baby Flame","Baby Flame","ベビーフレイム","ベビーフレイム","digimon_story_ds | lost_evolution | super_xros_wars","striker","fire","{""shape"":""diamond"",""min"":1,""max"":3,""requiresLineOfSight"":false}","{""shape"":""single"",""radius"":0}","32","100","4","24","[{""type"":""damage""}]","swift","fire | melee","true","ready"
"goburi_strike","Goburi Strike","Goburi Strike","ゴブリストライク","ゴブリストライク","dawn_dusk | lost_evolution | super_xros_wars","striker","fire","{""shape"":""diamond"",""min"":1,""max"":3,""requiresLineOfSight"":false}","{""shape"":""single"",""radius"":0}","32","100","4","24","[{""type"":""damage""}]","swift","fire | melee","false","ready"
"tiny_bomb","Tiny Bomb","Tiny Bomb","タイニーボム","タイニーボム","dawn_dusk | lost_evolution | super_xros_wars","striker","fire","{""shape"":""diamond"",""min"":1,""max"":3,""requiresLineOfSight"":false}","{""shape"":""single"",""radius"":0}","32","100","4","24","[{""type"":""damage""}]","swift","fire | melee","false","ready"
"normal_bomb","Normal Bomb","Normal Bomb","ノーマルボム","ノーマルボム","dawn_dusk | lost_evolution | super_xros_wars","striker","fire","{""shape"":""diamond"",""min"":1,""max"":3,""requiresLineOfSight"":false}","{""shape"":""single"",""radius"":0}","46","100","8","34","[{""type"":""damage""}]","swift","fire | melee","false","ready"
"dramon_claw","Dramon Claw","Dramon Claw","ドラモンクロー","ドラモンクロー","dawn_dusk | lost_evolution | super_xros_wars","striker","fire","{""shape"":""diamond"",""min"":1,""max"":3,""requiresLineOfSight"":false}","{""shape"":""single"",""radius"":0}","46","100","8","34","[{""type"":""damage""}]","swift","fire | melee","true","ready"
"rainbow_flare","Rainbow Flare","Rainbow Flare","レインボーフレア","レインボーフレア","lost_evolution","striker","fire","{""shape"":""diamond"",""min"":1,""max"":3,""requiresLineOfSight"":false}","{""shape"":""single"",""radius"":0}","31","100","12","34","[{""type"":""damage""},{""type"":""status"",""status"":""def_down"",""chance"":25,""duration"":3}]","reliable_effect","fire | melee","true","ready"
"normal_missile","Normal Missile","Normal Missile","ノーマルミサイル","ノーマルミサイル","dawn_dusk | lost_evolution | super_xros_wars","striker","fire","{""shape"":""diamond"",""min"":1,""max"":3,""requiresLineOfSight"":false}","{""shape"":""single"",""radius"":0}","31","100","12","34","[{""type"":""damage""},{""type"":""status"",""status"":""speed_down"",""chance"":25,""duration"":3}]","reliable_effect","fire | melee","true","ready"
"fire_breath","Fire Breath","Fire Breath","ファイアーブレス","ファイアーブレス","dawn_dusk | lost_evolution | super_xros_wars","striker","fire","{""shape"":""diamond"",""min"":1,""max"":3,""requiresLineOfSight"":false}","{""shape"":""single"",""radius"":0}","46","100","8","34","[{""type"":""damage""}]","swift","fire | breath","false","requires_digixros"
"mega_burst","Mega Burst","Mega Burst","メガバースト","メガバースト","lost_evolution | super_xros_wars","striker","fire","{""shape"":""diamond"",""min"":1,""max"":3,""requiresLineOfSight"":false}","{""shape"":""single"",""radius"":0}","31","100","12","34","[{""type"":""damage""},{""type"":""status"",""status"":""def_down"",""chance"":25,""duration"":3}]","reliable_effect","fire | melee","true","ready"
"koenryuu","Koenryuu","Koenryuu","こえんりゅう","こえんりゅう","digimon_story_ds | lost_evolution | super_xros_wars","striker","fire","{""shape"":""diamond"",""min"":1,""max"":3,""requiresLineOfSight"":false}","{""shape"":""single"",""radius"":0}","31","100","12","34","[{""type"":""damage""},{""type"":""status"",""status"":""def_down"",""chance"":25,""duration"":3}]","reliable_effect","fire | melee","false","requires_digixros"
"hyper_cannon","Hyper Cannon","Hyper Cannon","ハイパーキャノン","ハイパーキャノン","lost_evolution | super_xros_wars","striker","fire","{""shape"":""diamond"",""min"":1,""max"":3,""requiresLineOfSight"":false}","{""shape"":""single"",""radius"":0}","46","100","8","34","[{""type"":""damage""}]","swift","fire | melee","false","requires_digixros"
"strike_fang","Strike Fang","Strike Fang","ストライクファング","ストライクファング","lost_evolution | super_xros_wars","striker","fire","{""shape"":""diamond"",""min"":1,""max"":3,""requiresLineOfSight"":false}","{""shape"":""single"",""radius"":0}","46","100","8","34","[{""type"":""damage""}]","swift","fire | melee","true","ready"
"v_breath_arrow","V Breath Arrow","V Breath Arrow","ブイブレスアロー","ブイブレスアロー","lost_evolution | super_xros_wars","striker","fire","{""shape"":""diamond"",""min"":1,""max"":3,""requiresLineOfSight"":false}","{""shape"":""single"",""radius"":0}","46","100","8","34","[{""type"":""damage""}]","swift","fire | breath","true","ready"
"x_laser","X Laser","X Laser","エクスレイザー","エクスレイザー","dawn_dusk | lost_evolution | super_xros_wars","striker","fire","{""shape"":""diamond"",""min"":1,""max"":3,""requiresLineOfSight"":false}","{""shape"":""single"",""radius"":0}","46","100","8","34","[{""type"":""damage""}]","swift","fire | melee","false","requires_digixros"
"master_d_claw","Master D Claw","Master D Claw","マスターDクロー","マスターDクロー","lost_evolution","striker","fire","{""shape"":""diamond"",""min"":1,""max"":3,""requiresLineOfSight"":false}","{""shape"":""single"",""radius"":0}","31","100","12","34","[{""type"":""damage""},{""type"":""status"",""status"":""atk_down"",""chance"":25,""duration"":3}]","reliable_effect","fire | melee","false","ready"
"dragon_impulse","Dragon Impulse","Dragon Impulse","ドラゴンインパルス","ドラゴンインパルス","lost_evolution | super_xros_wars","striker","fire","{""shape"":""diamond"",""min"":1,""max"":3,""requiresLineOfSight"":false}","{""shape"":""single"",""radius"":0}","62","95","13","48","[{""type"":""damage""}]","potent","fire | melee","false","requires_digixros"
"g_destroyer_2","G Destroyer 2","G Destroyer 2","Gデストロイヤー2","Gデストロイヤー2","lost_evolution","striker","fire","{""shape"":""diamond"",""min"":1,""max"":3,""requiresLineOfSight"":false}","{""shape"":""single"",""radius"":0}","47","95","17","48","[{""type"":""damage""},{""type"":""status"",""status"":""atk_down"",""chance"":25,""duration"":3}]","precise","fire | melee","false","ready"
"smiley_bomb","Smiley Bomb","Smiley Bomb","スマイリーボム","スマイリーボム","dawn_dusk | digimon_story_ds | lost_evolution | super_xros_wars","striker","fire","{""shape"":""diamond"",""min"":1,""max"":3,""requiresLineOfSight"":false}","{""shape"":""single"",""radius"":0}","62","95","13","48","[{""type"":""damage""}]","potent","fire | melee","true","ready"
"great_d_claw","Great D Claw","Great D Claw","グレート D クロー","グレート D クロー","lost_evolution","striker","fire","{""shape"":""diamond"",""min"":1,""max"":3,""requiresLineOfSight"":false}","{""shape"":""single"",""radius"":0}","47","95","17","48","[{""type"":""damage""},{""type"":""status"",""status"":""atk_down"",""chance"":25,""duration"":3}]","precise","fire | melee","false","ready"
"solar_hammer","Solar Hammer","Solar Hammer","ソーラーハンマー","ソーラーハンマー","lost_evolution | super_xros_wars","striker","fire","{""shape"":""diamond"",""min"":1,""max"":3,""requiresLineOfSight"":false}","{""shape"":""single"",""radius"":0}","47","95","17","48","[{""type"":""damage""},{""type"":""status"",""status"":""def_down"",""chance"":25,""duration"":3}]","precise","fire | melee","false","ready"
"burning_ray","Burning・Ray","Burning・Ray","バーニング・レイ","バーニング・レイ","lost_evolution | super_xros_wars","striker","fire","{""shape"":""diamond"",""min"":1,""max"":3,""requiresLineOfSight"":false}","{""shape"":""single"",""radius"":0}","47","95","17","48","[{""type"":""damage""},{""type"":""status"",""status"":""atk_down"",""chance"":25,""duration"":3}]","precise","fire | melee","true","ready"
"blue_prominence","Blue Prominence","Blue Prominence","ブループロミネンス","ブループロミネンス","lost_evolution | super_xros_wars","striker","fire","{""shape"":""diamond"",""min"":1,""max"":3,""requiresLineOfSight"":false}","{""shape"":""single"",""radius"":0}","47","95","17","48","[{""type"":""damage""},{""type"":""status"",""status"":""def_down"",""chance"":25,""duration"":3}]","precise","fire | melee","true","ready"
"positron_laser","Positron Laser","Positron Laser","ポジトロンレーザー","ポジトロンレーザー","lost_evolution | super_xros_wars","striker","fire","{""shape"":""diamond"",""min"":1,""max"":3,""requiresLineOfSight"":false}","{""shape"":""single"",""radius"":0}","47","95","17","48","[{""type"":""damage""},{""type"":""status"",""status"":""def_down"",""chance"":25,""duration"":3}]","precise","fire | melee","true","ready"
"geo_grey_sword","Geo Grey Sword","Geo Grey Sword","ジオグレイソード","ジオグレイソード","lost_evolution | super_xros_wars","striker","fire","{""shape"":""diamond"",""min"":1,""max"":3,""requiresLineOfSight"":false}","{""shape"":""single"",""radius"":0}","62","95","13","48","[{""type"":""damage""}]","potent","fire | melee","true","ready"
"b_bancho_punch","B Bancho Punch","B Bancho Punch","Bバンチョーパンチ","Bバンチョーパンチ","lost_evolution","striker","fire","{""shape"":""diamond"",""min"":1,""max"":3,""requiresLineOfSight"":false}","{""shape"":""single"",""radius"":0}","47","95","17","48","[{""type"":""damage""},{""type"":""status"",""status"":""def_down"",""chance"":25,""duration"":3}]","precise","fire | melee","true","ready"
"bullet_hammer","Bullet Hammer","Bullet Hammer","ブリットハンマー","ブリットハンマー","lost_evolution | super_xros_wars","striker","fire","{""shape"":""diamond"",""min"":1,""max"":3,""requiresLineOfSight"":false}","{""shape"":""single"",""radius"":0}","62","95","13","48","[{""type"":""damage""}]","potent","fire | melee","false","requires_digixros"
"great_tornado","Great Tornado","Great Tornado","グレートトルネード","グレートトルネード","lost_evolution | super_xros_wars","striker","fire","{""shape"":""diamond"",""min"":1,""max"":3,""requiresLineOfSight"":false}","{""shape"":""single"",""radius"":0}","47","95","17","48","[{""type"":""damage""},{""type"":""status"",""status"":""def_down"",""chance"":25,""duration"":3}]","precise","fire | melee","true","ready"
"b_of_wyvern","B of Wyvern","B of Wyvern","Bオブワイバーン","Bオブワイバーン","lost_evolution","striker","fire","{""shape"":""diamond"",""min"":1,""max"":3,""requiresLineOfSight"":false}","{""shape"":""single"",""radius"":0}","47","95","17","48","[{""type"":""damage""},{""type"":""status"",""status"":""atk_down"",""chance"":25,""duration"":3}]","precise","fire | melee","true","ready"
"giga_death","Giga Death","Giga Death","ギガデス","ギガデス","lost_evolution | super_xros_wars","control","fire","{""shape"":""diamond"",""min"":1,""max"":3,""requiresLineOfSight"":false}","{""shape"":""single"",""radius"":0}","80","100","22","70","[{""type"":""damage""}]","efficient","fire | melee","false","requires_digixros"
"ulti_flare","ULTI Flare","ULTI Flare","ULTIフレア","ULTIフレア","dawn_dusk | lost_evolution","striker","fire","{""shape"":""diamond"",""min"":1,""max"":3,""requiresLineOfSight"":false}","{""shape"":""single"",""radius"":0}","65","90","26","70","[{""type"":""damage""},{""type"":""status"",""status"":""speed_down"",""chance"":25,""duration"":3}]","precise","fire | melee","true","ready"
"fireball","Fireball","Fireball","ファイアーボール","ファイアーボール","lost_evolution | super_xros_wars","area_damage","fire","{""shape"":""diamond"",""min"":1,""max"":4,""requiresLineOfSight"":false}","{""shape"":""cone"",""radius"":0,""length"":4}","27","100","7","24","[{""type"":""damage""}]","swift","fire | projectile","true","ready"
"mega_napalm","Mega Napalm","Mega Napalm","メガナパーム","メガナパーム","dawn_dusk | lost_evolution | super_xros_wars","area_damage","fire","{""shape"":""diamond"",""min"":1,""max"":4,""requiresLineOfSight"":false}","{""shape"":""cone"",""radius"":0,""length"":4}","27","100","7","24","[{""type"":""damage""}]","swift","fire | projectile","false","ready"
"blue_flame","Blue Flame","Blue Flame","ブルーフレイム","ブルーフレイム","lost_evolution | super_xros_wars","area_damage","fire","{""shape"":""diamond"",""min"":1,""max"":4,""requiresLineOfSight"":false}","{""shape"":""cone"",""radius"":0,""length"":4}","24","100","15","34","[{""type"":""damage""},{""type"":""status"",""status"":""def_down"",""chance"":25,""duration"":3}]","efficient","fire | projectile","true","ready"
"harpoon_vulcan","Harpoon Vulcan","Harpoon Vulcan","ハープーンバルカン","ハープーンバルカン","digimon_story_ds | lost_evolution | super_xros_wars","area_damage","fire","{""shape"":""diamond"",""min"":1,""max"":4,""requiresLineOfSight"":false}","{""shape"":""cone"",""radius"":0,""length"":4}","39","100","11","34","[{""type"":""damage""}]","swift","fire | projectile","true","ready"
"flame_dive","Flame Dive","Flame Dive","フレイムダイブ","フレイムダイブ","dawn_dusk | lost_evolution | super_xros_wars","area_damage","fire","{""shape"":""diamond"",""min"":1,""max"":4,""requiresLineOfSight"":false}","{""shape"":""cone"",""radius"":0,""length"":4}","39","100","11","34","[{""type"":""damage""}]","swift","fire | projectile","false","requires_digixros"
"mega_flame","Mega Flame","Mega Flame","メガフレイム","メガフレイム","digimon_story_ds | lost_evolution | super_xros_wars","area_damage","fire","{""shape"":""diamond"",""min"":1,""max"":4,""requiresLineOfSight"":false}","{""shape"":""diamond"",""radius"":1}","50","95","17","48","[{""type"":""damage""}]","swift","fire | projectile","false","ready"
"power_flame","Power Flame","Power Flame","パワーフレイム","パワーフレイム","lost_evolution","area_damage","fire","{""shape"":""diamond"",""min"":1,""max"":4,""requiresLineOfSight"":false}","{""shape"":""cone"",""radius"":0,""length"":4}","39","100","11","34","[{""type"":""damage""}]","swift","fire | projectile","false","ready"
"blue_blaze","Blue Blaze","Blue Blaze","ブルーブレイス","ブルーブレイス","lost_evolution","area_damage","fire","{""shape"":""diamond"",""min"":1,""max"":4,""requiresLineOfSight"":false}","{""shape"":""cone"",""radius"":0,""length"":4}","24","100","15","34","[{""type"":""damage""},{""type"":""status"",""status"":""def_down"",""chance"":25,""duration"":3}]","efficient","fire | projectile","true","ready"
"giga_flame","Giga Flame","Giga Flame","ギガフレイム","ギガフレイム","lost_evolution | super_xros_wars","area_damage","fire","{""shape"":""diamond"",""min"":1,""max"":4,""requiresLineOfSight"":false}","{""shape"":""cone"",""radius"":0,""length"":4}","24","100","15","34","[{""type"":""damage""},{""type"":""status"",""status"":""def_down"",""chance"":25,""duration"":3}]","efficient","fire | projectile","true","ready"
"giga_destroyer","Giga Destroyer","Giga Destroyer","ギガデストロイヤー","ギガデストロイヤー","digimon_story_ds | lost_evolution | super_xros_wars","area_damage","fire","{""shape"":""diamond"",""min"":1,""max"":4,""requiresLineOfSight"":false}","{""shape"":""cone"",""radius"":0,""length"":4}","53","95","16","48","[{""type"":""damage""}]","potent","fire | projectile","false","requires_digixros"
"rapid_fire","Rapid Fire","Rapid Fire","ラピッドファイヤー","ラピッドファイヤー","dawn_dusk | lost_evolution","area_damage","fire","{""shape"":""diamond"",""min"":1,""max"":4,""requiresLineOfSight"":false}","{""shape"":""cone"",""radius"":0,""length"":4}","53","95","16","48","[{""type"":""damage""}]","potent","fire | projectile","true","ready"
"tri_revolver","TRI Revolver","TRI Revolver","TRIリボルバー","TRIリボルバー","dawn_dusk | lost_evolution","area_damage","fire","{""shape"":""diamond"",""min"":1,""max"":4,""requiresLineOfSight"":false}","{""shape"":""cone"",""radius"":0,""length"":4}","53","95","16","48","[{""type"":""damage""}]","potent","fire | projectile","true","ready"
"master_fire","Master Fire","Master Fire","マスターファイヤー","マスターファイヤー","lost_evolution","area_damage","fire","{""shape"":""diamond"",""min"":1,""max"":4,""requiresLineOfSight"":false}","{""shape"":""cone"",""radius"":0,""length"":4}","38","95","20","48","[{""type"":""damage""},{""type"":""status"",""status"":""def_down"",""chance"":25,""duration"":3}]","precise","fire | projectile","true","ready"
"aramitama","Aramitama","Aramitama","アラミタマ","アラミタマ","lost_evolution | super_xros_wars","area_damage","fire","{""shape"":""diamond"",""min"":1,""max"":4,""requiresLineOfSight"":false}","{""shape"":""cone"",""radius"":0,""length"":4}","38","95","20","48","[{""type"":""damage""},{""type"":""status"",""status"":""atk_down"",""chance"":25,""duration"":3}]","precise","fire | projectile","false","requires_digixros"
"burst_flame","Burst Flame","Burst Flame","バーストフレイム","バーストフレイム","lost_evolution","area_damage","fire","{""shape"":""diamond"",""min"":1,""max"":4,""requiresLineOfSight"":false}","{""shape"":""cone"",""radius"":0,""length"":4}","38","95","20","48","[{""type"":""damage""},{""type"":""status"",""status"":""def_down"",""chance"":25,""duration"":3}]","precise","fire | projectile","true","ready"
"megido_flame","Megido Flame","Megido Flame","メギドフレイム","メギドフレイム","dawn_dusk | lost_evolution | super_xros_wars","area_damage","fire","{""shape"":""diamond"",""min"":1,""max"":4,""requiresLineOfSight"":false}","{""shape"":""cone"",""radius"":0,""length"":4}","38","95","20","48","[{""type"":""damage""},{""type"":""status"",""status"":""def_down"",""chance"":25,""duration"":3}]","precise","fire | projectile","false","requires_digixros"
"rinkazan","Rinkazan","Rinkazan","りんかざん","りんかざん","dawn_dusk | lost_evolution | super_xros_wars","area_damage","fire","{""shape"":""diamond"",""min"":1,""max"":4,""requiresLineOfSight"":false}","{""shape"":""cone"",""radius"":0,""length"":4}","53","95","16","48","[{""type"":""damage""}]","potent","fire | projectile","true","ready"
"brave_metal","Brave Metal","Brave Metal","ブレイブメタル","ブレイブメタル","digimon_story_ds | lost_evolution | super_xros_wars","area_damage","fire","{""shape"":""diamond"",""min"":1,""max"":4,""requiresLineOfSight"":false}","{""shape"":""cone"",""radius"":0,""length"":4}","38","95","20","48","[{""type"":""damage""},{""type"":""status"",""status"":""def_down"",""chance"":25,""duration"":3}]","precise","fire | projectile","false","requires_digixros"
"shine_breaker","Shine Breaker","Shine Breaker","シャインブレイカー","シャインブレイカー","lost_evolution | super_xros_wars","area_damage","fire","{""shape"":""diamond"",""min"":1,""max"":4,""requiresLineOfSight"":false}","{""shape"":""cone"",""radius"":0,""length"":4}","53","90","29","70","[{""type"":""damage""},{""type"":""status"",""status"":""def_down"",""chance"":25,""duration"":3}]","precise","fire | projectile","false","requires_digixros"
"corona_blaze_s","Corona Blaze S","Corona Blaze S","コロナブレイブS","コロナブレイブS","lost_evolution","area_damage","fire","{""shape"":""diamond"",""min"":1,""max"":4,""requiresLineOfSight"":false}","{""shape"":""cone"",""radius"":0,""length"":4}","68","90","25","70","[{""type"":""damage""}]","potent","fire | projectile","true","ready"
"hyp_prominence","HYP Prominence","HYP Prominence","HYPプロミネンス","HYPプロミネンス","lost_evolution","area_damage","fire","{""shape"":""diamond"",""min"":1,""max"":4,""requiresLineOfSight"":false}","{""shape"":""cone"",""radius"":0,""length"":4}","68","90","25","70","[{""type"":""damage""}]","potent","fire | projectile","true","ready"
"rengokusou","Rengokusou","Rengokusou","れんごくそう","れんごくそう","lost_evolution | super_xros_wars","area_damage","fire","{""shape"":""diamond"",""min"":1,""max"":4,""requiresLineOfSight"":false}","{""shape"":""cone"",""radius"":0,""length"":4}","53","90","29","70","[{""type"":""damage""},{""type"":""status"",""status"":""atk_down"",""chance"":25,""duration"":3}]","precise","fire | projectile","true","ready"
"volcano_napalm","Volcano Napalm","Volcano Napalm","ヴォルケナパーム","ヴォルケナパーム","lost_evolution | super_xros_wars","area_damage","fire","{""shape"":""diamond"",""min"":1,""max"":4,""requiresLineOfSight"":false}","{""shape"":""line"",""radius"":0,""length"":4}","24","100","15","34","[{""type"":""damage""},{""type"":""status"",""status"":""def_down"",""chance"":25,""duration"":3}]","efficient","fire | projectile","false","ready"
"meteor_squall","Meteor Squall","Meteor Squall","メテオスコール","メテオスコール","dawn_dusk | lost_evolution | super_xros_wars","area_damage","fire","{""shape"":""diamond"",""min"":1,""max"":4,""requiresLineOfSight"":false}","{""shape"":""line"",""radius"":0,""length"":4}","39","100","11","34","[{""type"":""damage""}]","swift","fire | projectile","false","ready"
"meteor_wing","Meteor Wing","Meteor Wing","メテオウイング","メテオウイング","dawn_dusk | digimon_story_ds | lost_evolution","area_damage","fire","{""shape"":""diamond"",""min"":1,""max"":4,""requiresLineOfSight"":false}","{""shape"":""line"",""radius"":0,""length"":4}","39","100","11","34","[{""type"":""damage""}]","swift","fire | projectile","true","ready"
"flare_buster","Flare Buster","Flare Buster","フレアバスター","フレアバスター","dawn_dusk | lost_evolution","area_damage","fire","{""shape"":""diamond"",""min"":1,""max"":4,""requiresLineOfSight"":false}","{""shape"":""line"",""radius"":0,""length"":4}","39","100","11","34","[{""type"":""damage""}]","swift","fire | projectile","true","ready"
"twin_missile","Twin Missile","Twin Missile","ツインミサイル","ツインミサイル","dawn_dusk | lost_evolution","area_damage","fire","{""shape"":""diamond"",""min"":1,""max"":4,""requiresLineOfSight"":false}","{""shape"":""line"",""radius"":0,""length"":4}","24","100","15","34","[{""type"":""damage""},{""type"":""status"",""status"":""speed_down"",""chance"":25,""duration"":3}]","efficient","fire | projectile","true","ready"
"desperado_brt","Desperado BRT","Desperado BRT","デスペラードBRT","デスペラードBRT","lost_evolution","area_damage","fire","{""shape"":""diamond"",""min"":1,""max"":4,""requiresLineOfSight"":false}","{""shape"":""line"",""radius"":0,""length"":4}","53","95","16","48","[{""type"":""damage""}]","potent","fire | projectile","true","ready"
"captain_cannon","Captain Cannon","Captain Cannon","キャプテンキャノン","キャプテンキャノン","digimon_story_ds | lost_evolution | super_xros_wars","area_damage","fire","{""shape"":""diamond"",""min"":1,""max"":4,""requiresLineOfSight"":false}","{""shape"":""cross"",""radius"":1}","37","100","12","34","[{""type"":""damage""}]","swift","fire | projectile","true","ready"
"free_throw_bomb","Free Throw Bomb","Free Throw Bomb","フリースローボム","フリースローボム","lost_evolution | super_xros_wars","area_damage","fire","{""shape"":""diamond"",""min"":1,""max"":4,""requiresLineOfSight"":false}","{""shape"":""cross"",""radius"":1}","37","100","12","34","[{""type"":""damage""}]","swift","fire | projectile","true","ready"
"thermal_mane","Thermal Mane","Thermal Mane","サーマルメイン","サーマルメイン","dawn_dusk | lost_evolution","area_damage","fire","{""shape"":""diamond"",""min"":1,""max"":4,""requiresLineOfSight"":false}","{""shape"":""cross"",""radius"":1}","37","100","12","34","[{""type"":""damage""}]","swift","fire | projectile","true","ready"
"genocide_attack","Genocide Attack","Genocide Attack","ジェのサイドATK","ジェのサイドATK","lost_evolution","area_damage","fire","{""shape"":""diamond"",""min"":1,""max"":4,""requiresLineOfSight"":false}","{""shape"":""cross"",""radius"":1}","37","100","12","34","[{""type"":""damage""}]","swift","fire | projectile","false","ready"
"energy_bomb","Energy Bomb","Energy Bomb","エネルギーボム","エネルギーボム","dawn_dusk | lost_evolution | super_xros_wars","area_damage","fire","{""shape"":""diamond"",""min"":1,""max"":4,""requiresLineOfSight"":false}","{""shape"":""cross"",""radius"":1}","37","100","12","34","[{""type"":""damage""}]","swift","fire | projectile","false","ready"
"atomic_brt","Atomic BRT","Atomic BRT","アトミックBRT","アトミックBRT","dawn_dusk | lost_evolution","area_damage","fire","{""shape"":""diamond"",""min"":1,""max"":4,""requiresLineOfSight"":false}","{""shape"":""cross"",""radius"":1}","37","100","12","34","[{""type"":""damage""}]","swift","fire | projectile","true","ready"
"nichirin_no_mai","Nichirin no Mai","Nichirin no Mai","にちりんのまい","にちりんのまい","lost_evolution | super_xros_wars","area_damage","fire","{""shape"":""diamond"",""min"":1,""max"":4,""requiresLineOfSight"":false}","{""shape"":""cross"",""radius"":1}","22","100","16","34","[{""type"":""damage""},{""type"":""status"",""status"":""def_down"",""chance"":25,""duration"":3}]","efficient","fire | projectile","true","ready"
"nuclear_laser","Nuclear Laser","Nuclear Laser","ヌークリアレーザー","ヌークリアレーザー","lost_evolution | super_xros_wars","area_damage","fire","{""shape"":""diamond"",""min"":1,""max"":4,""requiresLineOfSight"":false}","{""shape"":""cross"",""radius"":1}","22","100","16","34","[{""type"":""damage""},{""type"":""status"",""status"":""def_down"",""chance"":25,""duration"":3}]","efficient","fire | projectile","true","ready"
"gaia_force","Gaia Force","Gaia Force","ガイアフォース","ガイアフォース","digimon_story_ds | lost_evolution | super_xros_wars","area_damage","earth","{""shape"":""diamond"",""min"":1,""max"":4,""requiresLineOfSight"":false}","{""shape"":""cross"",""radius"":1}","50","95","17","48","[{""type"":""damage""}]","precise","earth | projectile","false","requires_digixros"
"glorious_burst","Glorious Burst","Glorious Burst","グロリアスバースト","グロリアスバースト","dawn_dusk | lost_evolution | super_xros_wars","area_damage","fire","{""shape"":""diamond"",""min"":1,""max"":4,""requiresLineOfSight"":false}","{""shape"":""cross"",""radius"":1}","50","95","17","48","[{""type"":""damage""}]","precise","fire | projectile","false","requires_digixros"
"s_slash_rain","S Slash Rain","S Slash Rain","Sスラッシュレイン","Sスラッシュレイン","dawn_dusk | lost_evolution","area_damage","fire","{""shape"":""diamond"",""min"":1,""max"":4,""requiresLineOfSight"":false}","{""shape"":""cross"",""radius"":1}","35","95","21","48","[{""type"":""damage""},{""type"":""status"",""status"":""speed_down"",""chance"":25,""duration"":3}]","precise","fire | projectile","true","ready"
"omega_r_flare","Omega R Flare","Omega R Flare","オメガRフレア","オメガRフレア","lost_evolution","area_damage","fire","{""shape"":""diamond"",""min"":1,""max"":4,""requiresLineOfSight"":false}","{""shape"":""cross"",""radius"":1}","35","95","21","48","[{""type"":""damage""},{""type"":""status"",""status"":""def_down"",""chance"":25,""duration"":3}]","precise","fire | projectile","true","ready"
"atomic_ray","Atomic・Ray","Atomic・Ray","アトミック・レイ","アトミック・レイ","digimon_story_ds | lost_evolution | super_xros_wars","area_damage","fire","{""shape"":""diamond"",""min"":1,""max"":4,""requiresLineOfSight"":false}","{""shape"":""cross"",""radius"":1}","50","95","17","48","[{""type"":""damage""}]","precise","fire | projectile","false","requires_digixros"
"digi_of_soul","DIGI of Soul","DIGI of Soul","DIGIオブソウル","DIGIオブソウル","dawn_dusk | lost_evolution","area_damage","fire","{""shape"":""diamond"",""min"":1,""max"":4,""requiresLineOfSight"":false}","{""shape"":""cross"",""radius"":1}","35","95","21","48","[{""type"":""damage""},{""type"":""status"",""status"":""def_down"",""chance"":25,""duration"":3}]","precise","fire | projectile","false","ready"
"sol_blaster","Sol Blaster","Sol Blaster","ソルブラスター","ソルブラスター","lost_evolution | super_xros_wars","area_damage","fire","{""shape"":""diamond"",""min"":1,""max"":4,""requiresLineOfSight"":false}","{""shape"":""cross"",""radius"":1}","35","95","21","48","[{""type"":""damage""},{""type"":""status"",""status"":""def_down"",""chance"":25,""duration"":3}]","precise","fire | projectile","false","requires_digixros"
"surprise_cannon","Surprise Cannon","Surprise Cannon","サプライズキャノン","サプライズキャノン","lost_evolution | super_xros_wars","area_damage","fire","{""shape"":""diamond"",""min"":1,""max"":4,""requiresLineOfSight"":false}","{""shape"":""cross"",""radius"":1}","50","95","17","48","[{""type"":""damage""}]","precise","fire | projectile","false","requires_digixros"
"supernova","Supernova","Supernova","スーパーノヴァ","スーパーノヴァ","lost_evolution | super_xros_wars","support","fire","{""shape"":""diamond"",""min"":0,""max"":4,""requiresLineOfSight"":false}","{""shape"":""cross"",""radius"":1}","0","100","10","40","[{""type"":""status"",""status"":""guard"",""chance"":100,""duration"":3}]","swift","fire | projectile","false","requires_digixros"
"snv_force","SNV Force","SNV Force","SNVフォース","SNVフォース","lost_evolution","area_damage","fire","{""shape"":""diamond"",""min"":1,""max"":4,""requiresLineOfSight"":false}","{""shape"":""cross"",""radius"":1}","35","95","21","48","[{""type"":""damage""},{""type"":""status"",""status"":""def_down"",""chance"":25,""duration"":3}]","precise","fire | projectile","true","ready"
"finsn_burst","FINSN Burst","FINSN Burst","FINSNバースト","FINSNバースト","lost_evolution","area_damage","fire","{""shape"":""diamond"",""min"":1,""max"":4,""requiresLineOfSight"":false}","{""shape"":""cross"",""radius"":1}","64","90","26","70","[{""type"":""damage""}]","precise","fire | projectile","true","ready"
"unnanshou","Unnanshou","Unnanshou","ウンナンショウ","ウンナンショウ","lost_evolution | super_xros_wars","area_damage","fire","{""shape"":""diamond"",""min"":1,""max"":4,""requiresLineOfSight"":false}","{""shape"":""line"",""radius"":0,""length"":4}","24","100","15","34","[{""type"":""damage""},{""type"":""status"",""status"":""def_down"",""chance"":25,""duration"":3}]","efficient","fire | projectile","false","ready"
"fire_blast","Fire Blast","Fire Blast","ファイヤーブラスト","ファイヤーブラスト","dawn_dusk | lost_evolution","area_damage","fire","{""shape"":""diamond"",""min"":1,""max"":4,""requiresLineOfSight"":false}","{""shape"":""cross"",""radius"":1}","37","100","12","34","[{""type"":""damage""}]","swift","fire | projectile","true","ready"
"guren_jyuuouha","Guren Jyuuouha","Guren Jyuuouha","ぐれんじゅうおうは","ぐれんじゅうおうは","lost_evolution | super_xros_wars","area_damage","fire","{""shape"":""diamond"",""min"":1,""max"":4,""requiresLineOfSight"":false}","{""shape"":""cross"",""radius"":1}","37","100","12","34","[{""type"":""damage""}]","swift","fire | projectile","false","requires_digixros"
"heat_viper","Heat・Viper","Heat・Viper","ヒート・バイパー","ヒート・バイパー","lost_evolution | super_xros_wars","area_damage","fire","{""shape"":""diamond"",""min"":1,""max"":4,""requiresLineOfSight"":false}","{""shape"":""cross"",""radius"":1}","37","100","12","34","[{""type"":""damage""}]","swift","fire | projectile","false","requires_digixros"
"geo_magma_napalm","Geo Magma Napalm","Geo Magma Napalm","ジオマグマナパーム","ジオマグマナパーム","lost_evolution | super_xros_wars","area_damage","fire","{""shape"":""diamond"",""min"":1,""max"":4,""requiresLineOfSight"":false}","{""shape"":""cross"",""radius"":1}","35","95","21","48","[{""type"":""damage""},{""type"":""status"",""status"":""def_down"",""chance"":25,""duration"":3}]","precise","fire | projectile","true","ready"
"kouen","Kouen","Kouen","こうえん","こうえん","lost_evolution | super_xros_wars","area_damage","fire","{""shape"":""diamond"",""min"":1,""max"":4,""requiresLineOfSight"":false}","{""shape"":""cross"",""radius"":1}","35","95","21","48","[{""type"":""damage""},{""type"":""status"",""status"":""def_down"",""chance"":25,""duration"":3}]","precise","fire | projectile","false","requires_digixros"
"halley_squall","Halley Squall","Halley Squall","ハレースコール","ハレースコール","lost_evolution | super_xros_wars","area_damage","fire","{""shape"":""diamond"",""min"":1,""max"":5,""requiresLineOfSight"":false}","{""shape"":""diamond"",""radius"":2}","30","100","16","46","[{""type"":""damage""}]","efficient","fire | projectile","true","ready"
"mega_meteor_fall","Mega Meteor Fall","Mega Meteor Fall","メガメテオフォール","メガメテオフォール","lost_evolution | super_xros_wars","area_damage","fire","{""shape"":""diamond"",""min"":1,""max"":5,""requiresLineOfSight"":false}","{""shape"":""diamond"",""radius"":2}","25","95","25","60","[{""type"":""damage""},{""type"":""status"",""status"":""def_down"",""chance"":25,""duration"":3}]","precise","fire | projectile","true","ready"
"argol_s_flame","Argol's Flame","Argol's Flame","アルゴルズフレイム","アルゴルズフレイム","lost_evolution | super_xros_wars","area_damage","fire","{""shape"":""diamond"",""min"":1,""max"":5,""requiresLineOfSight"":false}","{""shape"":""diamond"",""radius"":2}","40","95","21","60","[{""type"":""damage""}]","precise","fire | projectile","false","requires_digixros"
"ga_missile","GA Missile","GA Missile","GAミサイル","GAミサイル","dawn_dusk | lost_evolution","area_damage","fire","{""shape"":""diamond"",""min"":1,""max"":5,""requiresLineOfSight"":false}","{""shape"":""diamond"",""radius"":2}","40","95","21","60","[{""type"":""damage""}]","precise","fire | projectile","true","ready"
"jumbo_crater","Jumbo Crater","Jumbo Crater","ジャンボクレーター","ジャンボクレーター","dawn_dusk | lost_evolution | super_xros_wars","area_damage","fire","{""shape"":""diamond"",""min"":1,""max"":5,""requiresLineOfSight"":false}","{""shape"":""diamond"",""radius"":2}","40","95","21","60","[{""type"":""damage""}]","precise","fire | projectile","true","ready"
"crimson_flare","Crimson Flare","Crimson Flare","クリムゾンフレア","クリムゾンフレア","digimon_story_ds | lost_evolution | super_xros_wars","area_damage","fire","{""shape"":""diamond"",""min"":1,""max"":5,""requiresLineOfSight"":false}","{""shape"":""diamond"",""radius"":2}","40","95","21","60","[{""type"":""damage""}]","precise","fire | projectile","false","ready"
"pendragon_s_gl","Pendragon's GL","Pendragon's GL","ペンドラゴンズGL","ペンドラゴンズGL","lost_evolution","area_damage","fire","{""shape"":""diamond"",""min"":1,""max"":5,""requiresLineOfSight"":false}","{""shape"":""diamond"",""radius"":2}","40","95","21","60","[{""type"":""damage""}]","precise","fire | projectile","true","ready"
"omega_burst","Omega Burst","Omega Burst","オメガバースト","オメガバースト","lost_evolution | super_xros_wars","area_damage","fire","{""shape"":""diamond"",""min"":1,""max"":5,""requiresLineOfSight"":false}","{""shape"":""diamond"",""radius"":2}","40","95","21","60","[{""type"":""damage""}]","precise","fire | projectile","false","requires_digixros"
"g_death_big_bang","G Death Big Bang","G Death Big Bang","Gデスビッグバン","Gデスビッグバン","lost_evolution","control","fire","{""shape"":""diamond"",""min"":1,""max"":5,""requiresLineOfSight"":false}","{""shape"":""diamond"",""radius"":2}","52","100","30","82","[{""type"":""damage""}]","efficient","fire | projectile","true","ready"
"light_bubbles","Light Bubbles","Light Bubbles","ヒカリのアワ","ヒカリのアワ","lost_evolution","striker","light","{""shape"":""diamond"",""min"":1,""max"":3,""requiresLineOfSight"":false}","{""shape"":""single"",""radius"":0}","32","100","4","24","[{""type"":""damage""}]","swift","light | melee","true","ready"
"petit_shine","Petit Shine","Petit Shine","プチシャイン","プチシャイン","lost_evolution","striker","light","{""shape"":""diamond"",""min"":1,""max"":3,""requiresLineOfSight"":false}","{""shape"":""single"",""radius"":0}","32","100","4","24","[{""type"":""damage""}]","swift","light | melee","false","ready"
"petit_holy_flare","Petit Holy Flare","Petit Holy Flare","プチホーリーフレア","プチホーリーフレア","lost_evolution","striker","light","{""shape"":""diamond"",""min"":1,""max"":3,""requiresLineOfSight"":false}","{""shape"":""single"",""radius"":0}","32","100","4","24","[{""type"":""damage""}]","swift","light | melee","false","ready"
"air_shot","Air Shot","Air Shot","エアショット","エアショット","digimon_story_ds | lost_evolution | super_xros_wars","striker","light","{""shape"":""diamond"",""min"":1,""max"":3,""requiresLineOfSight"":false}","{""shape"":""single"",""radius"":0}","32","100","4","24","[{""type"":""damage""}]","swift","light | melee","true","ready"
"karatakewari","Karatakewari","Karatakewari","からたけわり","からたけわり","lost_evolution | super_xros_wars","striker","light","{""shape"":""diamond"",""min"":1,""max"":3,""requiresLineOfSight"":false}","{""shape"":""single"",""radius"":0}","32","100","4","24","[{""type"":""damage""}]","swift","light | melee","true","ready"
"koyousetsu","Koyousetsu","Koyousetsu","こようせつ","こようせつ","digimon_story_ds | lost_evolution | super_xros_wars","striker","light","{""shape"":""diamond"",""min"":1,""max"":3,""requiresLineOfSight"":false}","{""shape"":""single"",""radius"":0}","17","100","8","24","[{""type"":""damage""},{""type"":""status"",""status"":""speed_down"",""chance"":25,""duration"":3}]","reliable_effect","light | melee","true","ready"
"holy_shot","Holy Shot","Holy Shot","ホーリーショット","ホーリーショット","digimon_story_ds | lost_evolution | super_xros_wars","striker","light","{""shape"":""diamond"",""min"":1,""max"":3,""requiresLineOfSight"":false}","{""shape"":""single"",""radius"":0}","17","100","8","24","[{""type"":""damage""},{""type"":""status"",""status"":""atk_down"",""chance"":25,""duration"":3}]","reliable_effect","light | melee","true","ready"
"holy_bolt","Holy Bolt","Holy Bolt","ホーリーボルト","ホーリーボルト","dawn_dusk | lost_evolution | super_xros_wars","striker","light","{""shape"":""diamond"",""min"":1,""max"":3,""requiresLineOfSight"":false}","{""shape"":""single"",""radius"":0}","46","100","8","34","[{""type"":""damage""}]","swift","light | melee","true","ready"
"rainbow_force","Rainbow Force","Rainbow Force","レインボーフォース","レインボーフォース","dawn_dusk | lost_evolution","striker","light","{""shape"":""diamond"",""min"":1,""max"":3,""requiresLineOfSight"":false}","{""shape"":""single"",""radius"":0}","31","100","12","34","[{""type"":""damage""},{""type"":""status"",""status"":""def_down"",""chance"":25,""duration"":3}]","reliable_effect","light | melee","true","ready"
"heaven_s_knuckle","Heaven's Knuckle","Heaven's Knuckle","ヘブンズナックル","ヘブンズナックル","digimon_story_ds | lost_evolution | super_xros_wars","striker","light","{""shape"":""diamond"",""min"":1,""max"":3,""requiresLineOfSight"":false}","{""shape"":""single"",""radius"":0}","31","100","12","34","[{""type"":""damage""},{""type"":""status"",""status"":""def_down"",""chance"":25,""duration"":3}]","reliable_effect","light | melee","false","requires_digixros"
"blast_laser","Blast Laser","Blast Laser","ブラストレーザー","ブラストレーザー","digimon_story_ds | lost_evolution | super_xros_wars","striker","light","{""shape"":""diamond"",""min"":1,""max"":3,""requiresLineOfSight"":false}","{""shape"":""single"",""radius"":0}","46","100","8","34","[{""type"":""damage""}]","swift","light | melee","false","requires_digixros"
"justice_blt","Justice BLT","Justice BLT","ジャスティスBLT","ジャスティスBLT","lost_evolution","striker","light","{""shape"":""diamond"",""min"":1,""max"":3,""requiresLineOfSight"":false}","{""shape"":""single"",""radius"":0}","31","100","12","34","[{""type"":""damage""},{""type"":""status"",""status"":""atk_down"",""chance"":25,""duration"":3}]","reliable_effect","light | melee","true","ready"
"neko_punch","Neko Punch","Neko Punch","ネコパンチ","ネコパンチ","lost_evolution | super_xros_wars","striker","light","{""shape"":""diamond"",""min"":1,""max"":3,""requiresLineOfSight"":false}","{""shape"":""single"",""radius"":0}","46","100","8","34","[{""type"":""damage""}]","swift","light | melee","false","requires_digixros"
"sunshine_beam","Sunshine Beam","Sunshine Beam","サンシャインビーム","サンシャインビーム","dawn_dusk | lost_evolution | super_xros_wars","striker","light","{""shape"":""diamond"",""min"":1,""max"":3,""requiresLineOfSight"":false}","{""shape"":""single"",""radius"":0}","46","100","8","34","[{""type"":""damage""}]","swift","light | melee","false","ready"
"sonic_ear","Sonic Ear","Sonic Ear","ソニックイヤー","ソニックイヤー","lost_evolution | super_xros_wars","striker","light","{""shape"":""diamond"",""min"":1,""max"":3,""requiresLineOfSight"":false}","{""shape"":""single"",""radius"":0}","31","100","12","34","[{""type"":""damage""},{""type"":""status"",""status"":""speed_down"",""chance"":25,""duration"":3}]","reliable_effect","light | melee","false","ready"
"holy_cross","Holy Cross","Holy Cross","ホーリークロス","ホーリークロス","lost_evolution | super_xros_wars","striker","light","{""shape"":""diamond"",""min"":1,""max"":3,""requiresLineOfSight"":false}","{""shape"":""single"",""radius"":0}","31","100","12","34","[{""type"":""damage""},{""type"":""status"",""status"":""def_down"",""chance"":25,""duration"":3}]","reliable_effect","light | melee","true","ready"
"planet_hammer","Planet Hammer","Planet Hammer","プラネットハンマー","プラネットハンマー","lost_evolution | super_xros_wars","striker","light","{""shape"":""diamond"",""min"":1,""max"":3,""requiresLineOfSight"":false}","{""shape"":""single"",""radius"":0}","46","100","8","34","[{""type"":""damage""}]","swift","light | melee","false","ready"
"berserk_sword","Berserk Sword","Berserk Sword","ベルセルクソード","ベルセルクソード","dawn_dusk | lost_evolution | super_xros_wars","striker","light","{""shape"":""diamond"",""min"":1,""max"":3,""requiresLineOfSight"":false}","{""shape"":""single"",""radius"":0}","62","95","13","48","[{""type"":""damage""}]","potent","light | melee","true","ready"
"shippuu_tenshou","Shippuu Tenshou","Shippuu Tenshou","しっぷうてんしょう","しっぷうてんしょう","lost_evolution","striker","light","{""shape"":""diamond"",""min"":1,""max"":3,""requiresLineOfSight"":false}","{""shape"":""single"",""radius"":0}","47","95","17","48","[{""type"":""damage""},{""type"":""status"",""status"":""atk_down"",""chance"":25,""duration"":3}]","precise","light | melee","true","ready"
"cross_blade","Cross Blade","Cross Blade","クロスブレード","クロスブレード","digimon_story_ds | lost_evolution | super_xros_wars","striker","light","{""shape"":""diamond"",""min"":1,""max"":3,""requiresLineOfSight"":false}","{""shape"":""single"",""radius"":0}","47","95","17","48","[{""type"":""damage""},{""type"":""status"",""status"":""atk_down"",""chance"":25,""duration"":3}]","precise","light | melee","false","requires_digixros"
"gyoukou_issen","Gyoukou Issen","Gyoukou Issen","ぎょうこういっせん","ぎょうこういっせん","lost_evolution | super_xros_wars","striker","light","{""shape"":""diamond"",""min"":1,""max"":3,""requiresLineOfSight"":false}","{""shape"":""single"",""radius"":0}","47","95","17","48","[{""type"":""damage""},{""type"":""status"",""status"":""atk_down"",""chance"":25,""duration"":3}]","precise","light | melee","false","requires_digixros"
"gl_triangle","GL Triangle","GL Triangle","GLトライアングル","GLトライアングル","lost_evolution","striker","light","{""shape"":""diamond"",""min"":1,""max"":3,""requiresLineOfSight"":false}","{""shape"":""single"",""radius"":0}","62","95","13","48","[{""type"":""damage""}]","potent","light | melee","true","ready"
"heaven_s_charm","Heaven's Charm","Heaven's Charm","ヘブンズチャーム","ヘブンズチャーム","lost_evolution","striker","light","{""shape"":""diamond"",""min"":1,""max"":3,""requiresLineOfSight"":false}","{""shape"":""single"",""radius"":0}","62","95","13","48","[{""type"":""damage""}]","potent","light | melee","true","ready"
"pretty_attack","Pretty Attack","Pretty Attack","プリティーアタック","プリティーアタック","dawn_dusk | lost_evolution | super_xros_wars","striker","light","{""shape"":""diamond"",""min"":1,""max"":3,""requiresLineOfSight"":false}","{""shape"":""single"",""radius"":0}","47","95","17","48","[{""type"":""damage""},{""type"":""status"",""status"":""atk_down"",""chance"":25,""duration"":3}]","precise","light | melee","true","ready"
"soul_banisher","Soul Banisher","Soul Banisher","ソウルバニッシェ","ソウルバニッシェ","lost_evolution","striker","light","{""shape"":""diamond"",""min"":1,""max"":3,""requiresLineOfSight"":false}","{""shape"":""single"",""radius"":0}","62","95","13","48","[{""type"":""damage""}]","potent","light | melee","true","ready"
"flower_cannon","Flower Cannon","Flower Cannon","フラウカノン","フラウカノン","dawn_dusk | digimon_story_ds | lost_evolution | super_xros_wars","striker","light","{""shape"":""diamond"",""min"":1,""max"":3,""requiresLineOfSight"":false}","{""shape"":""single"",""radius"":0}","47","95","17","48","[{""type"":""damage""},{""type"":""status"",""status"":""atk_down"",""chance"":25,""duration"":3}]","precise","light | melee","false","requires_digixros"
"holy_arrow","Holy Arrow","Holy Arrow","ホーリーアロー","ホーリーアロー","dawn_dusk | lost_evolution | super_xros_wars","striker","light","{""shape"":""diamond"",""min"":1,""max"":3,""requiresLineOfSight"":false}","{""shape"":""single"",""radius"":0}","62","95","13","48","[{""type"":""damage""}]","potent","light | melee","false","requires_digixros"
"seisei_no_houkou","Seisei no Houkou","Seisei no Houkou","せいせいのほうこう","せいせいのほうこう","lost_evolution | super_xros_wars","striker","light","{""shape"":""diamond"",""min"":1,""max"":3,""requiresLineOfSight"":false}","{""shape"":""single"",""radius"":0}","47","95","17","48","[{""type"":""damage""},{""type"":""status"",""status"":""def_down"",""chance"":25,""duration"":3}]","precise","light | melee","false","ready"
"v_wing_blade","V Wing Blade","V Wing Blade","Vウィングブレード","Vウィングブレード","dawn_dusk | lost_evolution | super_xros_wars","striker","light","{""shape"":""diamond"",""min"":1,""max"":3,""requiresLineOfSight"":false}","{""shape"":""single"",""radius"":0}","47","95","17","48","[{""type"":""damage""},{""type"":""status"",""status"":""atk_down"",""chance"":25,""duration"":3}]","precise","light | melee","false","ready"
"top_gun","Top Gun","Top Gun","トップガン","トップガン","dawn_dusk | lost_evolution | super_xros_wars","striker","light","{""shape"":""diamond"",""min"":1,""max"":3,""requiresLineOfSight"":false}","{""shape"":""single"",""radius"":0}","62","95","13","48","[{""type"":""damage""}]","potent","light | melee","false","requires_digixros"
"shine_laser","Shine Laser","Shine Laser","シャインレーザー","シャインレーザー","lost_evolution | super_xros_wars","striker","light","{""shape"":""diamond"",""min"":1,""max"":3,""requiresLineOfSight"":false}","{""shape"":""single"",""radius"":0}","62","95","13","48","[{""type"":""damage""}]","potent","light | melee","true","ready"
"hang_on_death","Hang・On・Death","Hang・On・Death","ハング・オン・デス","ハング・オン・デス","lost_evolution | super_xros_wars","control","light","{""shape"":""diamond"",""min"":1,""max"":3,""requiresLineOfSight"":false}","{""shape"":""single"",""radius"":0}","62","100","13","48","[{""type"":""damage""}]","efficient","light | melee","true","ready"
"spn_claymore","SPN Claymore","SPN Claymore","SPNクレイモア","SPNクレイモア","lost_evolution","striker","light","{""shape"":""diamond"",""min"":1,""max"":3,""requiresLineOfSight"":false}","{""shape"":""single"",""radius"":0}","62","95","13","48","[{""type"":""damage""}]","potent","light | melee","true","ready"
"s_gradalpha","S Gradalpha","S Gradalpha","Sグレイダルファー","Sグレイダルファー","lost_evolution","striker","light","{""shape"":""diamond"",""min"":1,""max"":3,""requiresLineOfSight"":false}","{""shape"":""single"",""radius"":0}","47","95","17","48","[{""type"":""damage""},{""type"":""status"",""status"":""speed_down"",""chance"":25,""duration"":3}]","precise","light | melee","true","ready"
"justice_kick","Justice Kick","Justice Kick","ジャスティスキック","ジャスティスキック","dawn_dusk | lost_evolution | super_xros_wars","striker","light","{""shape"":""diamond"",""min"":1,""max"":3,""requiresLineOfSight"":false}","{""shape"":""single"",""radius"":0}","47","95","17","48","[{""type"":""damage""},{""type"":""status"",""status"":""def_down"",""chance"":25,""duration"":3}]","precise","light | melee","false","requires_digixros"
"bifrost","Bifrost","Bifrost","ビフロスト","ビフロスト","dawn_dusk | lost_evolution | super_xros_wars","striker","light","{""shape"":""diamond"",""min"":1,""max"":3,""requiresLineOfSight"":false}","{""shape"":""single"",""radius"":0}","47","95","17","48","[{""type"":""damage""},{""type"":""status"",""status"":""atk_down"",""chance"":25,""duration"":3}]","precise","light | melee","true","ready"
"royal_saber","Royal Saber","Royal Saber","ロイヤルセーバー","ロイヤルセーバー","digimon_story_ds | lost_evolution | super_xros_wars","striker","light","{""shape"":""diamond"",""min"":1,""max"":3,""requiresLineOfSight"":false}","{""shape"":""single"",""radius"":0}","47","95","17","48","[{""type"":""damage""},{""type"":""status"",""status"":""atk_down"",""chance"":25,""duration"":3}]","precise","light | melee","true","ready"
"agent_fr","Agent FR","Agent FR","アージェントFR","アージェントFR","lost_evolution","striker","light","{""shape"":""diamond"",""min"":1,""max"":3,""requiresLineOfSight"":false}","{""shape"":""single"",""radius"":0}","47","95","17","48","[{""type"":""damage""},{""type"":""status"",""status"":""def_down"",""chance"":25,""duration"":3}]","precise","light | melee","true","ready"
"phoebus_blow","Phoebus・Blow","Phoebus・Blow","フォイボス・ブロウ","フォイボス・ブロウ","lost_evolution | super_xros_wars","striker","light","{""shape"":""diamond"",""min"":1,""max"":3,""requiresLineOfSight"":false}","{""shape"":""single"",""radius"":0}","47","95","17","48","[{""type"":""damage""},{""type"":""status"",""status"":""def_down"",""chance"":25,""duration"":3}]","precise","light | melee","false","ready"
"rb_symphony","RB Symphony","RB Symphony","RBシンフォニー","RBシンフォニー","lost_evolution","striker","light","{""shape"":""diamond"",""min"":1,""max"":3,""requiresLineOfSight"":false}","{""shape"":""single"",""radius"":0}","65","90","26","70","[{""type"":""damage""},{""type"":""status"",""status"":""def_down"",""chance"":25,""duration"":3}]","precise","light | melee","true","ready"
"ufv_saber","UFV Saber","UFV Saber","UFVセイバー","UFVセイバー","lost_evolution","striker","light","{""shape"":""diamond"",""min"":1,""max"":3,""requiresLineOfSight"":false}","{""shape"":""single"",""radius"":0}","65","90","26","70","[{""type"":""damage""},{""type"":""status"",""status"":""atk_down"",""chance"":25,""duration"":3}]","precise","light | melee","true","ready"
"royal_slash","Royal Slash","Royal Slash","ロイヤルスラッシュ","ロイヤルスラッシュ","dawn_dusk | lost_evolution | super_xros_wars","striker","light","{""shape"":""diamond"",""min"":1,""max"":3,""requiresLineOfSight"":false}","{""shape"":""single"",""radius"":0}","80","90","22","70","[{""type"":""damage""}]","potent","light | melee","true","ready"
"invincible_s","Invincible S","Invincible S","インビンシブルS","インビンシブルS","digimon_story_ds | lost_evolution","striker","light","{""shape"":""diamond"",""min"":1,""max"":3,""requiresLineOfSight"":false}","{""shape"":""single"",""radius"":0}","80","90","22","70","[{""type"":""damage""}]","potent","light | melee","true","ready"
"bancho_blade","Bancho Blade","Bancho Blade","バンチョーブレイド","バンチョーブレイド","lost_evolution","striker","light","{""shape"":""diamond"",""min"":1,""max"":3,""requiresLineOfSight"":false}","{""shape"":""single"",""radius"":0}","65","90","26","70","[{""type"":""damage""},{""type"":""status"",""status"":""def_down"",""chance"":25,""duration"":3}]","precise","light | melee","true","ready"
"kamaitachi","Kamaitachi","Kamaitachi","かまいたち","かまいたち","lost_evolution | super_xros_wars","area_damage","light","{""shape"":""diamond"",""min"":1,""max"":4,""requiresLineOfSight"":false}","{""shape"":""cone"",""radius"":0,""length"":4}","12","100","11","24","[{""type"":""damage""},{""type"":""status"",""status"":""speed_down"",""chance"":25,""duration"":3}]","reliable_effect","light | projectile","false","ready"
"petit_twister","Petit Twister","Petit Twister","プチツイスター","プチツイスター","digimon_story_ds | lost_evolution | super_xros_wars","area_damage","light","{""shape"":""diamond"",""min"":1,""max"":4,""requiresLineOfSight"":false}","{""shape"":""cone"",""radius"":0,""length"":4}","27","100","7","24","[{""type"":""damage""}]","swift","light | projectile","false","ready"
"air_cutter","Air Cutter","Air Cutter","エアーカッター","エアーカッター","dawn_dusk | lost_evolution","area_damage","light","{""shape"":""diamond"",""min"":1,""max"":4,""requiresLineOfSight"":false}","{""shape"":""cone"",""radius"":0,""length"":4}","39","100","11","34","[{""type"":""damage""}]","swift","light | projectile","false","ready"
"kasane_kamaitachi","Kasane Kamaitachi","Kasane Kamaitachi","かさねかまいたち","かさねかまいたち","lost_evolution","area_damage","light","{""shape"":""diamond"",""min"":1,""max"":4,""requiresLineOfSight"":false}","{""shape"":""cone"",""radius"":0,""length"":4}","24","100","15","34","[{""type"":""damage""},{""type"":""status"",""status"":""speed_down"",""chance"":25,""duration"":3}]","efficient","light | projectile","false","ready"
"juuga_rangeki","Juuga Rangeki","Juuga Rangeki","じゅうがらんげき","じゅうがらんげき","lost_evolution | super_xros_wars","area_damage","light","{""shape"":""diamond"",""min"":1,""max"":4,""requiresLineOfSight"":false}","{""shape"":""cone"",""radius"":0,""length"":4}","39","100","11","34","[{""type"":""damage""}]","swift","light | projectile","true","ready"
"gatling_arm","Gatling Arm","Gatling Arm","ガトリングアーム","ガトリングアーム","digimon_story_ds | lost_evolution | super_xros_wars","area_damage","light","{""shape"":""diamond"",""min"":1,""max"":4,""requiresLineOfSight"":false}","{""shape"":""cone"",""radius"":0,""length"":4}","39","100","11","34","[{""type"":""damage""}]","swift","light | projectile","false","requires_digixros"
"power_shine","Power Shine","Power Shine","パワーシャイン","パワーシャイン","lost_evolution","area_damage","light","{""shape"":""diamond"",""min"":1,""max"":4,""requiresLineOfSight"":false}","{""shape"":""cone"",""radius"":0,""length"":4}","39","100","11","34","[{""type"":""damage""}]","swift","light | projectile","false","ready"
"holy_knuckle","Holy Knuckle","Holy Knuckle","ホーリーナックル","ホーリーナックル","lost_evolution | super_xros_wars","area_damage","light","{""shape"":""diamond"",""min"":1,""max"":4,""requiresLineOfSight"":false}","{""shape"":""cone"",""radius"":0,""length"":4}","24","100","15","34","[{""type"":""damage""},{""type"":""status"",""status"":""def_down"",""chance"":25,""duration"":3}]","efficient","light | projectile","true","ready"
"kofuusatsu","Kofuusatsu","Kofuusatsu","こふうさつ","こふうさつ","digimon_story_ds | lost_evolution | super_xros_wars","area_damage","light","{""shape"":""diamond"",""min"":1,""max"":4,""requiresLineOfSight"":false}","{""shape"":""cone"",""radius"":0,""length"":4}","24","100","15","34","[{""type"":""damage""},{""type"":""status"",""status"":""atk_down"",""chance"":25,""duration"":3}]","efficient","light | projectile","true","ready"
"shine_knuckle","Shine Knuckle","Shine Knuckle","シャインナックル","シャインナックル","lost_evolution","area_damage","light","{""shape"":""diamond"",""min"":1,""max"":4,""requiresLineOfSight"":false}","{""shape"":""cone"",""radius"":0,""length"":4}","38","95","20","48","[{""type"":""damage""},{""type"":""status"",""status"":""def_down"",""chance"":25,""duration"":3}]","precise","light | projectile","false","ready"
"spiral_r_claw","Spiral R Claw","Spiral R Claw","スパイラルRクロウ","スパイラルRクロウ","dawn_dusk | lost_evolution","area_damage","light","{""shape"":""diamond"",""min"":1,""max"":4,""requiresLineOfSight"":false}","{""shape"":""cone"",""radius"":0,""length"":4}","53","95","16","48","[{""type"":""damage""}]","potent","light | projectile","true","ready"
"aussterben","Aussterben","Aussterben","アウススターべン","アウススターべン","lost_evolution","area_damage","light","{""shape"":""diamond"",""min"":1,""max"":4,""requiresLineOfSight"":false}","{""shape"":""cone"",""radius"":0,""length"":4}","53","95","16","48","[{""type"":""damage""}]","potent","light | projectile","false","ready"
"k_fenix","K Fenix","K Fenix","Kフェニックス","Kフェニックス","lost_evolution","area_damage","light","{""shape"":""diamond"",""min"":1,""max"":4,""requiresLineOfSight"":false}","{""shape"":""cone"",""radius"":0,""length"":4}","38","95","20","48","[{""type"":""damage""},{""type"":""status"",""status"":""speed_down"",""chance"":25,""duration"":3}]","precise","light | projectile","true","ready"
"gaia_tornado","Gaia Tornado","Gaia Tornado","ガイアトルネード","ガイアトルネード","lost_evolution | super_xros_wars","area_damage","earth","{""shape"":""diamond"",""min"":1,""max"":4,""requiresLineOfSight"":false}","{""shape"":""cone"",""radius"":0,""length"":4}","53","95","16","48","[{""type"":""damage""}]","potent","earth | projectile","true","ready"
"grey_sword","Grey Sword","Grey Sword","グレイソード","グレイソード","lost_evolution | super_xros_wars","area_damage","light","{""shape"":""diamond"",""min"":1,""max"":4,""requiresLineOfSight"":false}","{""shape"":""cone"",""radius"":0,""length"":4}","53","90","29","70","[{""type"":""damage""},{""type"":""status"",""status"":""def_down"",""chance"":25,""duration"":3}]","precise","light | projectile","true","ready"
"petit_tornado","Petit Tornado","Petit Tornado","プチトルナト","プチトルナト","lost_evolution","area_damage","light","{""shape"":""diamond"",""min"":1,""max"":4,""requiresLineOfSight"":false}","{""shape"":""line"",""radius"":0,""length"":4}","12","100","11","24","[{""type"":""damage""},{""type"":""status"",""status"":""speed_down"",""chance"":25,""duration"":3}]","reliable_effect","light | projectile","true","ready"
"shogekiha","Shogekiha","Shogekiha","しょうげきは","しょうげきは","dawn_dusk | digimon_story_ds | lost_evolution | super_xros_wars","area_damage","light","{""shape"":""diamond"",""min"":1,""max"":4,""requiresLineOfSight"":false}","{""shape"":""line"",""radius"":0,""length"":4}","39","100","11","34","[{""type"":""damage""}]","swift","light | projectile","false","requires_digixros"
"asipatravana","Asipatravana","Asipatravana","アシパトラヴァナ","アシパトラヴァナ","lost_evolution | super_xros_wars","area_damage","light","{""shape"":""diamond"",""min"":1,""max"":4,""requiresLineOfSight"":false}","{""shape"":""line"",""radius"":0,""length"":4}","38","95","20","48","[{""type"":""damage""},{""type"":""status"",""status"":""speed_down"",""chance"":25,""duration"":3}]","precise","light | projectile","true","ready"
"shine_slash","Shine Slash","Shine Slash","シャインスラッシュ","シャインスラッシュ","dawn_dusk | lost_evolution | super_xros_wars","area_damage","light","{""shape"":""diamond"",""min"":1,""max"":4,""requiresLineOfSight"":false}","{""shape"":""line"",""radius"":0,""length"":4}","53","95","16","48","[{""type"":""damage""}]","potent","light | projectile","true","ready"
"heaven_s_ripper","Heaven's Ripper","Heaven's Ripper","ヘブンズリッパー","ヘブンズリッパー","lost_evolution | super_xros_wars","area_damage","light","{""shape"":""diamond"",""min"":1,""max"":4,""requiresLineOfSight"":false}","{""shape"":""line"",""radius"":0,""length"":4}","38","95","20","48","[{""type"":""damage""},{""type"":""status"",""status"":""speed_down"",""chance"":25,""duration"":3}]","precise","light | projectile","true","ready"
"chronos_crop","Chronos Crop","Chronos Crop","クロノスクロップ","クロノスクロップ","lost_evolution | super_xros_wars","area_damage","light","{""shape"":""diamond"",""min"":1,""max"":4,""requiresLineOfSight"":false}","{""shape"":""line"",""radius"":0,""length"":4}","38","95","20","48","[{""type"":""damage""},{""type"":""status"",""status"":""def_down"",""chance"":25,""duration"":3}]","precise","light | projectile","true","ready"
"high_sonic_voice","High Sonic Voice","High Sonic Voice","ハイソニックボイス","ハイソニックボイス","lost_evolution | super_xros_wars","area_damage","light","{""shape"":""diamond"",""min"":1,""max"":4,""requiresLineOfSight"":false}","{""shape"":""cross"",""radius"":1}","22","100","16","34","[{""type"":""damage""},{""type"":""status"",""status"":""speed_down"",""chance"":25,""duration"":3}]","efficient","light | projectile","false","ready"
"spiral_blow","Spiral Blow","Spiral Blow","スパイラルブロー","スパイラルブロー","dawn_dusk | lost_evolution | super_xros_wars","area_damage","light","{""shape"":""diamond"",""min"":1,""max"":4,""requiresLineOfSight"":false}","{""shape"":""cross"",""radius"":1}","22","100","16","34","[{""type"":""damage""},{""type"":""status"",""status"":""speed_down"",""chance"":25,""duration"":3}]","efficient","light | projectile","false","requires_digixros"
"holy_slash","Holy Slash","Holy Slash","ホーリースラッシュ","ホーリースラッシュ","dawn_dusk | lost_evolution | super_xros_wars","area_damage","light","{""shape"":""diamond"",""min"":1,""max"":4,""requiresLineOfSight"":false}","{""shape"":""cross"",""radius"":1}","37","100","12","34","[{""type"":""damage""}]","swift","light | projectile","true","ready"
"mega_sonic_voice","Mega Sonic Voice","Mega Sonic Voice","メガソニックボイス","メガソニックボイス","lost_evolution | super_xros_wars","area_damage","light","{""shape"":""diamond"",""min"":1,""max"":4,""requiresLineOfSight"":false}","{""shape"":""cross"",""radius"":1}","22","100","16","34","[{""type"":""damage""},{""type"":""status"",""status"":""speed_down"",""chance"":25,""duration"":3}]","efficient","light | projectile","true","ready"
"starlight","Starlight","Starlight","スターライト","スターライト","dawn_dusk | lost_evolution | super_xros_wars","area_damage","light","{""shape"":""diamond"",""min"":1,""max"":4,""requiresLineOfSight"":false}","{""shape"":""cross"",""radius"":1}","22","100","16","34","[{""type"":""damage""},{""type"":""status"",""status"":""atk_down"",""chance"":25,""duration"":3}]","efficient","light | projectile","true","ready"
"erase_claw","Erase Claw","Erase Claw","イレイズクロー","イレイズクロー","dawn_dusk | lost_evolution | super_xros_wars","area_damage","light","{""shape"":""diamond"",""min"":1,""max"":4,""requiresLineOfSight"":false}","{""shape"":""cross"",""radius"":1}","22","100","16","34","[{""type"":""damage""},{""type"":""status"",""status"":""def_down"",""chance"":25,""duration"":3}]","efficient","light | projectile","true","ready"
"shadow_wing","Shadow Wing","Shadow Wing","シャドーウイング","シャドーウイング","dawn_dusk | digimon_story_ds | lost_evolution","area_damage","dark","{""shape"":""diamond"",""min"":1,""max"":4,""requiresLineOfSight"":false}","{""shape"":""cross"",""radius"":1}","37","100","12","34","[{""type"":""damage""}]","swift","dark | projectile","true","ready"
"heaven_s_gate","Heaven's Gate","Heaven's Gate","ヘブンズゲート","ヘブンズゲート","dawn_dusk | lost_evolution | super_xros_wars","area_damage","light","{""shape"":""diamond"",""min"":1,""max"":4,""requiresLineOfSight"":false}","{""shape"":""cross"",""radius"":1}","37","100","12","34","[{""type"":""damage""}]","swift","light | projectile","false","requires_digixros"
"mikafutsu_no_kami","Mikafutsu no Kami","Mikafutsu no Kami","ミカフツノカミ","ミカフツノカミ","lost_evolution | super_xros_wars","area_damage","light","{""shape"":""diamond"",""min"":1,""max"":4,""requiresLineOfSight"":false}","{""shape"":""cross"",""radius"":1}","22","100","16","34","[{""type"":""damage""},{""type"":""status"",""status"":""def_down"",""chance"":25,""duration"":3}]","efficient","light | projectile","false","requires_digixros"
"lovely_attack","Lovely Attack","Lovely Attack","ラブリーアタック","ラブリーアタック","dawn_dusk | lost_evolution | super_xros_wars","area_damage","light","{""shape"":""diamond"",""min"":1,""max"":4,""requiresLineOfSight"":false}","{""shape"":""cross"",""radius"":1}","22","100","16","34","[{""type"":""damage""},{""type"":""status"",""status"":""atk_down"",""chance"":25,""duration"":3}]","efficient","light | projectile","false","requires_digixros"
"pyramid_power","Pyramid Power","Pyramid Power","ピラミッドパワー","ピラミッドパワー","dawn_dusk | lost_evolution | super_xros_wars","area_damage","light","{""shape"":""diamond"",""min"":1,""max"":4,""requiresLineOfSight"":false}","{""shape"":""cross"",""radius"":1}","22","100","16","34","[{""type"":""damage""},{""type"":""status"",""status"":""atk_down"",""chance"":25,""duration"":3}]","efficient","light | projectile","true","ready"
"nigimitama","Nigimitama","Nigimitama","ニギミタマ","ニギミタマ","lost_evolution | super_xros_wars","area_damage","light","{""shape"":""diamond"",""min"":1,""max"":4,""requiresLineOfSight"":false}","{""shape"":""cross"",""radius"":1}","35","95","21","48","[{""type"":""damage""},{""type"":""status"",""status"":""def_down"",""chance"":25,""duration"":3}]","precise","light | projectile","true","ready"
"shine_cross","Shine Cross","Shine Cross","シャインクロス","シャインクロス","lost_evolution | super_xros_wars","area_damage","light","{""shape"":""diamond"",""min"":1,""max"":4,""requiresLineOfSight"":false}","{""shape"":""cross"",""radius"":1}","50","95","17","48","[{""type"":""damage""}]","precise","light | projectile","true","ready"
"fin_elysion","FIN・Elysion","FIN・Elysion","FIN・エリシオン","FIN・エリシオン","lost_evolution","area_damage","light","{""shape"":""diamond"",""min"":1,""max"":4,""requiresLineOfSight"":false}","{""shape"":""cross"",""radius"":1}","50","95","17","48","[{""type"":""damage""}]","precise","light | projectile","true","ready"
"full_moon_bst","Full Moon BST","Full Moon BST","フルムーンBST","フルムーンBST","lost_evolution","area_damage","light","{""shape"":""diamond"",""min"":1,""max"":4,""requiresLineOfSight"":false}","{""shape"":""cross"",""radius"":1}","50","95","17","48","[{""type"":""damage""}]","precise","light | projectile","false","ready"
"holy_espada","Holy Espada","Holy Espada","ホーリーエスパーダ","ホーリーエスパーダ","lost_evolution | super_xros_wars","area_damage","light","{""shape"":""diamond"",""min"":1,""max"":4,""requiresLineOfSight"":false}","{""shape"":""cross"",""radius"":1}","35","95","21","48","[{""type"":""damage""},{""type"":""status"",""status"":""speed_down"",""chance"":25,""duration"":3}]","precise","light | projectile","true","ready"
"omega_r_force","Omega R Force","Omega R Force","オメガRフォース","オメガRフォース","lost_evolution","area_damage","light","{""shape"":""diamond"",""min"":1,""max"":4,""requiresLineOfSight"":false}","{""shape"":""cross"",""radius"":1}","35","95","21","48","[{""type"":""damage""},{""type"":""status"",""status"":""def_down"",""chance"":25,""duration"":3}]","precise","light | projectile","true","ready"
"holy_flame","Holy Flame","Holy Flame","ホーリーフレイム","ホーリーフレイム","dawn_dusk | lost_evolution | super_xros_wars","area_damage","fire","{""shape"":""diamond"",""min"":1,""max"":4,""requiresLineOfSight"":false}","{""shape"":""cross"",""radius"":1}","35","95","21","48","[{""type"":""damage""},{""type"":""status"",""status"":""atk_down"",""chance"":25,""duration"":3}]","precise","fire | projectile","false","requires_digixros"
"holy_flare","Holy Flare","Holy Flare","ホーリーフレア","ホーリーフレア","dawn_dusk | lost_evolution | super_xros_wars","area_damage","light","{""shape"":""diamond"",""min"":1,""max"":4,""requiresLineOfSight"":false}","{""shape"":""cross"",""radius"":1}","35","95","21","48","[{""type"":""damage""},{""type"":""status"",""status"":""atk_down"",""chance"":25,""duration"":3}]","precise","light | projectile","false","requires_digixros"
"kongou","Kongou","Kongou","こんごう","こんごう","lost_evolution | super_xros_wars","area_damage","light","{""shape"":""diamond"",""min"":1,""max"":4,""requiresLineOfSight"":false}","{""shape"":""cross"",""radius"":1}","49","90","30","70","[{""type"":""damage""},{""type"":""status"",""status"":""def_down"",""chance"":25,""duration"":3}]","precise","light | projectile","false","requires_digixros"
"aurora_ur","Aurora UR","Aurora UR","オーロラUR","オーロラUR","lost_evolution","area_damage","light","{""shape"":""diamond"",""min"":1,""max"":4,""requiresLineOfSight"":false}","{""shape"":""cross"",""radius"":1}","49","90","30","70","[{""type"":""damage""},{""type"":""status"",""status"":""atk_down"",""chance"":25,""duration"":3}]","precise","light | projectile","true","ready"
"quo_vadis","Quo Vadis","Quo Vadis","クオヴァディス","クオヴァディス","lost_evolution","area_damage","light","{""shape"":""diamond"",""min"":1,""max"":4,""requiresLineOfSight"":false}","{""shape"":""cross"",""radius"":1}","64","90","26","70","[{""type"":""damage""}]","precise","light | projectile","true","ready"
"finmr_burst","FINMR Burst","FINMR Burst","FINMRバースト","FINMRバースト","lost_evolution","area_damage","light","{""shape"":""diamond"",""min"":1,""max"":4,""requiresLineOfSight"":false}","{""shape"":""cross"",""radius"":1}","64","90","26","70","[{""type"":""damage""}]","precise","light | projectile","true","ready"
"full_moon_meteor_i","Full Moon Meteor I","Full Moon Meteor I","フルムーンメテオI","フルムーンメテオI","lost_evolution","area_damage","light","{""shape"":""diamond"",""min"":1,""max"":4,""requiresLineOfSight"":false}","{""shape"":""cross"",""radius"":1}","49","90","30","70","[{""type"":""damage""},{""type"":""status"",""status"":""def_down"",""chance"":25,""duration"":3}]","precise","light | projectile","true","ready"
"omega_blade","Omega Blade","Omega Blade","オメガブレード","オメガブレード","dawn_dusk | digimon_story_ds | lost_evolution | super_xros_wars","area_damage","light","{""shape"":""diamond"",""min"":1,""max"":4,""requiresLineOfSight"":false}","{""shape"":""cross"",""radius"":1}","49","90","30","70","[{""type"":""damage""},{""type"":""status"",""status"":""def_down"",""chance"":25,""duration"":3}]","precise","light | projectile","false","requires_digixros"
"big_tornado","Big Tornado","Big Tornado","ビッグトルネード","ビッグトルネード","dawn_dusk | lost_evolution | super_xros_wars","area_damage","light","{""shape"":""diamond"",""min"":1,""max"":4,""requiresLineOfSight"":false}","{""shape"":""line"",""radius"":0,""length"":4}","24","100","15","34","[{""type"":""damage""},{""type"":""status"",""status"":""speed_down"",""chance"":25,""duration"":3}]","efficient","light | projectile","false","ready"
"purple_rain","Purple Rain","Purple Rain","パープルレイン","パープルレイン","dawn_dusk | digimon_story_ds | lost_evolution | super_xros_wars","area_damage","light","{""shape"":""diamond"",""min"":1,""max"":4,""requiresLineOfSight"":false}","{""shape"":""line"",""radius"":0,""length"":4}","53","95","16","48","[{""type"":""damage""}]","potent","light | projectile","false","ready"
"god_tornado","God Tornado","God Tornado","ゴードトルネード","ゴードトルネード","lost_evolution","area_damage","light","{""shape"":""diamond"",""min"":1,""max"":4,""requiresLineOfSight"":false}","{""shape"":""cross"",""radius"":1}","37","100","12","34","[{""type"":""damage""}]","swift","light | projectile","true","ready"
"dual_sonic","Dual Sonic","Dual Sonic","デュアルソニック","デュアルソニック","digimon_story_ds | lost_evolution | super_xros_wars","area_damage","light","{""shape"":""diamond"",""min"":1,""max"":4,""requiresLineOfSight"":false}","{""shape"":""cross"",""radius"":1}","22","100","16","34","[{""type"":""damage""},{""type"":""status"",""status"":""atk_down"",""chance"":25,""duration"":3}]","efficient","light | projectile","false","ready"
"hyper_tornado","Hyper Tornado","Hyper Tornado","ハイパートルネード","ハイパートルネード","lost_evolution | super_xros_wars","area_damage","light","{""shape"":""diamond"",""min"":1,""max"":4,""requiresLineOfSight"":false}","{""shape"":""cross"",""radius"":1}","35","95","21","48","[{""type"":""damage""},{""type"":""status"",""status"":""speed_down"",""chance"":25,""duration"":3}]","precise","light | projectile","true","ready"
"empress_haze","Empress Haze","Empress Haze","エンプレスヘイズ","エンプレスヘイズ","dawn_dusk | lost_evolution | super_xros_wars","area_damage","light","{""shape"":""diamond"",""min"":1,""max"":4,""requiresLineOfSight"":false}","{""shape"":""cross"",""radius"":1}","50","95","17","48","[{""type"":""damage""}]","precise","light | projectile","false","ready"
"sephirot_csl","Sephirot CSL","Sephirot CSL","セフィロートCSL","セフィロートCSL","lost_evolution","area_damage","light","{""shape"":""diamond"",""min"":1,""max"":4,""requiresLineOfSight"":false}","{""shape"":""cross"",""radius"":1}","50","95","17","48","[{""type"":""damage""}]","precise","light | projectile","true","ready"
"izuna","Izuna","Izuna","イヅナ","イヅナ","dawn_dusk | lost_evolution | super_xros_wars","area_damage","light","{""shape"":""diamond"",""min"":1,""max"":4,""requiresLineOfSight"":false}","{""shape"":""cross"",""radius"":1}","35","95","21","48","[{""type"":""damage""},{""type"":""status"",""status"":""atk_down"",""chance"":25,""duration"":3}]","precise","light | projectile","false","requires_digixros"
"double_crescent","Double Crescent","Double Crescent","ダブルクレセント","ダブルクレセント","lost_evolution","area_damage","light","{""shape"":""diamond"",""min"":1,""max"":3,""requiresLineOfSight"":false}","{""shape"":""diamond"",""radius"":1}","50","95","17","48","[{""type"":""damage""}]","precise","light | projectile","true","ready"
"ext_jihad","EXT・Jihad","EXT・Jihad","EXT・ジハード","EXT・ジハード","lost_evolution","area_damage","light","{""shape"":""diamond"",""min"":1,""max"":5,""requiresLineOfSight"":false}","{""shape"":""diamond"",""radius"":2}","15","100","20","46","[{""type"":""damage""},{""type"":""status"",""status"":""atk_down"",""chance"":25,""duration"":3}]","efficient","light | projectile","true","ready"
"god_flame","God Flame","God Flame","ゴッドフレイム","ゴッドフレイム","lost_evolution | super_xros_wars","area_damage","fire","{""shape"":""diamond"",""min"":1,""max"":5,""requiresLineOfSight"":false}","{""shape"":""diamond"",""radius"":2}","40","95","21","60","[{""type"":""damage""}]","precise","fire | projectile","false","requires_digixros"
"seven_heavens","Seven Heavens","Seven Heavens","セブンヘブンズ","セブンヘブンズ","digimon_story_ds | lost_evolution | super_xros_wars","area_damage","light","{""shape"":""diamond"",""min"":1,""max"":5,""requiresLineOfSight"":false}","{""shape"":""diamond"",""radius"":2}","25","95","25","60","[{""type"":""damage""},{""type"":""status"",""status"":""atk_down"",""chance"":25,""duration"":3}]","precise","light | projectile","false","requires_digixros"
"starlight_ex","Starlight EX","Starlight EX","スターライトEX","スターライトEX","dawn_dusk | lost_evolution","area_damage","light","{""shape"":""diamond"",""min"":1,""max"":5,""requiresLineOfSight"":false}","{""shape"":""diamond"",""radius"":2}","25","95","25","60","[{""type"":""damage""},{""type"":""status"",""status"":""atk_down"",""chance"":25,""duration"":3}]","precise","light | projectile","true","ready"
"storm_gazer","Storm Gazer","Storm Gazer","ストームゲイザー","ストームゲイザー","lost_evolution | super_xros_wars","area_damage","light","{""shape"":""diamond"",""min"":1,""max"":5,""requiresLineOfSight"":false}","{""shape"":""diamond"",""radius"":2}","25","95","25","60","[{""type"":""damage""},{""type"":""status"",""status"":""speed_down"",""chance"":25,""duration"":3}]","precise","light | projectile","true","ready"
"ama_no_habakiri","Ama no Habakiri","Ama no Habakiri","あまのはばきり","あまのはばきり","lost_evolution | super_xros_wars","area_damage","light","{""shape"":""diamond"",""min"":1,""max"":5,""requiresLineOfSight"":false}","{""shape"":""diamond"",""radius"":2}","52","90","30","82","[{""type"":""damage""}]","precise","light | projectile","false","requires_digixros"
"electric_bubbles","Electric Bubbles","Electric Bubbles","でんきのアワ","でんきのアワ","lost_evolution","striker","electric","{""shape"":""diamond"",""min"":1,""max"":3,""requiresLineOfSight"":false}","{""shape"":""single"",""radius"":0}","32","100","4","24","[{""type"":""damage""}]","swift","electric | melee","false","ready"
"petit_blaster","Petit Blaster","Petit Blaster","プチブラスター","プチブラスター","lost_evolution","striker","electric","{""shape"":""diamond"",""min"":1,""max"":3,""requiresLineOfSight"":false}","{""shape"":""single"",""radius"":0}","32","100","4","24","[{""type"":""damage""}]","swift","electric | melee","false","ready"
"drain_whip","Drain Whip","Drain Whip","ドレインウィップ","ドレインウィップ","lost_evolution | super_xros_wars","striker","electric","{""shape"":""diamond"",""min"":1,""max"":3,""requiresLineOfSight"":false}","{""shape"":""single"",""radius"":0}","32","100","4","24","[{""type"":""damage""},{""type"":""drain_hp"",""percentOfDamage"":35}]","swift","electric | melee","true","ready"
"sonic_voice","Sonic Voice","Sonic Voice","ソニックボイス","ソニックボイス","dawn_dusk | lost_evolution | super_xros_wars","striker","electric","{""shape"":""diamond"",""min"":1,""max"":3,""requiresLineOfSight"":false}","{""shape"":""single"",""radius"":0}","17","100","8","24","[{""type"":""damage""},{""type"":""status"",""status"":""speed_down"",""chance"":25,""duration"":3}]","reliable_effect","electric | melee","true","ready"
"sticky_net","Sticky Net","Sticky Net","ネバネバネット","ネバネバネット","digimon_story_ds | lost_evolution | super_xros_wars","striker","electric","{""shape"":""diamond"",""min"":1,""max"":3,""requiresLineOfSight"":false}","{""shape"":""single"",""radius"":0}","17","100","8","24","[{""type"":""damage""},{""type"":""status"",""status"":""speed_down"",""chance"":25,""duration"":3}]","reliable_effect","electric | melee","false","ready"
"petit_thunder","Petit Thunder","Petit Thunder","プチサンダー","プチサンダー","digimon_story_ds | lost_evolution | super_xros_wars","striker","electric","{""shape"":""diamond"",""min"":1,""max"":3,""requiresLineOfSight"":false}","{""shape"":""single"",""radius"":0}","32","100","4","24","[{""type"":""damage""}]","swift","electric | melee","false","ready"
"poison_ivy","Poison Ivy","Poison Ivy","ポイズンアイビー","ポイズンアイビー","dawn_dusk | digimon_story_ds | lost_evolution | super_xros_wars","control","electric","{""shape"":""diamond"",""min"":1,""max"":3,""requiresLineOfSight"":false}","{""shape"":""single"",""radius"":0}","32","100","4","24","[{""type"":""damage""}]","swift","electric | melee","true","ready"
"scissor_arms_mini","Scissor Arms Mini","Scissor Arms Mini","シザーアームズミニ","シザーアームズミニ","lost_evolution | super_xros_wars","striker","electric","{""shape"":""diamond"",""min"":1,""max"":3,""requiresLineOfSight"":false}","{""shape"":""single"",""radius"":0}","32","100","4","24","[{""type"":""damage""}]","swift","electric | melee","true","ready"
"shock_gatling","Shock Gatling","Shock Gatling","ショックガトリング","ショックガトリング","lost_evolution | super_xros_wars","striker","electric","{""shape"":""diamond"",""min"":1,""max"":3,""requiresLineOfSight"":false}","{""shape"":""single"",""radius"":0}","46","100","8","34","[{""type"":""damage""}]","swift","electric | melee","false","ready"
"scissor_arms","Scissor Arms","Scissor Arms","シザーアームズ","シザーアームズ","lost_evolution | super_xros_wars","striker","electric","{""shape"":""diamond"",""min"":1,""max"":3,""requiresLineOfSight"":false}","{""shape"":""single"",""radius"":0}","46","100","8","34","[{""type"":""damage""}]","swift","electric | melee","false","ready"
"iga_iaijutsu","Iga Iaijutsu","Iga Iaijutsu","イガいあいじゅつ","イガいあいじゅつ","lost_evolution | super_xros_wars","striker","electric","{""shape"":""diamond"",""min"":1,""max"":3,""requiresLineOfSight"":false}","{""shape"":""single"",""radius"":0}","46","100","8","34","[{""type"":""damage""}]","swift","electric | melee","true","ready"
"spiking_fn","Spiking FN","Spiking FN","スパイキングFN","スパイキングFN","dawn_dusk | lost_evolution","striker","electric","{""shape"":""diamond"",""min"":1,""max"":3,""requiresLineOfSight"":false}","{""shape"":""single"",""radius"":0}","46","100","8","34","[{""type"":""damage""}]","swift","electric | melee","true","ready"
"mega_blaster","Mega Blaster","Mega Blaster","メガブラスター","メガブラスター","digimon_story_ds | lost_evolution | super_xros_wars","striker","electric","{""shape"":""diamond"",""min"":1,""max"":3,""requiresLineOfSight"":false}","{""shape"":""single"",""radius"":0}","46","100","8","34","[{""type"":""damage""}]","swift","electric | melee","false","requires_digixros"
"branch_drain","Branch Drain","Branch Drain","ブランチドレイン","ブランチドレイン","dawn_dusk | lost_evolution | super_xros_wars","striker","electric","{""shape"":""diamond"",""min"":1,""max"":3,""requiresLineOfSight"":false}","{""shape"":""single"",""radius"":0}","46","100","8","34","[{""type"":""damage""},{""type"":""drain_hp"",""percentOfDamage"":35}]","swift","electric | melee","false","ready"
"metal_arm","Metal Arm","Metal Arm","メタルアーム","メタルアーム","lost_evolution | super_xros_wars","striker","electric","{""shape"":""diamond"",""min"":1,""max"":3,""requiresLineOfSight"":false}","{""shape"":""single"",""radius"":0}","46","100","8","34","[{""type"":""damage""}]","swift","electric | melee","true","ready"
"high_mega_blaster","High Mega Blaster","High Mega Blaster","ハイメガブラスター","ハイメガブラスター","lost_evolution | super_xros_wars","striker","electric","{""shape"":""diamond"",""min"":1,""max"":3,""requiresLineOfSight"":false}","{""shape"":""single"",""radius"":0}","31","100","12","34","[{""type"":""damage""},{""type"":""status"",""status"":""atk_down"",""chance"":25,""duration"":3}]","reliable_effect","electric | melee","true","ready"
"mjollnir_thunder","Mjollnir Thunder","Mjollnir Thunder","ミョルニルサンダー","ミョルニルサンダー","digimon_story_ds | lost_evolution | super_xros_wars","striker","electric","{""shape"":""diamond"",""min"":1,""max"":3,""requiresLineOfSight"":false}","{""shape"":""single"",""radius"":0}","62","95","13","48","[{""type"":""damage""}]","potent","electric | melee","true","ready"
"s_arms_omega","S Arms Omega","S Arms Omega","Sアームズオメガ","Sアームズオメガ","lost_evolution","striker","electric","{""shape"":""diamond"",""min"":1,""max"":3,""requiresLineOfSight"":false}","{""shape"":""single"",""radius"":0}","62","95","13","48","[{""type"":""damage""}]","potent","electric | melee","true","ready"
"blue_lightning","Blue Lightning","Blue Lightning","ブルーライトニング","ブルーライトニング","lost_evolution | super_xros_wars","striker","light","{""shape"":""diamond"",""min"":1,""max"":3,""requiresLineOfSight"":false}","{""shape"":""single"",""radius"":0}","47","95","17","48","[{""type"":""damage""},{""type"":""status"",""status"":""speed_down"",""chance"":25,""duration"":3}]","precise","light | melee","true","ready"
"deadly_sickle","Deadly Sickle","Deadly Sickle","デッドリーシックル","デッドリーシックル","lost_evolution | super_xros_wars","striker","electric","{""shape"":""diamond"",""min"":1,""max"":3,""requiresLineOfSight"":false}","{""shape"":""single"",""radius"":0}","62","95","13","48","[{""type"":""damage""}]","potent","electric | melee","true","ready"
"lovely_impact","Lovely Impact","Lovely Impact","ラブリーインパクト","ラブリーインパクト","lost_evolution | super_xros_wars","striker","electric","{""shape"":""diamond"",""min"":1,""max"":3,""requiresLineOfSight"":false}","{""shape"":""single"",""radius"":0}","62","95","13","48","[{""type"":""damage""}]","potent","electric | melee","true","ready"
"br_rupture","BR Rupture","BR Rupture","BRラプチェアー","BRラプチェアー","lost_evolution","support","electric","{""shape"":""diamond"",""min"":0,""max"":3,""requiresLineOfSight"":false}","{""shape"":""single"",""radius"":0}","0","100","6","28","[{""type"":""drain_sp"",""amount"":6}]","swift","electric | melee","true","ready"
"ame_no_ohabari","Ame no Ohabari","Ame no Ohabari","あめのおはばり","あめのおはばり","lost_evolution | super_xros_wars","striker","electric","{""shape"":""diamond"",""min"":1,""max"":3,""requiresLineOfSight"":false}","{""shape"":""single"",""radius"":0}","62","95","13","48","[{""type"":""damage""}]","potent","electric | melee","false","requires_digixros"
"elt_bind","ELT Bind","ELT Bind","ELTバインド","ELTバインド","lost_evolution","striker","electric","{""shape"":""diamond"",""min"":1,""max"":3,""requiresLineOfSight"":false}","{""shape"":""single"",""radius"":0}","62","95","13","48","[{""type"":""damage""},{""type"":""drain_sp"",""amount"":6}]","potent","electric | melee","true","ready"
"roses_rapier","Roses Rapier","Roses Rapier","ローゼスレイピア","ローゼスレイピア","digimon_story_ds | lost_evolution | super_xros_wars","striker","electric","{""shape"":""diamond"",""min"":1,""max"":3,""requiresLineOfSight"":false}","{""shape"":""single"",""radius"":0}","62","95","13","48","[{""type"":""damage""}]","potent","electric | melee","true","ready"
"ending_snp","Ending SNP","Ending SNP","エンディンぐSNP","エンディンぐSNP","lost_evolution","striker","electric","{""shape"":""diamond"",""min"":1,""max"":3,""requiresLineOfSight"":false}","{""shape"":""single"",""radius"":0}","47","95","17","48","[{""type"":""damage""},{""type"":""status"",""status"":""def_down"",""chance"":25,""duration"":3}]","precise","electric | melee","true","ready"
"lightning_spear","Lightning Spear","Lightning Spear","ライトニングスピア","ライトニングスピア","digimon_story_ds | lost_evolution | super_xros_wars","striker","light","{""shape"":""diamond"",""min"":1,""max"":3,""requiresLineOfSight"":false}","{""shape"":""single"",""radius"":0}","47","95","17","48","[{""type"":""damage""},{""type"":""status"",""status"":""atk_down"",""chance"":25,""duration"":3}]","precise","light | melee","false","requires_digixros"
"dm_scissor","DM Scissor","DM Scissor","DMシザー","DMシザー","lost_evolution","striker","electric","{""shape"":""diamond"",""min"":1,""max"":3,""requiresLineOfSight"":false}","{""shape"":""single"",""radius"":0}","62","95","13","48","[{""type"":""damage""}]","potent","electric | melee","true","ready"
"booster_claw","Booster Claw","Booster Claw","ブースタークロー","ブースタークロー","lost_evolution | super_xros_wars","striker","electric","{""shape"":""diamond"",""min"":1,""max"":3,""requiresLineOfSight"":false}","{""shape"":""single"",""radius"":0}","80","90","22","70","[{""type"":""damage""}]","potent","electric | melee","true","ready"
"raikou_issen","Raikou Issen","Raikou Issen","らいこういっせん","らいこういっせん","lost_evolution","striker","electric","{""shape"":""diamond"",""min"":1,""max"":3,""requiresLineOfSight"":false}","{""shape"":""single"",""radius"":0}","80","90","22","70","[{""type"":""damage""}]","potent","electric | melee","true","ready"
"thunder","Thunder","Thunder","サンダー","サンダー","dawn_dusk | lost_evolution | super_xros_wars","area_damage","electric","{""shape"":""diamond"",""min"":1,""max"":4,""requiresLineOfSight"":false}","{""shape"":""cone"",""radius"":0,""length"":4}","27","100","7","24","[{""type"":""damage""}]","swift","electric | projectile","false","ready"
"nanomachine_break","Nanomachine Break","Nanomachine Break","ナノマシンブレイク","ナノマシンブレイク","lost_evolution","area_damage","electric","{""shape"":""diamond"",""min"":1,""max"":4,""requiresLineOfSight"":false}","{""shape"":""cone"",""radius"":0,""length"":4}","12","100","11","24","[{""type"":""damage""},{""type"":""status"",""status"":""def_down"",""chance"":25,""duration"":3}]","reliable_effect","electric | projectile","true","ready"
"double_blaster","Double Blaster","Double Blaster","ダブルブラスター","ダブルブラスター","dawn_dusk | lost_evolution | super_xros_wars","area_damage","electric","{""shape"":""diamond"",""min"":1,""max"":4,""requiresLineOfSight"":false}","{""shape"":""cone"",""radius"":0,""length"":4}","39","100","11","34","[{""type"":""damage""}]","swift","electric | projectile","false","ready"
"thunder_claw","Thunder Claw","Thunder Claw","サンダークロー","サンダークロー","dawn_dusk | lost_evolution | super_xros_wars","area_damage","electric","{""shape"":""diamond"",""min"":1,""max"":4,""requiresLineOfSight"":false}","{""shape"":""cone"",""radius"":0,""length"":4}","39","100","11","34","[{""type"":""damage""}]","swift","electric | projectile","true","ready"
"thunder_needle","Thunder Needle","Thunder Needle","サンダーニードル","サンダーニードル","lost_evolution | super_xros_wars","area_damage","electric","{""shape"":""diamond"",""min"":1,""max"":4,""requiresLineOfSight"":false}","{""shape"":""cone"",""radius"":0,""length"":4}","39","100","11","34","[{""type"":""damage""}]","swift","electric | projectile","false","ready"
"plasma_blade","Plasma Blade","Plasma Blade","プラズマブレイド","プラズマブレイド","lost_evolution | super_xros_wars","area_damage","electric","{""shape"":""diamond"",""min"":1,""max"":4,""requiresLineOfSight"":false}","{""shape"":""cone"",""radius"":0,""length"":4}","39","100","11","34","[{""type"":""damage""}]","swift","electric | projectile","false","requires_digixros"
"prickly_bang_bang","Prickly Bang Bang","Prickly Bang Bang","チクチクバンバン","チクチクバンバン","digimon_story_ds | lost_evolution | super_xros_wars","area_damage","electric","{""shape"":""diamond"",""min"":1,""max"":4,""requiresLineOfSight"":false}","{""shape"":""cone"",""radius"":0,""length"":4}","39","100","11","34","[{""type"":""damage""}]","swift","electric | projectile","false","ready"
"plasma_shoot","Plasma Shoot","Plasma Shoot","プラズマシュート","プラズマシュート","lost_evolution | super_xros_wars","area_damage","electric","{""shape"":""diamond"",""min"":1,""max"":4,""requiresLineOfSight"":false}","{""shape"":""cone"",""radius"":0,""length"":4}","24","100","15","34","[{""type"":""damage""},{""type"":""status"",""status"":""def_down"",""chance"":25,""duration"":3}]","efficient","electric | projectile","false","ready"
"flower_bomb","Flower Bomb","Flower Bomb","フラワーボム","フラワーボム","lost_evolution | super_xros_wars","area_damage","electric","{""shape"":""diamond"",""min"":1,""max"":4,""requiresLineOfSight"":false}","{""shape"":""cone"",""radius"":0,""length"":4}","39","100","11","34","[{""type"":""damage""}]","swift","electric | projectile","false","ready"
"wild_td_claw","Wild TD Claw","Wild TD Claw","ワイルドTDクロー","ワイルドTDクロー","dawn_dusk | lost_evolution","area_damage","electric","{""shape"":""diamond"",""min"":1,""max"":4,""requiresLineOfSight"":false}","{""shape"":""cone"",""radius"":0,""length"":4}","39","100","11","34","[{""type"":""damage""}]","swift","electric | projectile","false","ready"
"charm_whip","Charm Whip","Charm Whip","チャームウィップ","チャームウィップ","lost_evolution | super_xros_wars","area_damage","electric","{""shape"":""diamond"",""min"":1,""max"":4,""requiresLineOfSight"":false}","{""shape"":""cone"",""radius"":0,""length"":4}","39","100","11","34","[{""type"":""damage""},{""type"":""drain_hp"",""percentOfDamage"":35}]","swift","electric | projectile","false","ready"
"double_edge","Double Edge","Double Edge","ダブルエッジ","ダブルエッジ","digimon_story_ds | lost_evolution | super_xros_wars","area_damage","electric","{""shape"":""diamond"",""min"":1,""max"":4,""requiresLineOfSight"":false}","{""shape"":""cone"",""radius"":0,""length"":4}","53","95","16","48","[{""type"":""damage""}]","potent","electric | projectile","true","ready"
"spiral_sword","Spiral Sword","Spiral Sword","スパイラルソード","スパイラルソード","digimon_story_ds | lost_evolution | super_xros_wars","area_damage","electric","{""shape"":""diamond"",""min"":1,""max"":4,""requiresLineOfSight"":false}","{""shape"":""cone"",""radius"":0,""length"":4}","53","95","16","48","[{""type"":""damage""}]","potent","electric | projectile","true","ready"
"horn_buster","Horn Buster","Horn Buster","ホーンバスター","ホーンバスター","dawn_dusk | lost_evolution | super_xros_wars","area_damage","electric","{""shape"":""diamond"",""min"":1,""max"":4,""requiresLineOfSight"":false}","{""shape"":""cone"",""radius"":0,""length"":4}","53","95","16","48","[{""type"":""damage""}]","potent","electric | projectile","false","ready"
"mighty_td_claw","Mighty TD Claw","Mighty TD Claw","マイティTDクロー","マイティTDクロー","lost_evolution","area_damage","electric","{""shape"":""diamond"",""min"":1,""max"":4,""requiresLineOfSight"":false}","{""shape"":""cone"",""radius"":0,""length"":4}","53","95","16","48","[{""type"":""damage""}]","potent","electric | projectile","true","ready"
"giga_bolt_shot","Giga Bolt Shot","Giga Bolt Shot","ギガボルバショット","ギガボルバショット","lost_evolution","area_damage","electric","{""shape"":""diamond"",""min"":1,""max"":4,""requiresLineOfSight"":false}","{""shape"":""cone"",""radius"":0,""length"":4}","53","95","16","48","[{""type"":""damage""}]","potent","electric | projectile","false","ready"
"electro_whip","Electro Whip","Electro Whip","エレクトロヴィップ","エレクトロヴィップ","lost_evolution","area_damage","electric","{""shape"":""diamond"",""min"":1,""max"":4,""requiresLineOfSight"":false}","{""shape"":""cone"",""radius"":0,""length"":4}","53","95","16","48","[{""type"":""damage""},{""type"":""drain_hp"",""percentOfDamage"":35}]","potent","electric | projectile","false","ready"
"end_waltz","End・Waltz","End・Waltz","エンド・ワルツ","エンド・ワルツ","lost_evolution | super_xros_wars","area_damage","electric","{""shape"":""diamond"",""min"":1,""max"":4,""requiresLineOfSight"":false}","{""shape"":""cone"",""radius"":0,""length"":4}","38","95","20","48","[{""type"":""damage""},{""type"":""status"",""status"":""speed_down"",""chance"":25,""duration"":3}]","precise","electric | projectile","false","requires_digixros"
"mh_stinger_v","MH Stinger V","MH Stinger V","MHスティンガーV","MHスティンガーV","lost_evolution","area_damage","electric","{""shape"":""diamond"",""min"":1,""max"":4,""requiresLineOfSight"":false}","{""shape"":""cone"",""radius"":0,""length"":4}","53","95","16","48","[{""type"":""damage""}]","potent","electric | projectile","true","ready"
"tera_blaster","Tera Blaster","Tera Blaster","テラブラスター","テラブラスター","lost_evolution | super_xros_wars","area_damage","electric","{""shape"":""diamond"",""min"":1,""max"":4,""requiresLineOfSight"":false}","{""shape"":""cone"",""radius"":0,""length"":4}","53","95","16","48","[{""type"":""damage""}]","potent","electric | projectile","false","requires_digixros"
"aguichant_levres","Aguichant Levres","Aguichant Levres","アギシャンレーヴル","アギシャンレーヴル","lost_evolution | super_xros_wars","area_damage","electric","{""shape"":""diamond"",""min"":1,""max"":4,""requiresLineOfSight"":false}","{""shape"":""cone"",""radius"":0,""length"":4}","53","90","29","70","[{""type"":""damage""},{""type"":""status"",""status"":""def_down"",""chance"":25,""duration"":3}]","precise","electric | projectile","false","ready"
"thunder_cloud","Thunder Cloud","Thunder Cloud","サンダークラウド","サンダークラウド","digimon_story_ds | lost_evolution | super_xros_wars","area_damage","electric","{""shape"":""diamond"",""min"":1,""max"":4,""requiresLineOfSight"":false}","{""shape"":""line"",""radius"":0,""length"":4}","39","100","11","34","[{""type"":""damage""}]","swift","electric | projectile","true","ready"
"lila_shower","Lila Shower","Lila Shower","ライラシャワー","ライラシャワー","dawn_dusk | lost_evolution | super_xros_wars","area_damage","electric","{""shape"":""diamond"",""min"":1,""max"":4,""requiresLineOfSight"":false}","{""shape"":""line"",""radius"":0,""length"":4}","53","95","16","48","[{""type"":""damage""}]","potent","electric | projectile","true","ready"
"dark_thunder","Dark Thunder","Dark Thunder","ダークサンダー","ダークサンダー","lost_evolution | super_xros_wars","area_damage","dark","{""shape"":""diamond"",""min"":1,""max"":4,""requiresLineOfSight"":false}","{""shape"":""line"",""radius"":0,""length"":4}","38","95","20","48","[{""type"":""damage""},{""type"":""status"",""status"":""speed_down"",""chance"":25,""duration"":3}]","precise","dark | projectile","false","ready"
"epeius_gimmick","Epeius Gimmick","Epeius Gimmick","エペイオスギミック","エペイオスギミック","lost_evolution | super_xros_wars","area_damage","electric","{""shape"":""diamond"",""min"":1,""max"":4,""requiresLineOfSight"":false}","{""shape"":""line"",""radius"":0,""length"":4}","53","95","16","48","[{""type"":""damage""}]","potent","electric | projectile","true","ready"
"fuushikaden","Fuushikaden","Fuushikaden","ふうしかでん","ふうしかでん","lost_evolution | super_xros_wars","area_damage","electric","{""shape"":""diamond"",""min"":1,""max"":4,""requiresLineOfSight"":false}","{""shape"":""line"",""radius"":0,""length"":4}","68","90","25","70","[{""type"":""damage""}]","potent","electric | projectile","true","ready"
"chrono_breaker","Chrono Breaker","Chrono Breaker","クロノブレーカー","クロノブレーカー","lost_evolution | super_xros_wars","area_damage","electric","{""shape"":""diamond"",""min"":1,""max"":4,""requiresLineOfSight"":false}","{""shape"":""cross"",""radius"":1}","37","100","12","34","[{""type"":""damage""}]","swift","electric | projectile","true","ready"
"power_blaster","Power Blaster","Power Blaster","パワーブラスター","パワーブラスター","dawn_dusk | lost_evolution","area_damage","electric","{""shape"":""diamond"",""min"":1,""max"":4,""requiresLineOfSight"":false}","{""shape"":""cross"",""radius"":1}","37","100","12","34","[{""type"":""damage""}]","swift","electric | projectile","false","ready"
"psychic_wave","Psychic Wave","Psychic Wave","サイキックウェーブ","サイキックウェーブ","lost_evolution","area_damage","electric","{""shape"":""diamond"",""min"":1,""max"":4,""requiresLineOfSight"":false}","{""shape"":""cross"",""radius"":1}","37","100","12","34","[{""type"":""damage""}]","swift","electric | projectile","false","ready"
"air_thunder","Air Thunder","Air Thunder","エアサンダー","エアサンダー","dawn_dusk | lost_evolution | super_xros_wars","area_damage","electric","{""shape"":""diamond"",""min"":1,""max"":4,""requiresLineOfSight"":false}","{""shape"":""cross"",""radius"":1}","37","100","12","34","[{""type"":""damage""}]","swift","electric | projectile","false","ready"
"energy_shot","Energy Shot","Energy Shot","エナジーショット","エナジーショット","dawn_dusk | lost_evolution | super_xros_wars","area_damage","electric","{""shape"":""diamond"",""min"":1,""max"":4,""requiresLineOfSight"":false}","{""shape"":""cross"",""radius"":1}","37","100","12","34","[{""type"":""damage""}]","swift","electric | projectile","false","ready"
"rising_ray","Rising・Ray","Rising・Ray","ライジング・レイ","ライジング・レイ","lost_evolution | super_xros_wars","area_damage","electric","{""shape"":""diamond"",""min"":1,""max"":4,""requiresLineOfSight"":false}","{""shape"":""cross"",""radius"":1}","22","100","16","34","[{""type"":""damage""},{""type"":""status"",""status"":""def_down"",""chance"":25,""duration"":3}]","efficient","electric | projectile","true","ready"
"spiral_flower","Spiral Flower","Spiral Flower","スパイラルフラワー","スパイラルフラワー","dawn_dusk | digimon_story_ds | lost_evolution | super_xros_wars","area_damage","electric","{""shape"":""diamond"",""min"":1,""max"":4,""requiresLineOfSight"":false}","{""shape"":""cross"",""radius"":1}","37","100","12","34","[{""type"":""damage""}]","swift","electric | projectile","false","requires_digixros"
"illusion_m","Illusion M","Illusion M","イリュージョンM","イリュージョンM","dawn_dusk | lost_evolution","area_damage","electric","{""shape"":""diamond"",""min"":1,""max"":4,""requiresLineOfSight"":false}","{""shape"":""cross"",""radius"":1}","37","100","12","34","[{""type"":""damage""},{""type"":""drain_hp"",""percentOfDamage"":35}]","swift","electric | projectile","false","ready"
"spider_thread","Spider Thread","Spider Thread","スパイダースレッド","スパイダースレッド","dawn_dusk | lost_evolution | super_xros_wars","area_damage","electric","{""shape"":""diamond"",""min"":1,""max"":4,""requiresLineOfSight"":false}","{""shape"":""cross"",""radius"":1}","22","100","16","34","[{""type"":""damage""},{""type"":""status"",""status"":""speed_down"",""chance"":25,""duration"":3}]","efficient","electric | projectile","true","ready"
"hammer_spark","Hammer Spark","Hammer Spark","ハンマースパーク","ハンマースパーク","digimon_story_ds | lost_evolution | super_xros_wars","area_damage","electric","{""shape"":""diamond"",""min"":1,""max"":4,""requiresLineOfSight"":false}","{""shape"":""cross"",""radius"":1}","22","100","16","34","[{""type"":""damage""},{""type"":""status"",""status"":""def_down"",""chance"":25,""duration"":3}]","efficient","electric | projectile","true","ready"
"hell_masquerade","Hell Masquerade","Hell Masquerade","ヘルマスカレード","ヘルマスカレード","lost_evolution | super_xros_wars","area_damage","electric","{""shape"":""diamond"",""min"":1,""max"":4,""requiresLineOfSight"":false}","{""shape"":""cross"",""radius"":1}","50","95","17","48","[{""type"":""damage""}]","precise","electric | projectile","false","requires_digixros"
"sv_fantasia","SV Fantasia","SV Fantasia","SVファンタジア","SVファンタジア","dawn_dusk | lost_evolution","area_damage","electric","{""shape"":""diamond"",""min"":1,""max"":4,""requiresLineOfSight"":false}","{""shape"":""cross"",""radius"":1}","50","95","17","48","[{""type"":""damage""}]","precise","electric | projectile","true","ready"
"smiley_w_head","Smiley W Head","Smiley W Head","スマイリーWヘッド","スマイリーWヘッド","lost_evolution","area_damage","electric","{""shape"":""diamond"",""min"":1,""max"":4,""requiresLineOfSight"":false}","{""shape"":""cross"",""radius"":1}","50","95","17","48","[{""type"":""damage""}]","precise","electric | projectile","true","ready"
"ulti_stream","ULTI Stream","ULTI Stream","ULTIストリーム","ULTIストリーム","lost_evolution","area_damage","electric","{""shape"":""diamond"",""min"":1,""max"":4,""requiresLineOfSight"":false}","{""shape"":""cross"",""radius"":1}","35","95","21","48","[{""type"":""damage""},{""type"":""status"",""status"":""speed_down"",""chance"":25,""duration"":3}]","precise","electric | projectile","false","ready"
"giga_blaster","Giga Blaster","Giga Blaster","ギガブラスター","ギガブラスター","dawn_dusk | digimon_story_ds | lost_evolution | super_xros_wars","area_damage","electric","{""shape"":""diamond"",""min"":1,""max"":4,""requiresLineOfSight"":false}","{""shape"":""cross"",""radius"":1}","50","95","17","48","[{""type"":""damage""}]","precise","electric | projectile","false","requires_digixros"
"spl_masquerade","SPL Masquerade","SPL Masquerade","SPLマスカレード","SPLマスカレード","lost_evolution","area_damage","electric","{""shape"":""diamond"",""min"":1,""max"":4,""requiresLineOfSight"":false}","{""shape"":""cross"",""radius"":1}","35","95","21","48","[{""type"":""damage""},{""type"":""status"",""status"":""speed_down"",""chance"":25,""duration"":3}]","precise","electric | projectile","true","ready"
"gear_stinger","Gear Stinger","Gear Stinger","ギアスティンガー","ギアスティンガー","lost_evolution | super_xros_wars","area_damage","electric","{""shape"":""diamond"",""min"":1,""max"":4,""requiresLineOfSight"":false}","{""shape"":""cross"",""radius"":1}","50","95","17","48","[{""type"":""damage""}]","precise","electric | projectile","true","ready"
"trinity_arm","Trinity Arm","Trinity Arm","トリニティアーム","トリニティアーム","lost_evolution | super_xros_wars","area_damage","electric","{""shape"":""diamond"",""min"":1,""max"":4,""requiresLineOfSight"":false}","{""shape"":""cross"",""radius"":1}","50","95","17","48","[{""type"":""damage""}]","precise","electric | projectile","false","ready"
"infinity_cannon","Infinity Cannon","Infinity Cannon","∞キャノン","∞キャノン","lost_evolution | super_xros_wars","area_damage","electric","{""shape"":""diamond"",""min"":1,""max"":4,""requiresLineOfSight"":false}","{""shape"":""cross"",""radius"":1}","50","95","17","48","[{""type"":""damage""}]","precise","electric | projectile","false","requires_digixros"
"yakusa_no_ikazuchi","Yakusa no Ikazuchi","Yakusa no Ikazuchi","やくさのいかずち","やくさのいかずち","lost_evolution | super_xros_wars","area_damage","electric","{""shape"":""diamond"",""min"":1,""max"":4,""requiresLineOfSight"":false}","{""shape"":""cross"",""radius"":1}","49","90","30","70","[{""type"":""damage""},{""type"":""status"",""status"":""speed_down"",""chance"":25,""duration"":3}]","precise","electric | projectile","false","ready"
"warning_laser","Warning Laser","Warning Laser","ワーニングレーザー","ワーニングレーザー","digimon_story_ds | lost_evolution | super_xros_wars","area_damage","electric","{""shape"":""diamond"",""min"":1,""max"":4,""requiresLineOfSight"":false}","{""shape"":""line"",""radius"":0,""length"":4}","24","100","15","34","[{""type"":""damage""},{""type"":""status"",""status"":""speed_down"",""chance"":25,""duration"":3}]","efficient","electric | projectile","true","ready"
"thunder_javelin","Thunder Javelin","Thunder Javelin","サンダージャベリン","サンダージャベリン","digimon_story_ds | lost_evolution | super_xros_wars","area_damage","electric","{""shape"":""diamond"",""min"":1,""max"":4,""requiresLineOfSight"":false}","{""shape"":""line"",""radius"":0,""length"":4}","39","100","11","34","[{""type"":""damage""}]","swift","electric | projectile","false","requires_digixros"
"un_deux_pollen","Un Deux Pollen","Un Deux Pollen","アンドゥポラン","アンドゥポラン","lost_evolution | super_xros_wars","area_damage","electric","{""shape"":""diamond"",""min"":1,""max"":4,""requiresLineOfSight"":false}","{""shape"":""cross"",""radius"":1}","37","100","12","34","[{""type"":""damage""}]","swift","electric | projectile","true","ready"
"devil_s_thrown_kiss","Devil's Thrown Kiss","Devil's Thrown Kiss","アクマのなげキッス","アクマのなげキッス","lost_evolution | super_xros_wars","area_damage","electric","{""shape"":""diamond"",""min"":1,""max"":4,""requiresLineOfSight"":false}","{""shape"":""cross"",""radius"":1}","37","100","12","34","[{""type"":""damage""}]","swift","electric | projectile","true","ready"
"f_temptation","F Temptation","F Temptation","Fテンプテーション","Fテンプテーション","lost_evolution","area_damage","electric","{""shape"":""diamond"",""min"":1,""max"":4,""requiresLineOfSight"":false}","{""shape"":""cross"",""radius"":1}","50","95","17","48","[{""type"":""damage""}]","precise","electric | projectile","true","ready"
"charite","Charite","Charite","シャリテ","シャリテ","dawn_dusk | lost_evolution | super_xros_wars","area_damage","electric","{""shape"":""diamond"",""min"":1,""max"":4,""requiresLineOfSight"":false}","{""shape"":""cross"",""radius"":1}","35","95","21","48","[{""type"":""damage""},{""type"":""status"",""status"":""atk_down"",""chance"":25,""duration"":3}]","precise","electric | projectile","false","requires_digixros"
"sing_a_song","Sing a Song","Sing a Song","シングアソング","シングアソング","lost_evolution | super_xros_wars","area_damage","electric","{""shape"":""diamond"",""min"":1,""max"":5,""requiresLineOfSight"":false}","{""shape"":""diamond"",""radius"":2}","21","100","12","36","[{""type"":""damage""}]","swift","electric | projectile","true","ready"
"hyp_bulldozer","HYP Bulldozer","HYP Bulldozer","HYPブルドーザー","HYPブルドーザー","lost_evolution","area_damage","electric","{""shape"":""diamond"",""min"":1,""max"":5,""requiresLineOfSight"":false}","{""shape"":""diamond"",""radius"":2}","15","100","20","46","[{""type"":""damage""},{""type"":""status"",""status"":""def_down"",""chance"":25,""duration"":3}]","efficient","electric | projectile","false","ready"
"irritant_buzz","Irritant Buzz","Irritant Buzz","イリタントバズ","イリタントバズ","lost_evolution | super_xros_wars","area_damage","electric","{""shape"":""diamond"",""min"":1,""max"":5,""requiresLineOfSight"":false}","{""shape"":""diamond"",""radius"":2}","30","100","16","46","[{""type"":""damage""}]","efficient","electric | projectile","false","ready"
"heaven_s_thunder","Heaven's Thunder","Heaven's Thunder","ヘブンズサンダー","ヘブンズサンダー","lost_evolution","area_damage","electric","{""shape"":""diamond"",""min"":1,""max"":5,""requiresLineOfSight"":false}","{""shape"":""diamond"",""radius"":2}","40","95","21","60","[{""type"":""damage""}]","precise","electric | projectile","true","ready"
"gs_destroyer","GS Destroyer","GS Destroyer","GSデストロイヤー","GSデストロイヤー","lost_evolution","area_damage","electric","{""shape"":""diamond"",""min"":1,""max"":5,""requiresLineOfSight"":false}","{""shape"":""diamond"",""radius"":2}","40","95","21","60","[{""type"":""damage""}]","precise","electric | projectile","true","ready"
"calamity_thunder","Calamity Thunder","Calamity Thunder","カラミティサンダー","カラミティサンダー","lost_evolution | super_xros_wars","area_damage","electric","{""shape"":""diamond"",""min"":1,""max"":5,""requiresLineOfSight"":false}","{""shape"":""diamond"",""radius"":2}","40","95","21","60","[{""type"":""damage""}]","precise","electric | projectile","true","ready"
"sourai","Sourai","Sourai","そうらい","そうらい","lost_evolution | super_xros_wars","area_damage","electric","{""shape"":""diamond"",""min"":1,""max"":5,""requiresLineOfSight"":false}","{""shape"":""diamond"",""radius"":2}","37","90","34","82","[{""type"":""damage""},{""type"":""status"",""status"":""speed_down"",""chance"":25,""duration"":3}]","precise","electric | projectile","false","requires_digixros"
"acid_bubbles","Acid Bubbles","Acid Bubbles","さんのアワ","さんのアワ","digimon_story_ds | lost_evolution | super_xros_wars","striker","water","{""shape"":""diamond"",""min"":1,""max"":3,""requiresLineOfSight"":false}","{""shape"":""single"",""radius"":0}","32","100","4","24","[{""type"":""damage""}]","swift","water | melee","false","ready"
"petit_water","Petit Water","Petit Water","プチウォーター","プチウォーター","lost_evolution","striker","water","{""shape"":""diamond"",""min"":1,""max"":3,""requiresLineOfSight"":false}","{""shape"":""single"",""radius"":0}","32","100","4","24","[{""type"":""damage""}]","swift","water | melee","false","ready"
"hydro_water","Hydro Water","Hydro Water","ハイドロウォーター","ハイドロウォーター","dawn_dusk | lost_evolution | super_xros_wars","striker","water","{""shape"":""diamond"",""min"":1,""max"":3,""requiresLineOfSight"":false}","{""shape"":""single"",""radius"":0}","32","100","4","24","[{""type"":""damage""}]","swift","water | melee","true","ready"
"tear_bubble","Tear Bubble","Tear Bubble","ティアーバブル","ティアーバブル","lost_evolution | super_xros_wars","striker","water","{""shape"":""diamond"",""min"":1,""max"":3,""requiresLineOfSight"":false}","{""shape"":""single"",""radius"":0}","17","100","8","24","[{""type"":""damage""},{""type"":""status"",""status"":""speed_down"",""chance"":25,""duration"":3}]","reliable_effect","water | melee","false","ready"
"ice_arrow","Ice Arrow","Ice Arrow","アイスアロー","アイスアロー","digimon_story_ds | lost_evolution | super_xros_wars","striker","water","{""shape"":""diamond"",""min"":1,""max"":3,""requiresLineOfSight"":false}","{""shape"":""single"",""radius"":0}","31","100","12","34","[{""type"":""damage""},{""type"":""status"",""status"":""atk_down"",""chance"":25,""duration"":3}]","reliable_effect","water | melee","false","ready"
"nume_rain","Nume Rain","Nume Rain","ヌメレイン","ヌメレイン","lost_evolution | super_xros_wars","striker","water","{""shape"":""diamond"",""min"":1,""max"":3,""requiresLineOfSight"":false}","{""shape"":""single"",""radius"":0}","31","100","12","34","[{""type"":""damage""},{""type"":""status"",""status"":""speed_down"",""chance"":25,""duration"":3}]","reliable_effect","water | melee","true","ready"
"water_breath","Water Breath","Water Breath","ウォーターブレス","ウォーターブレス","digimon_story_ds | lost_evolution | super_xros_wars","striker","water","{""shape"":""diamond"",""min"":1,""max"":3,""requiresLineOfSight"":false}","{""shape"":""single"",""radius"":0}","31","100","12","34","[{""type"":""damage""},{""type"":""status"",""status"":""speed_down"",""chance"":25,""duration"":3}]","reliable_effect","water | breath","false","ready"
"kaimei_bokujuu","Kaimei Bokujuu","Kaimei Bokujuu","かいめいぼくじゅう","かいめいぼくじゅう","lost_evolution | super_xros_wars","striker","water","{""shape"":""diamond"",""min"":1,""max"":3,""requiresLineOfSight"":false}","{""shape"":""single"",""radius"":0}","46","100","8","34","[{""type"":""damage""}]","swift","water | melee","false","ready"
"freeze_fang","Freeze Fang","Freeze Fang","フリーズファング","フリーズファング","dawn_dusk | lost_evolution | super_xros_wars","striker","water","{""shape"":""diamond"",""min"":1,""max"":3,""requiresLineOfSight"":false}","{""shape"":""single"",""radius"":0}","31","100","12","34","[{""type"":""damage""},{""type"":""status"",""status"":""speed_down"",""chance"":25,""duration"":3}]","reliable_effect","water | melee","false","ready"
"n_cross_bomber","N Cross Bomber","N Cross Bomber","Nクロスボンバー","Nクロスボンバー","lost_evolution","striker","water","{""shape"":""diamond"",""min"":1,""max"":3,""requiresLineOfSight"":false}","{""shape"":""single"",""radius"":0}","62","95","13","48","[{""type"":""damage""}]","potent","water | melee","false","ready"
"fd_trident","FD Trident","FD Trident","FDトライデント","FDトライデント","lost_evolution","striker","water","{""shape"":""diamond"",""min"":1,""max"":3,""requiresLineOfSight"":false}","{""shape"":""single"",""radius"":0}","62","95","13","48","[{""type"":""damage""}]","potent","water | melee","true","ready"
"rainbow_bubble","Rainbow Bubble","Rainbow Bubble","なないるのアワ","なないるのアワ","lost_evolution","striker","water","{""shape"":""diamond"",""min"":1,""max"":3,""requiresLineOfSight"":false}","{""shape"":""single"",""radius"":0}","47","95","17","48","[{""type"":""damage""},{""type"":""status"",""status"":""atk_down"",""chance"":25,""duration"":3}]","precise","water | melee","false","ready"
"sorrow_blue","Sorrow Blue","Sorrow Blue","ソローブルー","ソローブルー","dawn_dusk | lost_evolution | super_xros_wars","striker","water","{""shape"":""diamond"",""min"":1,""max"":3,""requiresLineOfSight"":false}","{""shape"":""single"",""radius"":0}","47","95","17","48","[{""type"":""damage""},{""type"":""status"",""status"":""atk_down"",""chance"":25,""duration"":3}]","precise","water | melee","false","ready"
"vortex_pnr","Vortex PNR","Vortex PNR","ボルテックスPNR","ボルテックスPNR","lost_evolution","striker","water","{""shape"":""diamond"",""min"":1,""max"":3,""requiresLineOfSight"":false}","{""shape"":""single"",""radius"":0}","62","95","13","48","[{""type"":""damage""}]","potent","water | melee","true","ready"
"cocytus_breath","Cocytus Breath","Cocytus Breath","コキュートスブレス","コキュートスブレス","digimon_story_ds | lost_evolution | super_xros_wars","striker","water","{""shape"":""diamond"",""min"":1,""max"":3,""requiresLineOfSight"":false}","{""shape"":""single"",""radius"":0}","47","95","17","48","[{""type"":""damage""},{""type"":""status"",""status"":""speed_down"",""chance"":25,""duration"":3}]","precise","water | breath","false","requires_digixros"
"double_wave","Double Wave","Double Wave","ダブルウェーブ","ダブルウェーブ","dawn_dusk | lost_evolution | super_xros_wars","area_damage","water","{""shape"":""diamond"",""min"":1,""max"":4,""requiresLineOfSight"":false}","{""shape"":""cone"",""radius"":0,""length"":4}","12","100","11","24","[{""type"":""damage""},{""type"":""status"",""status"":""speed_down"",""chance"":25,""duration"":3}]","reliable_effect","water | projectile","false","ready"
"twin_neptune","Twin Neptune","Twin Neptune","ツインネプチューン","ツインネプチューン","lost_evolution | super_xros_wars","area_damage","water","{""shape"":""diamond"",""min"":1,""max"":4,""requiresLineOfSight"":false}","{""shape"":""cone"",""radius"":0,""length"":4}","39","100","11","34","[{""type"":""damage""}]","swift","water | projectile","false","ready"
"absolute_zero_p","Absolute Zero P","Absolute Zero P","ぜったい れいど P","ぜったい れいど P","lost_evolution","area_damage","water","{""shape"":""diamond"",""min"":1,""max"":4,""requiresLineOfSight"":false}","{""shape"":""cone"",""radius"":0,""length"":4}","24","100","15","34","[{""type"":""damage""},{""type"":""status"",""status"":""speed_down"",""chance"":25,""duration"":3}]","efficient","water | projectile","false","ready"
"moon_night_bomb","Moon Night Bomb","Moon Night Bomb","ムーンナイトボム","ムーンナイトボム","lost_evolution | super_xros_wars","area_damage","dark","{""shape"":""diamond"",""min"":1,""max"":4,""requiresLineOfSight"":false}","{""shape"":""cone"",""radius"":0,""length"":4}","39","100","11","34","[{""type"":""damage""}]","swift","dark | projectile","false","requires_digixros"
"megaton_hydro","Megaton Hydro","Megaton Hydro","メガトンハイドロ","メガトンハイドロ","dawn_dusk | lost_evolution | super_xros_wars","area_damage","water","{""shape"":""diamond"",""min"":1,""max"":4,""requiresLineOfSight"":false}","{""shape"":""cone"",""radius"":0,""length"":4}","24","100","15","34","[{""type"":""damage""},{""type"":""status"",""status"":""def_down"",""chance"":25,""duration"":3}]","efficient","water | projectile","false","ready"
"stinger_spr","Stinger SPR","Stinger SPR","スティンガーSPR","スティンガーSPR","lost_evolution","area_damage","water","{""shape"":""diamond"",""min"":1,""max"":4,""requiresLineOfSight"":false}","{""shape"":""cone"",""radius"":0,""length"":4}","39","100","11","34","[{""type"":""damage""}]","swift","water | projectile","true","ready"
"imprisonment","Imprisonment","Imprisonment","インプリズメント","インプリズメント","lost_evolution | super_xros_wars","area_damage","water","{""shape"":""diamond"",""min"":1,""max"":4,""requiresLineOfSight"":false}","{""shape"":""cone"",""radius"":0,""length"":4}","53","95","16","48","[{""type"":""damage""}]","potent","water | projectile","false","requires_digixros"
"gigaton_hydro","Gigaton Hydro","Gigaton Hydro","ギガトンハイドロ","ギガトンハイドロ","dawn_dusk | lost_evolution | super_xros_wars","area_damage","water","{""shape"":""diamond"",""min"":1,""max"":4,""requiresLineOfSight"":false}","{""shape"":""cone"",""radius"":0,""length"":4}","38","95","20","48","[{""type"":""damage""},{""type"":""status"",""status"":""def_down"",""chance"":25,""duration"":3}]","precise","water | projectile","false","ready"
"fenrir_sword","Fenrir Sword","Fenrir Sword","フェンリルソード","フェンリルソード","dawn_dusk | digimon_story_ds | lost_evolution | super_xros_wars","area_damage","water","{""shape"":""diamond"",""min"":1,""max"":4,""requiresLineOfSight"":false}","{""shape"":""cone"",""radius"":0,""length"":4}","53","95","16","48","[{""type"":""damage""}]","potent","water | projectile","false","requires_digixros"
"mjollnir_hammer","Mjollnir Hammer","Mjollnir Hammer","ミョルニルハンマー","ミョルニルハンマー","lost_evolution | super_xros_wars","area_damage","water","{""shape"":""diamond"",""min"":1,""max"":4,""requiresLineOfSight"":false}","{""shape"":""cone"",""radius"":0,""length"":4}","38","95","20","48","[{""type"":""damage""},{""type"":""status"",""status"":""def_down"",""chance"":25,""duration"":3}]","precise","water | projectile","false","ready"
"crystal_billow","Crystal Billow","Crystal Billow","クリスタルビロー","クリスタルビロー","lost_evolution | super_xros_wars","area_damage","water","{""shape"":""diamond"",""min"":1,""max"":4,""requiresLineOfSight"":false}","{""shape"":""cone"",""radius"":0,""length"":4}","53","95","16","48","[{""type"":""damage""}]","potent","water | projectile","false","ready"
"souryuha","Souryuha","Souryuha","そうりゅうは","そうりゅうは","lost_evolution | super_xros_wars","area_damage","water","{""shape"":""diamond"",""min"":1,""max"":4,""requiresLineOfSight"":false}","{""shape"":""line"",""radius"":0,""length"":4}","53","90","29","70","[{""type"":""damage""},{""type"":""status"",""status"":""speed_down"",""chance"":25,""duration"":3}]","precise","water | projectile","true","ready"
"variable_darts","Variable Darts","Variable Darts","ヴァリアブルダーツ","ヴァリアブルダーツ","lost_evolution | super_xros_wars","area_damage","water","{""shape"":""diamond"",""min"":1,""max"":4,""requiresLineOfSight"":false}","{""shape"":""cross"",""radius"":1}","37","100","12","34","[{""type"":""damage""}]","swift","water | projectile","false","requires_digixros"
"power_water","Power Water","Power Water","パワーウオーター","パワーウオーター","lost_evolution","area_damage","water","{""shape"":""diamond"",""min"":1,""max"":4,""requiresLineOfSight"":false}","{""shape"":""cross"",""radius"":1}","37","100","12","34","[{""type"":""damage""}]","swift","water | projectile","false","ready"
"poison_rain","Poison Rain","Poison Rain","ポイズンレイン","ポイズンレイン","dawn_dusk | lost_evolution","control","water","{""shape"":""diamond"",""min"":1,""max"":4,""requiresLineOfSight"":false}","{""shape"":""cross"",""radius"":1}","37","100","12","34","[{""type"":""damage""}]","swift","water | projectile","true","ready"
"blizzard","Blizzard","Blizzard","ブリザード","ブリザード","dawn_dusk | lost_evolution","area_damage","water","{""shape"":""diamond"",""min"":1,""max"":4,""requiresLineOfSight"":false}","{""shape"":""cross"",""radius"":1}","22","100","16","34","[{""type"":""damage""},{""type"":""status"",""status"":""speed_down"",""chance"":25,""duration"":3}]","efficient","water | projectile","true","ready"
"triple_wave","Triple Wave","Triple Wave","トリプルヴェブ","トリプルヴェブ","dawn_dusk | lost_evolution","area_damage","water","{""shape"":""diamond"",""min"":1,""max"":4,""requiresLineOfSight"":false}","{""shape"":""cross"",""radius"":1}","22","100","16","34","[{""type"":""damage""},{""type"":""status"",""status"":""speed_down"",""chance"":25,""duration"":3}]","efficient","water | projectile","true","ready"
"ice_archery","Ice Archery","Ice Archery","アイスアーチェリー","アイスアーチェリー","lost_evolution | super_xros_wars","area_damage","water","{""shape"":""diamond"",""min"":1,""max"":4,""requiresLineOfSight"":false}","{""shape"":""cross"",""radius"":1}","37","100","12","34","[{""type"":""damage""}]","swift","water | projectile","true","ready"
"kamon_no_jin","Kamon no Jin","Kamon no Jin","かもんのじん","かもんのじん","lost_evolution","area_damage","water","{""shape"":""diamond"",""min"":1,""max"":4,""requiresLineOfSight"":false}","{""shape"":""cross"",""radius"":1}","22","100","16","34","[{""type"":""damage""},{""type"":""status"",""status"":""atk_down"",""chance"":25,""duration"":3}]","efficient","water | projectile","true","ready"
"great_blizzard","Great Blizzard","Great Blizzard","グレートブリザード","グレートブリザード","lost_evolution | super_xros_wars","area_damage","water","{""shape"":""diamond"",""min"":1,""max"":4,""requiresLineOfSight"":false}","{""shape"":""cross"",""radius"":1}","35","95","21","48","[{""type"":""damage""},{""type"":""status"",""status"":""speed_down"",""chance"":25,""duration"":3}]","precise","water | projectile","false","ready"
"needle_squall","Needle Squall","Needle Squall","ニードルスコール","ニードルスコール","dawn_dusk | lost_evolution | super_xros_wars","area_damage","water","{""shape"":""diamond"",""min"":1,""max"":4,""requiresLineOfSight"":false}","{""shape"":""cross"",""radius"":1}","35","95","21","48","[{""type"":""damage""},{""type"":""status"",""status"":""speed_down"",""chance"":25,""duration"":3}]","precise","water | projectile","true","ready"
"ocean_love","Ocean Love","Ocean Love","オーシャンロブ","オーシャンロブ","dawn_dusk | lost_evolution","area_damage","water","{""shape"":""diamond"",""min"":1,""max"":4,""requiresLineOfSight"":false}","{""shape"":""cross"",""radius"":1}","35","95","21","48","[{""type"":""damage""},{""type"":""status"",""status"":""atk_down"",""chance"":25,""duration"":3}]","precise","water | projectile","true","ready"
"m_hydro_laser","M Hydro Laser","M Hydro Laser","Mハイドロレーザー","Mハイドロレーザー","lost_evolution","area_damage","water","{""shape"":""diamond"",""min"":1,""max"":4,""requiresLineOfSight"":false}","{""shape"":""cross"",""radius"":1}","50","95","17","48","[{""type"":""damage""}]","precise","water | projectile","false","ready"
"odin_s_breath","Odin's Breath","Odin's Breath","オディンズブレス","オディンズブレス","lost_evolution","area_damage","water","{""shape"":""diamond"",""min"":1,""max"":4,""requiresLineOfSight"":false}","{""shape"":""cross"",""radius"":1}","35","95","21","48","[{""type"":""damage""},{""type"":""status"",""status"":""speed_down"",""chance"":25,""duration"":3}]","precise","water | breath","false","ready"
"crystal_rvl","Crystal RVL","Crystal RVL","クリスタルRVL","クリスタルRVL","lost_evolution","area_damage","water","{""shape"":""diamond"",""min"":1,""max"":4,""requiresLineOfSight"":false}","{""shape"":""cross"",""radius"":1}","50","95","17","48","[{""type"":""damage""}]","precise","water | projectile","true","ready"
"absolute_zero","Absolute Zero","Absolute Zero","アブソリュートゼロ","アブソリュートゼロ","lost_evolution | super_xros_wars","area_damage","water","{""shape"":""diamond"",""min"":1,""max"":4,""requiresLineOfSight"":false}","{""shape"":""cross"",""radius"":1}","35","95","21","48","[{""type"":""damage""},{""type"":""status"",""status"":""speed_down"",""chance"":25,""duration"":3}]","precise","water | projectile","false","ready"
"garuru_cannon","Garuru Cannon","Garuru Cannon","ガルルキャノン","ガルルキャノン","lost_evolution | super_xros_wars","area_damage","water","{""shape"":""diamond"",""min"":1,""max"":4,""requiresLineOfSight"":false}","{""shape"":""cross"",""radius"":1}","49","90","30","70","[{""type"":""damage""},{""type"":""status"",""status"":""speed_down"",""chance"":25,""duration"":3}]","precise","water | projectile","false","requires_digixros"
"mugen","Mugen","Mugen","むげん","むげん","lost_evolution | super_xros_wars","area_damage","water","{""shape"":""diamond"",""min"":1,""max"":4,""requiresLineOfSight"":false}","{""shape"":""cross"",""radius"":1}","64","90","26","70","[{""type"":""damage""}]","precise","water | projectile","false","requires_digixros"
"dj_shooter","DJ Shooter","DJ Shooter","DJシューター","DJシューター","dawn_dusk | lost_evolution | super_xros_wars","area_damage","water","{""shape"":""diamond"",""min"":1,""max"":4,""requiresLineOfSight"":false}","{""shape"":""line"",""radius"":0,""length"":4}","39","100","11","34","[{""type"":""damage""}]","swift","water | projectile","true","ready"
"brachio_bubble","Brachio Bubble","Brachio Bubble","ブラキオバブル","ブラキオバブル","dawn_dusk | lost_evolution | super_xros_wars","area_damage","water","{""shape"":""diamond"",""min"":1,""max"":4,""requiresLineOfSight"":false}","{""shape"":""cross"",""radius"":1}","37","100","12","34","[{""type"":""damage""}]","swift","water | projectile","false","ready"
"dark_storm","Dark Storm","Dark Storm","ダークストローム","ダークストローム","lost_evolution | super_xros_wars","area_damage","dark","{""shape"":""diamond"",""min"":1,""max"":4,""requiresLineOfSight"":false}","{""shape"":""cross"",""radius"":1}","37","100","12","34","[{""type"":""damage""}]","swift","dark | projectile","true","ready"
"tera_hydro_breath","Tera Hydro Breath","Tera Hydro Breath","テラハイドロブレス","テラハイドロブレス","lost_evolution | super_xros_wars","area_damage","water","{""shape"":""diamond"",""min"":1,""max"":4,""requiresLineOfSight"":false}","{""shape"":""cross"",""radius"":1}","35","95","21","48","[{""type"":""damage""},{""type"":""status"",""status"":""speed_down"",""chance"":25,""duration"":3}]","precise","water | breath","true","ready"
"gr_snow_blow","GR Snow Blow","GR Snow Blow","GRスノーブロー","GRスノーブロー","lost_evolution","area_damage","water","{""shape"":""diamond"",""min"":1,""max"":3,""requiresLineOfSight"":false}","{""shape"":""diamond"",""radius"":1}","50","95","17","48","[{""type"":""damage""}]","precise","water | projectile","false","ready"
"ocean_wave","Ocean Wave","Ocean Wave","オーシャンウェーブ","オーシャンウェーブ","dawn_dusk | lost_evolution | super_xros_wars","area_damage","water","{""shape"":""diamond"",""min"":1,""max"":5,""requiresLineOfSight"":false}","{""shape"":""diamond"",""radius"":2}","25","95","25","60","[{""type"":""damage""},{""type"":""status"",""status"":""speed_down"",""chance"":25,""duration"":3}]","precise","water | projectile","true","ready"
"crazy_ice_arrow","Crazy Ice Arrow","Crazy Ice Arrow","みだれアイスアロー","みだれアイスアロー","lost_evolution | super_xros_wars","area_damage","water","{""shape"":""diamond"",""min"":1,""max"":5,""requiresLineOfSight"":false}","{""shape"":""diamond"",""radius"":2}","25","95","25","60","[{""type"":""damage""},{""type"":""status"",""status"":""atk_down"",""chance"":25,""duration"":3}]","precise","water | projectile","true","ready"
"g_cross_freezer","G Cross Freezer","G Cross Freezer","Gクロスフリーザー","Gクロスフリーザー","lost_evolution","area_damage","water","{""shape"":""diamond"",""min"":1,""max"":5,""requiresLineOfSight"":false}","{""shape"":""diamond"",""radius"":2}","25","95","25","60","[{""type"":""damage""},{""type"":""status"",""status"":""speed_down"",""chance"":25,""duration"":3}]","precise","water | projectile","false","ready"
"frz_blizzard","FRZ Blizzard","FRZ Blizzard","FRZブリザード","FRZブリザード","lost_evolution","area_damage","water","{""shape"":""diamond"",""min"":1,""max"":5,""requiresLineOfSight"":false}","{""shape"":""diamond"",""radius"":2}","25","95","25","60","[{""type"":""damage""},{""type"":""status"",""status"":""speed_down"",""chance"":25,""duration"":3}]","precise","water | projectile","false","ready"
"g_maelstrom","G Maelstrom","G Maelstrom","Gメイルストーム","Gメイルストーム","lost_evolution","area_damage","water","{""shape"":""diamond"",""min"":1,""max"":5,""requiresLineOfSight"":false}","{""shape"":""diamond"",""radius"":2}","25","95","25","60","[{""type"":""damage""},{""type"":""status"",""status"":""atk_down"",""chance"":25,""duration"":3}]","precise","water | projectile","false","ready"
"flower_necklace","Flower Necklace","Flower Necklace","はなのくびかざり","はなのくびかざり","lost_evolution | super_xros_wars","healing","plant","{""shape"":""diamond"",""min"":0,""max"":3,""requiresLineOfSight"":false}","{""shape"":""single"",""radius"":0}","30","100","10","38","[{""type"":""heal"",""percentMaxHp"":30}]","potent","plant | healing","false","ready"
"nature_heal","Nature Heal","Nature Heal","ネイチャーヒール","ネイチャーヒール","lost_evolution | super_xros_wars","healing","neutral","{""shape"":""diamond"",""min"":0,""max"":3,""requiresLineOfSight"":false}","{""shape"":""single"",""radius"":0}","30","100","10","38","[{""type"":""heal"",""percentMaxHp"":30}]","potent","neutral | healing","false","ready"
"shining_heal","Shining Heal","Shining Heal","シャイニング ヒール","シャイニング ヒール","lost_evolution","healing","neutral","{""shape"":""diamond"",""min"":0,""max"":3,""requiresLineOfSight"":false}","{""shape"":""single"",""radius"":0}","30","100","10","38","[{""type"":""heal"",""percentMaxHp"":30}]","potent","neutral | healing","false","ready"
"mental_cure","Mental Cure","Mental Cure","メンタルキュア","メンタルキュア","dawn_dusk | lost_evolution | super_xros_wars","healing","neutral","{""shape"":""diamond"",""min"":0,""max"":3,""requiresLineOfSight"":false}","{""shape"":""single"",""radius"":0}","30","100","10","38","[{""type"":""heal"",""percentMaxHp"":30}]","potent","neutral | healing","false","ready"
"dark_saviour","Dark Saviour","Dark Saviour","やみよりのすくいて","やみよりのすくいて","lost_evolution | super_xros_wars","healing","dark","{""shape"":""diamond"",""min"":0,""max"":3,""requiresLineOfSight"":false}","{""shape"":""single"",""radius"":0}","30","100","20","70","[{""type"":""revive"",""percentMaxHp"":25}]","potent","dark | healing","false","ready"
"love_hug","Love Hug","Love Hug","あいのほうよう","あいのほうよう","digimon_story_ds | lost_evolution | super_xros_wars","healing","neutral","{""shape"":""diamond"",""min"":0,""max"":3,""requiresLineOfSight"":false}","{""shape"":""single"",""radius"":0}","30","100","20","70","[{""type"":""revive"",""percentMaxHp"":25}]","potent","neutral | healing","false","ready"
"electric_shock","Electric Shock","Electric Shock","でんきショック","でんきショック","dawn_dusk | lost_evolution | super_xros_wars","healing","electric","{""shape"":""diamond"",""min"":0,""max"":3,""requiresLineOfSight"":false}","{""shape"":""single"",""radius"":0}","30","100","20","70","[{""type"":""revive"",""percentMaxHp"":25}]","potent","electric | healing","false","ready"
"healing_water","Healing Water","Healing Water","いやし の みず","いやし の みず","lost_evolution","healing","water","{""shape"":""diamond"",""min"":0,""max"":3,""requiresLineOfSight"":false}","{""shape"":""single"",""radius"":0}","30","100","10","38","[{""type"":""heal"",""percentMaxHp"":30}]","potent","water | healing","false","ready"
"healing_air","Healing Air","Healing Air","ヒーリングエアー","ヒーリングエアー","dawn_dusk | lost_evolution | super_xros_wars","healing","wind","{""shape"":""diamond"",""min"":0,""max"":3,""requiresLineOfSight"":false}","{""shape"":""single"",""radius"":0}","30","100","10","38","[{""type"":""heal"",""percentMaxHp"":30}]","potent","wind | healing","false","ready"
"medical_care_system","Medical Care System","Medical Care System","いりょうシステム","いりょうシステム","lost_evolution | super_xros_wars","healing","neutral","{""shape"":""diamond"",""min"":0,""max"":3,""requiresLineOfSight"":false}","{""shape"":""single"",""radius"":0}","30","100","10","38","[{""type"":""heal"",""percentMaxHp"":30}]","potent","neutral | healing","true","ready"
"current_of_life","Current of Life","Current of Life","いのちのすいりゅう","いのちのすいりゅう","lost_evolution | super_xros_wars","healing","neutral","{""shape"":""diamond"",""min"":0,""max"":3,""requiresLineOfSight"":false}","{""shape"":""single"",""radius"":0}","30","100","20","70","[{""type"":""revive"",""percentMaxHp"":25}]","potent","neutral | healing","false","ready"
"gaia_healing","Gaia Healing","Gaia Healing","ガイアヒーリング","ガイアヒーリング","dawn_dusk | lost_evolution | super_xros_wars","healing","earth","{""shape"":""diamond"",""min"":0,""max"":3,""requiresLineOfSight"":false}","{""shape"":""single"",""radius"":0}","30","100","10","38","[{""type"":""heal"",""percentMaxHp"":30}]","potent","earth | healing","false","ready"
"saint_heal","Saint Heal","Saint Heal","セイントヒール","セイントヒール","dawn_dusk | lost_evolution | super_xros_wars","healing","neutral","{""shape"":""diamond"",""min"":0,""max"":3,""requiresLineOfSight"":false}","{""shape"":""single"",""radius"":0}","30","100","10","38","[{""type"":""heal"",""percentMaxHp"":30}]","potent","neutral | healing","true","ready"
"nanomachine_heal","Nanomachine Heal","Nanomachine Heal","ナノマシンヒール","ナノマシンヒール","lost_evolution | super_xros_wars","healing","neutral","{""shape"":""diamond"",""min"":0,""max"":3,""requiresLineOfSight"":false}","{""shape"":""single"",""radius"":0}","30","100","10","38","[{""type"":""heal"",""percentMaxHp"":30}]","potent","neutral | healing","false","ready"
"purifying_light","Purifying Light","Purifying Light","じょうかのひかり","じょうかのひかり","lost_evolution | super_xros_wars","healing","light","{""shape"":""diamond"",""min"":0,""max"":3,""requiresLineOfSight"":false}","{""shape"":""single"",""radius"":0}","30","100","10","38","[{""type"":""heal"",""percentMaxHp"":30}]","potent","light | healing","false","ready"
"final_heal","Final Heal","Final Heal","ファイナルヒール","ファイナルヒール","digimon_story_ds | lost_evolution | super_xros_wars","healing","neutral","{""shape"":""diamond"",""min"":0,""max"":3,""requiresLineOfSight"":false}","{""shape"":""single"",""radius"":0}","30","100","10","38","[{""type"":""heal"",""percentMaxHp"":30}]","potent","neutral | healing","false","ready"
"calumon_s_prayer","Calumon's Prayer","Calumon's Prayer","クルモンのいのリ","クルモンのいのリ","lost_evolution","healing","neutral","{""shape"":""diamond"",""min"":0,""max"":3,""requiresLineOfSight"":false}","{""shape"":""single"",""radius"":0}","30","100","10","38","[{""type"":""heal"",""percentMaxHp"":30}]","potent","neutral | healing","true","ready"
"gain_attack","Gain Attack","Gain Attack","ゲインアタック","Giga Gain Attack | Mega Gain Attack | ギガゲインアタック | ゲインアタック | メガゲインアタック","lost_evolution | super_xros_wars","support","neutral","{""shape"":""diamond"",""min"":0,""max"":4,""requiresLineOfSight"":false}","{""shape"":""cross"",""radius"":1}","0","100","10","40","[{""type"":""status"",""status"":""guard"",""chance"":100,""duration"":3}]","swift","neutral | projectile","false","ready"
"blaze_power","Blaze Power","Blaze Power","ブレイズパワー","ブレイズパワー","lost_evolution | super_xros_wars","support","neutral","{""shape"":""diamond"",""min"":0,""max"":3,""requiresLineOfSight"":false}","{""shape"":""single"",""radius"":0}","0","100","6","28","[{""type"":""status"",""status"":""guard"",""chance"":100,""duration"":3}]","swift","neutral | melee","true","ready"
"gain_guard","Gain Guard","Gain Guard","ゲインガード","Giga Gain Guard | Mega Gain Guard | ギガゲインガード | ゲインガード | メガゲインガード","lost_evolution | super_xros_wars","support","neutral","{""shape"":""diamond"",""min"":0,""max"":4,""requiresLineOfSight"":false}","{""shape"":""cross"",""radius"":1}","0","100","10","40","[{""type"":""status"",""status"":""guard"",""chance"":100,""duration"":3}]","swift","neutral | projectile","false","ready"
"rainbow_aura","Rainbow Aura","Rainbow Aura","レインボーオーラ","レインボーオーラ","lost_evolution","support","neutral","{""shape"":""diamond"",""min"":0,""max"":3,""requiresLineOfSight"":false}","{""shape"":""single"",""radius"":0}","0","100","6","28","[{""type"":""status"",""status"":""guard"",""chance"":100,""duration"":3}]","swift","neutral | melee","true","ready"
"dm_hole","DM Hole","DM Hole","DMホール","DMホール","lost_evolution","support","neutral","{""shape"":""diamond"",""min"":0,""max"":3,""requiresLineOfSight"":false}","{""shape"":""single"",""radius"":0}","0","100","6","28","[{""type"":""status"",""status"":""guard"",""chance"":100,""duration"":3}]","swift","neutral | melee","false","ready"
"ulti_guard","Ulti Guard","Ulti Guard","アルティガード","アルティガード","lost_evolution | super_xros_wars","support","neutral","{""shape"":""diamond"",""min"":0,""max"":3,""requiresLineOfSight"":false}","{""shape"":""single"",""radius"":0}","0","100","6","28","[{""type"":""status"",""status"":""guard"",""chance"":100,""duration"":3}]","swift","neutral | melee","true","ready"
"light_mandala","Light Mandala","Light Mandala","ヒカリのマンダラ","ヒカリのマンダラ","dawn_dusk | lost_evolution","support","light","{""shape"":""diamond"",""min"":0,""max"":5,""requiresLineOfSight"":false}","{""shape"":""diamond"",""radius"":2}","0","100","10","40","[{""type"":""status"",""status"":""guard"",""chance"":100,""duration"":3}]","swift","light | projectile","true","ready"
"purge_shine","Purge Shine","Purge Shine","パジシャイン","パジシャイン","lost_evolution","support","light","{""shape"":""diamond"",""min"":0,""max"":5,""requiresLineOfSight"":false}","{""shape"":""diamond"",""radius"":2}","0","100","10","40","[{""type"":""status"",""status"":""guard"",""chance"":100,""duration"":3}]","swift","light | projectile","false","ready"
"gain_speed","Gain Speed","Gain Speed","ゲインスピード","Giga Gain Speed | Mega Gain Speed | ギガゲインスピード | ゲインスピード | メガゲインスピード","lost_evolution | super_xros_wars","support","neutral","{""shape"":""diamond"",""min"":0,""max"":4,""requiresLineOfSight"":false}","{""shape"":""cross"",""radius"":1}","0","100","10","40","[{""type"":""status"",""status"":""guard"",""chance"":100,""duration"":3}]","swift","neutral | projectile","true","ready"
"boost_on","Boost On","Boost On","ブースト・オン","ブースト・オン","dawn_dusk | lost_evolution","support","neutral","{""shape"":""diamond"",""min"":0,""max"":3,""requiresLineOfSight"":false}","{""shape"":""single"",""radius"":0}","0","100","6","28","[{""type"":""status"",""status"":""guard"",""chance"":100,""duration"":3}]","swift","neutral | melee","true","ready"
"chrono_force","Chrono Force","Chrono Force","クロノフォース","クロノフォース","lost_evolution | super_xros_wars","support","neutral","{""shape"":""diamond"",""min"":0,""max"":3,""requiresLineOfSight"":false}","{""shape"":""single"",""radius"":0}","0","100","6","28","[{""type"":""status"",""status"":""guard"",""chance"":100,""duration"":3}]","swift","neutral | melee","true","ready"
"enlightenment","Enlightenment","Enlightenment","さとり","さとり","digimon_story_ds | lost_evolution | super_xros_wars","support","light","{""shape"":""diamond"",""min"":0,""max"":4,""requiresLineOfSight"":false}","{""shape"":""cone"",""radius"":0,""length"":4}","0","100","10","40","[{""type"":""status"",""status"":""guard"",""chance"":100,""duration"":3}]","swift","light | projectile","false","ready"
"sonic_counter","Sonic Counter","Sonic Counter","ソニックカウンター","ソニックカウンター","dawn_dusk | lost_evolution","support","wind","{""shape"":""diamond"",""min"":0,""max"":4,""requiresLineOfSight"":false}","{""shape"":""cone"",""radius"":0,""length"":4}","0","100","10","40","[{""type"":""status"",""status"":""guard"",""chance"":100,""duration"":3}]","swift","wind | projectile","true","ready"
"hell_counter","Hell Counter","Hell Counter","ヘルカウンター","ヘルカウンター","lost_evolution","support","neutral","{""shape"":""diamond"",""min"":0,""max"":4,""requiresLineOfSight"":false}","{""shape"":""cone"",""radius"":0,""length"":4}","0","100","10","40","[{""type"":""status"",""status"":""guard"",""chance"":100,""duration"":3}]","swift","neutral | projectile","false","ready"
"burst_counter","Burst Counter","Burst Counter","バーストカウンタ","バーストカウンタ","dawn_dusk | lost_evolution","support","neutral","{""shape"":""diamond"",""min"":0,""max"":4,""requiresLineOfSight"":false}","{""shape"":""cross"",""radius"":1}","0","100","10","40","[{""type"":""status"",""status"":""guard"",""chance"":100,""duration"":3}]","swift","neutral | projectile","true","ready"
"absolutehealing","AbsoluteHealing","AbsoluteHealing","","","dawn_dusk","healing","light","{""shape"":""diamond"",""min"":0,""max"":5,""requiresLineOfSight"":false}","{""shape"":""diamond"",""radius"":2}","18","100","14","50","[{""type"":""heal"",""percentMaxHp"":18}]","efficient","light | healing","false","ready"
"acid_rain","Acid Rain","Acid Rain","","","dawn_dusk","striker","water","{""shape"":""diamond"",""min"":1,""max"":3,""requiresLineOfSight"":false}","{""shape"":""single"",""radius"":0}","46","100","8","34","[{""type"":""damage""}]","swift","water | melee","true","ready"
"air_gun","Air Gun","Air Gun","","","dawn_dusk","area_damage","wind","{""shape"":""diamond"",""min"":1,""max"":5,""requiresLineOfSight"":false}","{""shape"":""diamond"",""radius"":2}","30","100","16","46","[{""type"":""damage""}]","efficient","wind | projectile","false","ready"
"battle_stamp","Battle Stamp","Battle Stamp","","","dawn_dusk","support","neutral","{""shape"":""diamond"",""min"":0,""max"":5,""requiresLineOfSight"":false}","{""shape"":""diamond"",""radius"":2}","0","100","10","40","[{""type"":""status"",""status"":""guard"",""chance"":100,""duration"":3}]","swift","neutral | projectile","false","ready"
"beast_coat","Beast Coat","Beast Coat","","","dawn_dusk","support","earth","{""shape"":""diamond"",""min"":0,""max"":3,""requiresLineOfSight"":false}","{""shape"":""single"",""radius"":0}","0","100","6","28","[{""type"":""status"",""status"":""guard"",""chance"":100,""duration"":3}]","swift","earth | melee","false","ready"
"beast_whack","Beast Whack","Beast Whack","","","dawn_dusk","striker","earth","{""shape"":""diamond"",""min"":1,""max"":3,""requiresLineOfSight"":false}","{""shape"":""single"",""radius"":0}","80","90","22","70","[{""type"":""damage""}]","potent","earth | melee","false","ready"
"beastking_fist","BeastKing Fist","BeastKing Fist","","","dawn_dusk","striker","earth","{""shape"":""diamond"",""min"":1,""max"":3,""requiresLineOfSight"":false}","{""shape"":""single"",""radius"":0}","62","95","13","48","[{""type"":""damage""}]","potent","earth | melee","true","ready"
"big_ice_blast","Big Ice Blast","Big Ice Blast","","","dawn_dusk","striker","water","{""shape"":""diamond"",""min"":1,""max"":3,""requiresLineOfSight"":false}","{""shape"":""single"",""radius"":0}","62","95","13","48","[{""type"":""damage""}]","potent","water | melee","false","ready"
"black_blast","Black Blast","Black Blast","","","dawn_dusk","area_damage","dark","{""shape"":""diamond"",""min"":1,""max"":5,""requiresLineOfSight"":false}","{""shape"":""diamond"",""radius"":2}","30","100","16","46","[{""type"":""damage""}]","efficient","dark | projectile","false","ready"
"black_coat","Black Coat","Black Coat","","","dawn_dusk","support","dark","{""shape"":""diamond"",""min"":0,""max"":3,""requiresLineOfSight"":false}","{""shape"":""single"",""radius"":0}","0","100","6","28","[{""type"":""status"",""status"":""guard"",""chance"":100,""duration"":3}]","swift","dark | melee","false","ready"
"blazing_power","Blazing Power","Blazing Power","","","dawn_dusk","support","fire","{""shape"":""diamond"",""min"":0,""max"":5,""requiresLineOfSight"":false}","{""shape"":""diamond"",""radius"":2}","0","100","10","40","[{""type"":""status"",""status"":""guard"",""chance"":100,""duration"":3}]","swift","fire | projectile","false","ready"
"boost_tackle","Boost Tackle","Boost Tackle","","","dawn_dusk","striker","neutral","{""shape"":""diamond"",""min"":1,""max"":3,""requiresLineOfSight"":false}","{""shape"":""single"",""radius"":0}","46","100","8","34","[{""type"":""damage""}]","swift","neutral | melee","false","ready"
"bubble_blow","Bubble Blow","Bubble Blow","","","dawn_dusk","striker","water","{""shape"":""diamond"",""min"":1,""max"":3,""requiresLineOfSight"":false}","{""shape"":""single"",""radius"":0}","62","95","13","48","[{""type"":""damage""}]","potent","water | melee","false","ready"
"burst_breath","Burst Breath","Burst Breath","","","dawn_dusk","area_damage","fire","{""shape"":""diamond"",""min"":1,""max"":5,""requiresLineOfSight"":false}","{""shape"":""diamond"",""radius"":2}","37","90","34","82","[{""type"":""damage"",""hits"":2},{""type"":""status"",""status"":""burn"",""chance"":25,""duration"":3}]","precise","fire | breath","false","ready"
"burst_tackle","Burst Tackle","Burst Tackle","","","dawn_dusk","striker","neutral","{""shape"":""diamond"",""min"":1,""max"":3,""requiresLineOfSight"":false}","{""shape"":""single"",""radius"":0}","80","90","22","70","[{""type"":""damage"",""hits"":2}]","potent","neutral | melee","false","ready"
"celestial_hand","Celestial Hand","Celestial Hand","","","dawn_dusk","striker","light","{""shape"":""diamond"",""min"":1,""max"":3,""requiresLineOfSight"":false}","{""shape"":""single"",""radius"":0}","62","95","13","48","[{""type"":""damage""}]","potent","light | melee","false","ready"
"celestialcross","CelestialCross","CelestialCross","","","dawn_dusk","striker","light","{""shape"":""diamond"",""min"":1,""max"":3,""requiresLineOfSight"":false}","{""shape"":""single"",""radius"":0}","80","90","22","70","[{""type"":""damage""}]","potent","light | melee","false","ready"
"relevantdigital_cmd_push_function_rdsmartload_div_gpt_ad_auto_inline_2","relevantDigital.cmd.push(function() { rdSmartLoad(""div-gpt-ad-auto-inline-2""); });","relevantDigital.cmd.push(function() { rdSmartLoad(""div-gpt-ad-auto-inline-2""); });","","","dawn_dusk","mobility","neutral","{""shape"":""diamond"",""min"":1,""max"":3,""requiresLineOfSight"":false}","{""shape"":""single"",""radius"":0}","0","100","6","28","[{""type"":""status"",""status"":""guard"",""chance"":100,""duration"":3}]","swift","neutral | melee","false","ready"
"charge","Charge","Charge","","","dawn_dusk","striker","earth","{""shape"":""diamond"",""min"":1,""max"":3,""requiresLineOfSight"":false}","{""shape"":""single"",""radius"":0}","32","100","4","24","[{""type"":""damage""}]","swift","earth | melee","true","ready"
"claw_attack","Claw Attack","Claw Attack","","","dawn_dusk","striker","earth","{""shape"":""diamond"",""min"":1,""max"":3,""requiresLineOfSight"":false}","{""shape"":""single"",""radius"":0}","46","100","8","34","[{""type"":""damage""}]","swift","earth | melee","false","ready"
"crazyiceblast","CrazyIceBlast","CrazyIceBlast","","","dawn_dusk","area_damage","water","{""shape"":""diamond"",""min"":1,""max"":5,""requiresLineOfSight"":false}","{""shape"":""diamond"",""radius"":2}","52","90","30","82","[{""type"":""damage""}]","precise","water | projectile","false","ready"
"crescentcutter","CrescentCutter","CrescentCutter","","","dawn_dusk","striker","wind","{""shape"":""diamond"",""min"":1,""max"":3,""requiresLineOfSight"":false}","{""shape"":""single"",""radius"":0}","62","95","13","48","[{""type"":""damage"",""hits"":2}]","potent","wind | melee","false","ready"
"cure_poison","Cure Poison","Cure Poison","","","dawn_dusk","healing","earth","{""shape"":""diamond"",""min"":0,""max"":3,""requiresLineOfSight"":false}","{""shape"":""single"",""radius"":0}","30","100","10","38","[{""type"":""heal"",""percentMaxHp"":30},{""type"":""status"",""status"":""poison"",""chance"":40,""duration"":3}]","reliable_effect","earth | healing","false","ready"
"cursed_slash","Cursed Slash","Cursed Slash","","","dawn_dusk","control","dark","{""shape"":""diamond"",""min"":1,""max"":3,""requiresLineOfSight"":false}","{""shape"":""single"",""radius"":0}","62","100","13","48","[{""type"":""damage""},{""type"":""status"",""status"":""sleep"",""chance"":40,""duration"":3}]","efficient","dark | melee","false","ready"
"cyclone_claw","Cyclone Claw","Cyclone Claw","","","dawn_dusk","striker","earth","{""shape"":""diamond"",""min"":1,""max"":3,""requiresLineOfSight"":false}","{""shape"":""single"",""radius"":0}","62","95","13","48","[{""type"":""damage"",""hits"":2}]","potent","earth | melee","false","ready"
"dlgashbreeze","DLGashBreeze","DLGashBreeze","","","dawn_dusk","striker","wind","{""shape"":""diamond"",""min"":1,""max"":3,""requiresLineOfSight"":false}","{""shape"":""single"",""radius"":0}","62","95","13","48","[{""type"":""damage"",""hits"":2}]","potent","wind | melee","false","ready"
"dmag_square","DMag.Square","DMag.Square","","","dawn_dusk","area_damage","dark","{""shape"":""diamond"",""min"":1,""max"":5,""requiresLineOfSight"":false}","{""shape"":""diamond"",""radius"":2}","30","100","16","46","[{""type"":""damage""}]","efficient","dark | projectile","false","ready"
"dark_claw","Dark Claw","Dark Claw","","","dawn_dusk","control","dark","{""shape"":""diamond"",""min"":1,""max"":3,""requiresLineOfSight"":false}","{""shape"":""single"",""radius"":0}","62","100","13","48","[{""type"":""damage""},{""type"":""status"",""status"":""poison"",""chance"":40,""duration"":3}]","efficient","dark | melee","true","ready"
"relevantdigital_cmd_push_function_rdsmartload_div_gpt_ad_auto_inline_3","relevantDigital.cmd.push(function() { rdSmartLoad(""div-gpt-ad-auto-inline-3""); });","relevantDigital.cmd.push(function() { rdSmartLoad(""div-gpt-ad-auto-inline-3""); });","","","dawn_dusk","mobility","neutral","{""shape"":""diamond"",""min"":1,""max"":3,""requiresLineOfSight"":false}","{""shape"":""single"",""radius"":0}","0","100","6","28","[{""type"":""status"",""status"":""guard"",""chance"":100,""duration"":3}]","swift","neutral | melee","true","ready"
"dark_counter","Dark Counter","Dark Counter","","","dawn_dusk","area_damage","dark","{""shape"":""diamond"",""min"":1,""max"":5,""requiresLineOfSight"":false}","{""shape"":""diamond"",""radius"":2}","15","100","20","46","[{""type"":""damage""},{""type"":""status"",""status"":""counter"",""chance"":25,""duration"":3}]","efficient","dark | projectile","true","ready"
"dark_savior","Dark Savior","Dark Savior","","","dawn_dusk","area_damage","dark","{""shape"":""diamond"",""min"":1,""max"":5,""requiresLineOfSight"":false}","{""shape"":""diamond"",""radius"":2}","30","100","16","46","[{""type"":""damage""}]","efficient","dark | projectile","false","ready"
"darkknowledge","DarkKnowledge","DarkKnowledge","","","dawn_dusk","support","dark","{""shape"":""diamond"",""min"":0,""max"":3,""requiresLineOfSight"":false}","{""shape"":""single"",""radius"":0}","0","100","6","28","[{""type"":""status"",""status"":""guard"",""chance"":100,""duration"":3}]","swift","dark | melee","true","ready"
"dbl_crescent","Dbl Crescent","Dbl Crescent","","","dawn_dusk","striker","wind","{""shape"":""diamond"",""min"":1,""max"":3,""requiresLineOfSight"":false}","{""shape"":""single"",""radius"":0}","80","90","22","70","[{""type"":""damage""}]","potent","wind | melee","false","ready"
"demon_blast","Demon Blast","Demon Blast","","","dawn_dusk","area_damage","dark","{""shape"":""diamond"",""min"":1,""max"":5,""requiresLineOfSight"":false}","{""shape"":""diamond"",""radius"":2}","52","90","30","82","[{""type"":""damage""}]","precise","dark | projectile","true","ready"
"demon_claw","Demon Claw","Demon Claw","","","dawn_dusk","control","dark","{""shape"":""diamond"",""min"":1,""max"":3,""requiresLineOfSight"":false}","{""shape"":""single"",""radius"":0}","80","100","22","70","[{""type"":""damage"",""hits"":2},{""type"":""status"",""status"":""poison"",""chance"":40,""duration"":3}]","efficient","dark | melee","true","ready"
"demon_slash","Demon Slash","Demon Slash","","","dawn_dusk","striker","dark","{""shape"":""diamond"",""min"":1,""max"":3,""requiresLineOfSight"":false}","{""shape"":""single"",""radius"":0}","80","90","22","70","[{""type"":""damage""}]","potent","dark | melee","true","ready"
"destroycannon","DestroyCannon","DestroyCannon","","","dawn_dusk","striker","dark","{""shape"":""diamond"",""min"":1,""max"":3,""requiresLineOfSight"":false}","{""shape"":""single"",""radius"":0}","80","90","22","70","[{""type"":""damage""}]","potent","dark | melee","true","ready"
"double_blade","Double Blade","Double Blade","","","dawn_dusk","striker","neutral","{""shape"":""diamond"",""min"":1,""max"":3,""requiresLineOfSight"":false}","{""shape"":""single"",""radius"":0}","62","95","13","48","[{""type"":""damage"",""hits"":2}]","potent","neutral | melee","false","ready"
"relevantdigital_cmd_push_function_rdsmartload_div_gpt_ad_auto_inline_4","relevantDigital.cmd.push(function() { rdSmartLoad(""div-gpt-ad-auto-inline-4""); });","relevantDigital.cmd.push(function() { rdSmartLoad(""div-gpt-ad-auto-inline-4""); });","","","dawn_dusk","mobility","neutral","{""shape"":""diamond"",""min"":1,""max"":3,""requiresLineOfSight"":false}","{""shape"":""single"",""radius"":0}","0","100","6","28","[{""type"":""status"",""status"":""guard"",""chance"":100,""duration"":3}]","swift","neutral | melee","true","ready"
"doubled_claw","DoubleD Claw","DoubleD Claw","","","dawn_dusk","striker","fire","{""shape"":""diamond"",""min"":1,""max"":3,""requiresLineOfSight"":false}","{""shape"":""single"",""radius"":0}","62","95","13","48","[{""type"":""damage"",""hits"":2}]","potent","fire | melee","true","ready"
"drain_whipping","Drain Whipping","Drain Whipping","","","dawn_dusk","striker","electric","{""shape"":""diamond"",""min"":1,""max"":3,""requiresLineOfSight"":false}","{""shape"":""single"",""radius"":0}","62","95","13","48","[{""type"":""damage""}]","potent","electric | melee","true","ready"
"electric_coat","Electric Coat","Electric Coat","","","dawn_dusk","support","electric","{""shape"":""diamond"",""min"":0,""max"":3,""requiresLineOfSight"":false}","{""shape"":""single"",""radius"":0}","0","100","6","28","[{""type"":""status"",""status"":""guard"",""chance"":100,""duration"":3}]","swift","electric | melee","true","ready"
"electric_rage","Electric Rage","Electric Rage","","","dawn_dusk","striker","electric","{""shape"":""diamond"",""min"":1,""max"":3,""requiresLineOfSight"":false}","{""shape"":""single"",""radius"":0}","46","100","8","34","[{""type"":""damage""}]","swift","electric | melee","true","ready"
"electroblaster","ElectroBlaster","ElectroBlaster","","","dawn_dusk","area_damage","electric","{""shape"":""diamond"",""min"":1,""max"":5,""requiresLineOfSight"":false}","{""shape"":""diamond"",""radius"":2}","52","90","30","82","[{""type"":""damage""}]","precise","electric | projectile","true","ready"
"electrowhipping","ElectroWhipping","ElectroWhipping","","","dawn_dusk","striker","electric","{""shape"":""diamond"",""min"":1,""max"":3,""requiresLineOfSight"":false}","{""shape"":""single"",""radius"":0}","80","90","22","70","[{""type"":""damage"",""hits"":2}]","potent","electric | melee","false","ready"
"energy_bolt","Energy Bolt","Energy Bolt","","","dawn_dusk","support","fire","{""shape"":""diamond"",""min"":0,""max"":5,""requiresLineOfSight"":false}","{""shape"":""diamond"",""radius"":2}","0","100","10","40","[{""type"":""status"",""status"":""guard"",""chance"":100,""duration"":3}]","swift","fire | projectile","true","ready"
"energy_cannon","Energy Cannon","Energy Cannon","","","dawn_dusk","support","fire","{""shape"":""diamond"",""min"":0,""max"":5,""requiresLineOfSight"":false}","{""shape"":""diamond"",""radius"":2}","0","100","10","40","[{""type"":""status"",""status"":""guard"",""chance"":100,""duration"":3}]","swift","fire | projectile","true","ready"
"relevantdigital_cmd_push_function_rdsmartload_div_gpt_ad_auto_inline_5","relevantDigital.cmd.push(function() { rdSmartLoad(""div-gpt-ad-auto-inline-5""); });","relevantDigital.cmd.push(function() { rdSmartLoad(""div-gpt-ad-auto-inline-5""); });","","","dawn_dusk","mobility","neutral","{""shape"":""diamond"",""min"":1,""max"":3,""requiresLineOfSight"":false}","{""shape"":""single"",""radius"":0}","0","100","6","28","[{""type"":""status"",""status"":""guard"",""chance"":100,""duration"":3}]","swift","neutral | melee","true","ready"
"ftemptation","FTemptation","FTemptation","","","dawn_dusk","control","electric","{""shape"":""diamond"",""min"":1,""max"":3,""requiresLineOfSight"":false}","{""shape"":""single"",""radius"":0}","80","100","22","70","[{""type"":""damage""},{""type"":""status"",""status"":""confusion"",""chance"":40,""duration"":3}]","efficient","electric | melee","true","ready"
"fatal_cannon","Fatal Cannon","Fatal Cannon","","","dawn_dusk","area_damage","fire","{""shape"":""diamond"",""min"":1,""max"":5,""requiresLineOfSight"":false}","{""shape"":""diamond"",""radius"":2}","52","90","30","82","[{""type"":""damage""}]","precise","fire | projectile","false","ready"
"fatal_cross","Fatal Cross","Fatal Cross","","","dawn_dusk","striker","light","{""shape"":""diamond"",""min"":1,""max"":3,""requiresLineOfSight"":false}","{""shape"":""single"",""radius"":0}","80","90","22","70","[{""type"":""damage""}]","potent","light | melee","false","ready"
"fatal_hand","Fatal Hand","Fatal Hand","","","dawn_dusk","striker","light","{""shape"":""diamond"",""min"":1,""max"":3,""requiresLineOfSight"":false}","{""shape"":""single"",""radius"":0}","80","90","22","70","[{""type"":""damage"",""hits"":2}]","potent","light | melee","true","ready"
"fire_coat","Fire Coat","Fire Coat","","","dawn_dusk","support","fire","{""shape"":""diamond"",""min"":0,""max"":3,""requiresLineOfSight"":false}","{""shape"":""single"",""radius"":0}","0","100","6","28","[{""type"":""status"",""status"":""guard"",""chance"":100,""duration"":3}]","swift","fire | melee","true","ready"
"flash_punch","Flash Punch","Flash Punch","","","dawn_dusk","striker","earth","{""shape"":""diamond"",""min"":1,""max"":3,""requiresLineOfSight"":false}","{""shape"":""single"",""radius"":0}","80","90","22","70","[{""type"":""damage"",""hits"":3}]","potent","earth | melee","false","ready"
"flash_ray","Flash Ray","Flash Ray","","","dawn_dusk","control","light","{""shape"":""diamond"",""min"":1,""max"":3,""requiresLineOfSight"":false}","{""shape"":""single"",""radius"":0}","46","100","8","34","[{""type"":""damage""},{""type"":""status"",""status"":""confusion"",""chance"":40,""duration"":3}]","reliable_effect","light | melee","false","ready"
"forlorn_fang","Forlorn Fang","Forlorn Fang","","","dawn_dusk","striker","earth","{""shape"":""diamond"",""min"":1,""max"":3,""requiresLineOfSight"":false}","{""shape"":""single"",""radius"":0}","80","90","22","70","[{""type"":""damage""}]","potent","earth | melee","false","ready"
"freeze_bolt","Freeze Bolt","Freeze Bolt","","","dawn_dusk","striker","water","{""shape"":""diamond"",""min"":1,""max"":3,""requiresLineOfSight"":false}","{""shape"":""single"",""radius"":0}","62","95","13","48","[{""type"":""damage""}]","potent","water | melee","true","ready"
"frothier_spit","Frothier Spit","Frothier Spit","","","dawn_dusk","striker","water","{""shape"":""diamond"",""min"":1,""max"":3,""requiresLineOfSight"":false}","{""shape"":""single"",""radius"":0}","46","100","8","34","[{""type"":""damage""}]","swift","water | melee","false","ready"
"relevantdigital_cmd_push_function_rdsmartload_div_gpt_ad_auto_inline_6","relevantDigital.cmd.push(function() { rdSmartLoad(""div-gpt-ad-auto-inline-6""); });","relevantDigital.cmd.push(function() { rdSmartLoad(""div-gpt-ad-auto-inline-6""); });","","","dawn_dusk","mobility","neutral","{""shape"":""diamond"",""min"":1,""max"":3,""requiresLineOfSight"":false}","{""shape"":""single"",""radius"":0}","0","100","6","28","[{""type"":""status"",""status"":""guard"",""chance"":100,""duration"":3}]","swift","neutral | melee","false","ready"
"gashingbreeze","GashingBreeze","GashingBreeze","","","dawn_dusk","striker","wind","{""shape"":""diamond"",""min"":1,""max"":3,""requiresLineOfSight"":false}","{""shape"":""single"",""radius"":0}","46","100","8","34","[{""type"":""damage""}]","swift","wind | melee","false","ready"
"gatling_bomb","Gatling Bomb","Gatling Bomb","","","dawn_dusk","striker","fire","{""shape"":""diamond"",""min"":1,""max"":3,""requiresLineOfSight"":false}","{""shape"":""single"",""radius"":0}","62","95","13","48","[{""type"":""damage"",""hits"":3}]","potent","fire | melee","false","ready"
"geomgmnapalm","GeomgmNapalm","GeomgmNapalm","","","dawn_dusk","area_damage","fire","{""shape"":""diamond"",""min"":1,""max"":5,""requiresLineOfSight"":false}","{""shape"":""diamond"",""radius"":2}","52","90","30","82","[{""type"":""damage""}]","precise","fire | projectile","true","ready"
"giga_breath","Giga Breath","Giga Breath","","","dawn_dusk","area_damage","fire","{""shape"":""diamond"",""min"":1,""max"":5,""requiresLineOfSight"":false}","{""shape"":""diamond"",""radius"":2}","37","90","34","82","[{""type"":""damage""},{""type"":""status"",""status"":""burn"",""chance"":25,""duration"":3}]","precise","fire | breath","true","ready"
"giga_missile","Giga Missile","Giga Missile","","","dawn_dusk","striker","fire","{""shape"":""diamond"",""min"":1,""max"":3,""requiresLineOfSight"":false}","{""shape"":""single"",""radius"":0}","65","90","26","70","[{""type"":""damage"",""hits"":2},{""type"":""status"",""status"":""blind"",""chance"":25,""duration"":3}]","precise","fire | melee","false","ready"
"glory_thunder","Glory Thunder","Glory Thunder","","","dawn_dusk","area_damage","electric","{""shape"":""diamond"",""min"":1,""max"":5,""requiresLineOfSight"":false}","{""shape"":""diamond"",""radius"":2}","52","90","30","82","[{""type"":""damage""}]","precise","electric | projectile","false","ready"
"grand_cross","Grand Cross","Grand Cross","","","dawn_dusk","striker","light","{""shape"":""diamond"",""min"":1,""max"":3,""requiresLineOfSight"":false}","{""shape"":""single"",""radius"":0}","46","100","8","34","[{""type"":""damage""}]","swift","light | melee","false","ready"
"great_wall","Great Wall","Great Wall","","","dawn_dusk","support","neutral","{""shape"":""diamond"",""min"":0,""max"":5,""requiresLineOfSight"":false}","{""shape"":""diamond"",""radius"":2}","0","100","10","40","[{""type"":""status"",""status"":""guard"",""chance"":100,""duration"":3}]","swift","neutral | projectile","true","ready"
"hard_shell","Hard Shell","Hard Shell","","","dawn_dusk","support","water","{""shape"":""diamond"",""min"":0,""max"":3,""requiresLineOfSight"":false}","{""shape"":""single"",""radius"":0}","0","100","6","28","[{""type"":""status"",""status"":""guard"",""chance"":100,""duration"":3}]","swift","water | melee","false","ready"
"relevantdigital_cmd_push_function_rdsmartload_div_gpt_ad_auto_inline_7","relevantDigital.cmd.push(function() { rdSmartLoad(""div-gpt-ad-auto-inline-7""); });","relevantDigital.cmd.push(function() { rdSmartLoad(""div-gpt-ad-auto-inline-7""); });","","","dawn_dusk","mobility","neutral","{""shape"":""diamond"",""min"":1,""max"":3,""requiresLineOfSight"":false}","{""shape"":""single"",""radius"":0}","0","100","6","28","[{""type"":""status"",""status"":""guard"",""chance"":100,""duration"":3}]","swift","neutral | melee","false","ready"
"healing_spring","Healing Spring","Healing Spring","","","dawn_dusk","healing","water","{""shape"":""diamond"",""min"":0,""max"":5,""requiresLineOfSight"":false}","{""shape"":""diamond"",""radius"":2}","18","100","14","50","[{""type"":""heal"",""percentMaxHp"":18}]","efficient","water | healing","false","ready"
"heavy_metal","Heavy Metal","Heavy Metal","","","dawn_dusk","striker","fire","{""shape"":""diamond"",""min"":1,""max"":3,""requiresLineOfSight"":false}","{""shape"":""single"",""radius"":0}","62","95","13","48","[{""type"":""damage"",""hits"":2}]","potent","fire | melee","false","ready"
"highsonicvoice","HighSonicVoice","HighSonicVoice","","","dawn_dusk","area_damage","water","{""shape"":""diamond"",""min"":1,""max"":5,""requiresLineOfSight"":false}","{""shape"":""diamond"",""radius"":2}","40","95","21","60","[{""type"":""damage""}]","precise","water | projectile","true","ready"
"holy_cannon","Holy Cannon","Holy Cannon","","","dawn_dusk","area_damage","fire","{""shape"":""diamond"",""min"":1,""max"":5,""requiresLineOfSight"":false}","{""shape"":""diamond"",""radius"":2}","52","90","30","82","[{""type"":""damage""}]","precise","fire | projectile","false","ready"
"holy_hand","Holy Hand","Holy Hand","","","dawn_dusk","striker","light","{""shape"":""diamond"",""min"":1,""max"":3,""requiresLineOfSight"":false}","{""shape"":""single"",""radius"":0}","46","100","8","34","[{""type"":""damage""}]","swift","light | melee","false","ready"
"hyper_tornado_97db9365","Hyper-Tornado","Hyper-Tornado","","","dawn_dusk","striker","wind","{""shape"":""diamond"",""min"":1,""max"":3,""requiresLineOfSight"":false}","{""shape"":""single"",""radius"":0}","80","90","22","70","[{""type"":""damage""}]","potent","wind | melee","false","ready"
"ice_blast","Ice Blast","Ice Blast","","","dawn_dusk","striker","water","{""shape"":""diamond"",""min"":1,""max"":3,""requiresLineOfSight"":false}","{""shape"":""single"",""radius"":0}","46","100","8","34","[{""type"":""damage""}]","swift","water | melee","true","ready"
"instant_blow","Instant Blow","Instant Blow","","","dawn_dusk","striker","electric","{""shape"":""diamond"",""min"":1,""max"":3,""requiresLineOfSight"":false}","{""shape"":""single"",""radius"":0}","80","90","22","70","[{""type"":""damage""}]","potent","electric | melee","false","ready"
"junk_attack","Junk Attack","Junk Attack","","","dawn_dusk","striker","dark","{""shape"":""diamond"",""min"":1,""max"":3,""requiresLineOfSight"":false}","{""shape"":""single"",""radius"":0}","46","100","8","34","[{""type"":""damage""}]","swift","dark | melee","false","ready"
"relevantdigital_cmd_push_function_rdsmartload_div_gpt_ad_auto_inline_8","relevantDigital.cmd.push(function() { rdSmartLoad(""div-gpt-ad-auto-inline-8""); });","relevantDigital.cmd.push(function() { rdSmartLoad(""div-gpt-ad-auto-inline-8""); });","","","dawn_dusk","mobility","neutral","{""shape"":""diamond"",""min"":1,""max"":3,""requiresLineOfSight"":false}","{""shape"":""single"",""radius"":0}","0","100","6","28","[{""type"":""status"",""status"":""guard"",""chance"":100,""duration"":3}]","swift","neutral | melee","false","ready"
"laser_blade","Laser Blade","Laser Blade","","","dawn_dusk","striker","neutral","{""shape"":""diamond"",""min"":1,""max"":3,""requiresLineOfSight"":false}","{""shape"":""single"",""radius"":0}","80","90","22","70","[{""type"":""damage"",""hits"":2}]","potent","neutral | melee","true","ready"
"light_coat","Light Coat","Light Coat","","","dawn_dusk","support","light","{""shape"":""diamond"",""min"":0,""max"":3,""requiresLineOfSight"":false}","{""shape"":""single"",""radius"":0}","0","100","6","28","[{""type"":""status"",""status"":""guard"",""chance"":100,""duration"":3}]","swift","light | melee","true","ready"
"light_wave","Light Wave","Light Wave","","","dawn_dusk","striker","light","{""shape"":""diamond"",""min"":1,""max"":3,""requiresLineOfSight"":false}","{""shape"":""single"",""radius"":0}","46","100","8","34","[{""type"":""damage""}]","swift","light | melee","true","ready"
"little_blizzard","Little Blizzard","Little Blizzard","","","dawn_dusk","area_damage","water","{""shape"":""diamond"",""min"":1,""max"":5,""requiresLineOfSight"":false}","{""shape"":""diamond"",""radius"":2}","30","100","16","46","[{""type"":""damage""}]","efficient","water | projectile","true","ready"
"lore_of_light","Lore of Light","Lore of Light","","","dawn_dusk","support","light","{""shape"":""diamond"",""min"":0,""max"":3,""requiresLineOfSight"":false}","{""shape"":""single"",""radius"":0}","0","100","6","28","[{""type"":""status"",""status"":""guard"",""chance"":100,""duration"":3}]","swift","light | melee","true","ready"
"lullaby","Lullaby","Lullaby","","","dawn_dusk","control","electric","{""shape"":""diamond"",""min"":1,""max"":5,""requiresLineOfSight"":false}","{""shape"":""diamond"",""radius"":2}","30","100","16","46","[{""type"":""damage""},{""type"":""status"",""status"":""sleep"",""chance"":40,""duration"":3}]","efficient","electric | projectile","true","ready"
"lullaby_bubble","Lullaby Bubble","Lullaby Bubble","","","dawn_dusk","control","water","{""shape"":""diamond"",""min"":1,""max"":3,""requiresLineOfSight"":false}","{""shape"":""single"",""radius"":0}","46","100","8","34","[{""type"":""damage""},{""type"":""status"",""status"":""sleep"",""chance"":40,""duration"":3}]","reliable_effect","water | melee","true","ready"
"machine_coat","Machine Coat","Machine Coat","","","dawn_dusk","support","neutral","{""shape"":""diamond"",""min"":0,""max"":3,""requiresLineOfSight"":false}","{""shape"":""single"",""radius"":0}","0","100","6","28","[{""type"":""status"",""status"":""guard"",""chance"":100,""duration"":3}]","swift","neutral | melee","true","ready"
"medicalsystem","MedicalSystem","MedicalSystem","","","dawn_dusk","healing","neutral","{""shape"":""diamond"",""min"":0,""max"":5,""requiresLineOfSight"":false}","{""shape"":""diamond"",""radius"":2}","18","100","14","50","[{""type"":""heal"",""percentMaxHp"":18}]","efficient","neutral | healing","true","ready"
"megametalstar","MegaMetalStar","MegaMetalStar","","","dawn_dusk","striker","neutral","{""shape"":""diamond"",""min"":1,""max"":3,""requiresLineOfSight"":false}","{""shape"":""single"",""radius"":0}","80","90","22","70","[{""type"":""damage""}]","potent","neutral | melee","true","ready"
"relevantdigital_cmd_push_function_rdsmartload_div_gpt_ad_auto_inline_9","relevantDigital.cmd.push(function() { rdSmartLoad(""div-gpt-ad-auto-inline-9""); });","relevantDigital.cmd.push(function() { rdSmartLoad(""div-gpt-ad-auto-inline-9""); });","","","dawn_dusk","mobility","neutral","{""shape"":""diamond"",""min"":1,""max"":3,""requiresLineOfSight"":false}","{""shape"":""single"",""radius"":0}","0","100","6","28","[{""type"":""status"",""status"":""guard"",""chance"":100,""duration"":3}]","swift","neutral | melee","true","ready"
"megameteofall","MegaMeteoFall","MegaMeteoFall","","","dawn_dusk","area_damage","fire","{""shape"":""diamond"",""min"":1,""max"":5,""requiresLineOfSight"":false}","{""shape"":""diamond"",""radius"":2}","52","90","30","82","[{""type"":""damage""}]","precise","fire | projectile","true","ready"
"mentalessence","MentalEssence","MentalEssence","","","dawn_dusk","area_damage","dark","{""shape"":""diamond"",""min"":1,""max"":5,""requiresLineOfSight"":false}","{""shape"":""diamond"",""radius"":2}","30","100","16","46","[{""type"":""damage""}]","efficient","dark | projectile","true","ready"
"meteor_fall","Meteor Fall","Meteor Fall","","","dawn_dusk","striker","fire","{""shape"":""diamond"",""min"":1,""max"":3,""requiresLineOfSight"":false}","{""shape"":""single"",""radius"":0}","65","90","26","70","[{""type"":""damage"",""hits"":2},{""type"":""status"",""status"":""burn"",""chance"":25,""duration"":3}]","precise","fire | melee","true","ready"
"mind_reader","Mind Reader","Mind Reader","","","dawn_dusk","support","wind","{""shape"":""diamond"",""min"":0,""max"":5,""requiresLineOfSight"":false}","{""shape"":""diamond"",""radius"":2}","0","100","10","40","[{""type"":""status"",""status"":""speed_up"",""chance"":40,""duration"":3}]","reliable_effect","wind | projectile","true","ready"
"mini_blade","Mini Blade","Mini Blade","","","dawn_dusk","area_damage","neutral","{""shape"":""diamond"",""min"":1,""max"":5,""requiresLineOfSight"":false}","{""shape"":""diamond"",""radius"":2}","30","100","16","46","[{""type"":""damage""}]","efficient","neutral | projectile","true","ready"
"nano_break","Nano Break","Nano Break","","","dawn_dusk","striker","neutral","{""shape"":""diamond"",""min"":1,""max"":3,""requiresLineOfSight"":false}","{""shape"":""single"",""radius"":0}","62","95","13","48","[{""type"":""damage""}]","potent","neutral | melee","true","ready"
"nanomech_heal","Nanomech Heal","Nanomech Heal","","","dawn_dusk","healing","neutral","{""shape"":""diamond"",""min"":0,""max"":3,""requiresLineOfSight"":false}","{""shape"":""single"",""radius"":0}","30","100","10","38","[{""type"":""heal"",""percentMaxHp"":30}]","potent","neutral | healing","true","ready"
"nightmare","Nightmare","Nightmare","","","dawn_dusk","area_damage","dark","{""shape"":""diamond"",""min"":1,""max"":5,""requiresLineOfSight"":false}","{""shape"":""diamond"",""radius"":2}","52","90","30","82","[{""type"":""damage""}]","precise","dark | projectile","true","ready"
"normal_blade","Normal Blade","Normal Blade","","","dawn_dusk","striker","neutral","{""shape"":""diamond"",""min"":1,""max"":3,""requiresLineOfSight"":false}","{""shape"":""single"",""radius"":0}","46","100","8","34","[{""type"":""damage""}]","swift","neutral | melee","false","ready"
"relevantdigital_cmd_push_function_rdsmartload_div_gpt_ad_auto_inline_10","relevantDigital.cmd.push(function() { rdSmartLoad(""div-gpt-ad-auto-inline-10""); });","relevantDigital.cmd.push(function() { rdSmartLoad(""div-gpt-ad-auto-inline-10""); });","","","dawn_dusk","mobility","neutral","{""shape"":""diamond"",""min"":1,""max"":3,""requiresLineOfSight"":false}","{""shape"":""single"",""radius"":0}","0","100","6","28","[{""type"":""status"",""status"":""guard"",""chance"":100,""duration"":3}]","swift","neutral | melee","true","ready"
"omegar_force","OmegaR Force","OmegaR Force","","","dawn_dusk","area_damage","neutral","{""shape"":""diamond"",""min"":1,""max"":5,""requiresLineOfSight"":false}","{""shape"":""diamond"",""radius"":2}","52","90","30","82","[{""type"":""damage""}]","precise","neutral | projectile","false","ready"
"pit_crusher","Pit Crusher","Pit Crusher","","","dawn_dusk","control","dark","{""shape"":""diamond"",""min"":1,""max"":3,""requiresLineOfSight"":false}","{""shape"":""single"",""radius"":0}","62","100","13","48","[{""type"":""damage""},{""type"":""status"",""status"":""paralysis"",""chance"":40,""duration"":3}]","efficient","dark | melee","false","ready"
"pollen_spray","Pollen Spray","Pollen Spray","","","dawn_dusk","control","electric","{""shape"":""diamond"",""min"":1,""max"":3,""requiresLineOfSight"":false}","{""shape"":""single"",""radius"":0}","46","100","8","34","[{""type"":""damage""},{""type"":""status"",""status"":""paralysis"",""chance"":40,""duration"":3}]","reliable_effect","electric | melee","true","ready"
"poweroflove","PowerofLove","PowerofLove","","","dawn_dusk","area_damage","light","{""shape"":""diamond"",""min"":1,""max"":5,""requiresLineOfSight"":false}","{""shape"":""diamond"",""radius"":2}","30","100","16","46","[{""type"":""damage""}]","efficient","light | projectile","true","ready"
"pummel_whack","Pummel Whack","Pummel Whack","","","dawn_dusk","striker","earth","{""shape"":""diamond"",""min"":1,""max"":3,""requiresLineOfSight"":false}","{""shape"":""single"",""radius"":0}","62","95","13","48","[{""type"":""damage""}]","potent","earth | melee","false","ready"
"purification","Purification","Purification","","","dawn_dusk","healing","light","{""shape"":""diamond"",""min"":0,""max"":5,""requiresLineOfSight"":false}","{""shape"":""diamond"",""radius"":2}","18","100","14","50","[{""type"":""heal"",""percentMaxHp"":18}]","efficient","light | healing","false","ready"
"raging_beast","Raging Beast","Raging Beast","","","dawn_dusk","striker","earth","{""shape"":""diamond"",""min"":1,""max"":3,""requiresLineOfSight"":false}","{""shape"":""single"",""radius"":0}","46","100","8","34","[{""type"":""damage""}]","swift","earth | melee","false","ready"
"raging_flame","Raging Flame","Raging Flame","","","dawn_dusk","striker","fire","{""shape"":""diamond"",""min"":1,""max"":3,""requiresLineOfSight"":false}","{""shape"":""single"",""radius"":0}","46","100","8","34","[{""type"":""damage""}]","swift","fire | melee","false","ready"
"raging_light","Raging Light","Raging Light","","","dawn_dusk","striker","light","{""shape"":""diamond"",""min"":1,""max"":3,""requiresLineOfSight"":false}","{""shape"":""single"",""radius"":0}","46","100","8","34","[{""type"":""damage""}]","swift","light | melee","false","ready"
"raging_water","Raging Water","Raging Water","","","dawn_dusk","striker","water","{""shape"":""diamond"",""min"":1,""max"":3,""requiresLineOfSight"":false}","{""shape"":""single"",""radius"":0}","46","100","8","34","[{""type"":""damage""}]","swift","water | melee","false","ready"
"raging_wind","Raging Wind","Raging Wind","","","dawn_dusk","striker","wind","{""shape"":""diamond"",""min"":1,""max"":3,""requiresLineOfSight"":false}","{""shape"":""single"",""radius"":0}","46","100","8","34","[{""type"":""damage""}]","swift","wind | melee","false","ready"
"ragingdarkness","RagingDarkness","RagingDarkness","","","dawn_dusk","striker","dark","{""shape"":""diamond"",""min"":1,""max"":3,""requiresLineOfSight"":false}","{""shape"":""single"",""radius"":0}","46","100","8","34","[{""type"":""damage""}]","swift","dark | melee","false","ready"
"ragingmachine","RagingMachine","RagingMachine","","","dawn_dusk","striker","neutral","{""shape"":""diamond"",""min"":1,""max"":3,""requiresLineOfSight"":false}","{""shape"":""single"",""radius"":0}","46","100","8","34","[{""type"":""damage""}]","swift","neutral | melee","true","ready"
"rain_of_pollen","Rain of Pollen","Rain of Pollen","","","dawn_dusk","striker","electric","{""shape"":""diamond"",""min"":1,""max"":3,""requiresLineOfSight"":false}","{""shape"":""single"",""radius"":0}","46","100","8","34","[{""type"":""damage""}]","swift","electric | melee","false","ready"
"rainbow_spit","Rainbow Spit","Rainbow Spit","","","dawn_dusk","striker","water","{""shape"":""diamond"",""min"":1,""max"":3,""requiresLineOfSight"":false}","{""shape"":""single"",""radius"":0}","80","90","22","70","[{""type"":""damage"",""hits"":2}]","potent","water | melee","false","ready"
"random_poop","Random Poop","Random Poop","","","dawn_dusk","striker","dark","{""shape"":""diamond"",""min"":1,""max"":3,""requiresLineOfSight"":false}","{""shape"":""single"",""radius"":0}","46","100","8","34","[{""type"":""damage"",""hits"":3}]","swift","dark | melee","true","ready"
"rising_ray_15462efd","Rising Ray","Rising Ray","","","dawn_dusk","area_damage","fire","{""shape"":""diamond"",""min"":1,""max"":5,""requiresLineOfSight"":false}","{""shape"":""diamond"",""radius"":2}","52","90","30","82","[{""type"":""damage"",""hits"":2}]","precise","fire | projectile","true","ready"
"royal_blizzard","Royal Blizzard","Royal Blizzard","","","dawn_dusk","area_damage","water","{""shape"":""diamond"",""min"":1,""max"":5,""requiresLineOfSight"":false}","{""shape"":""diamond"",""radius"":2}","52","90","30","82","[{""type"":""damage""}]","precise","water | projectile","false","ready"
"royal_cannon","Royal Cannon","Royal Cannon","","","dawn_dusk","area_damage","fire","{""shape"":""diamond"",""min"":1,""max"":5,""requiresLineOfSight"":false}","{""shape"":""diamond"",""radius"":2}","52","90","30","82","[{""type"":""damage""}]","precise","fire | projectile","true","ready"
"royal_claw","Royal Claw","Royal Claw","","","dawn_dusk","striker","earth","{""shape"":""diamond"",""min"":1,""max"":3,""requiresLineOfSight"":false}","{""shape"":""single"",""radius"":0}","80","90","22","70","[{""type"":""damage"",""hits"":2}]","potent","earth | melee","false","ready"
"screwd_claw","ScrewD Claw","ScrewD Claw","","","dawn_dusk","striker","fire","{""shape"":""diamond"",""min"":1,""max"":3,""requiresLineOfSight"":false}","{""shape"":""single"",""radius"":0}","80","90","22","70","[{""type"":""damage""}]","potent","fire | melee","true","ready"
"shadow_claw","Shadow Claw","Shadow Claw","","","dawn_dusk","control","dark","{""shape"":""diamond"",""min"":1,""max"":3,""requiresLineOfSight"":false}","{""shape"":""single"",""radius"":0}","46","100","8","34","[{""type"":""damage""},{""type"":""status"",""status"":""poison"",""chance"":40,""duration"":3}]","reliable_effect","dark | melee","true","ready"
"sharp_claw","Sharp Claw","Sharp Claw","","","dawn_dusk","striker","earth","{""shape"":""diamond"",""min"":1,""max"":3,""requiresLineOfSight"":false}","{""shape"":""single"",""radius"":0}","46","100","8","34","[{""type"":""damage""}]","swift","earth | melee","true","ready"
"sharp_fang","Sharp Fang","Sharp Fang","","","dawn_dusk","striker","earth","{""shape"":""diamond"",""min"":1,""max"":3,""requiresLineOfSight"":false}","{""shape"":""single"",""radius"":0}","46","100","8","34","[{""type"":""damage""}]","swift","earth | melee","true","ready"
"shining_ray","Shining Ray","Shining Ray","","","dawn_dusk","area_damage","fire","{""shape"":""diamond"",""min"":1,""max"":5,""requiresLineOfSight"":false}","{""shape"":""diamond"",""radius"":2}","52","90","30","82","[{""type"":""damage"",""hits"":2}]","precise","fire | projectile","true","ready"
"shock_net","Shock Net","Shock Net","","","dawn_dusk","area_damage","electric","{""shape"":""diamond"",""min"":1,""max"":5,""requiresLineOfSight"":false}","{""shape"":""diamond"",""radius"":2}","30","100","16","46","[{""type"":""damage""}]","efficient","electric | projectile","true","ready"
"small_breath","Small Breath","Small Breath","","","dawn_dusk","area_damage","fire","{""shape"":""diamond"",""min"":1,""max"":5,""requiresLineOfSight"":false}","{""shape"":""diamond"",""radius"":2}","30","100","16","46","[{""type"":""damage""}]","efficient","fire | breath","true","ready"
"small_cutter","Small Cutter","Small Cutter","","","dawn_dusk","striker","earth","{""shape"":""diamond"",""min"":1,""max"":3,""requiresLineOfSight"":false}","{""shape"":""single"",""radius"":0}","46","100","8","34","[{""type"":""damage""}]","swift","earth | melee","true","ready"
"small_tornado","Small Tornado","Small Tornado","","","dawn_dusk","area_damage","wind","{""shape"":""diamond"",""min"":1,""max"":5,""requiresLineOfSight"":false}","{""shape"":""diamond"",""radius"":2}","30","100","16","46","[{""type"":""damage""}]","efficient","wind | projectile","true","ready"
"spiral_claw","Spiral Claw","Spiral Claw","","","dawn_dusk","striker","wind","{""shape"":""diamond"",""min"":1,""max"":3,""requiresLineOfSight"":false}","{""shape"":""single"",""radius"":0}","80","90","22","70","[{""type"":""damage"",""hits"":2}]","potent","wind | melee","true","ready"
"stun_whipping","Stun Whipping","Stun Whipping","","","dawn_dusk","support","electric","{""shape"":""diamond"",""min"":0,""max"":3,""requiresLineOfSight"":false}","{""shape"":""single"",""radius"":0}","0","100","6","28","[{""type"":""status"",""status"":""paralysis"",""chance"":40,""duration"":3}]","reliable_effect","electric | melee","true","ready"
"surprise_blow","Surprise Blow","Surprise Blow","","","dawn_dusk","striker","electric","{""shape"":""diamond"",""min"":1,""max"":3,""requiresLineOfSight"":false}","{""shape"":""single"",""radius"":0}","46","100","8","34","[{""type"":""damage""}]","swift","electric | melee","true","ready"
"tiny_blaster","Tiny Blaster","Tiny Blaster","","","dawn_dusk","area_damage","electric","{""shape"":""diamond"",""min"":1,""max"":5,""requiresLineOfSight"":false}","{""shape"":""diamond"",""radius"":2}","30","100","16","46","[{""type"":""damage""}]","efficient","electric | projectile","true","ready"
"tiny_metal","Tiny Metal","Tiny Metal","","","dawn_dusk","area_damage","fire","{""shape"":""diamond"",""min"":1,""max"":5,""requiresLineOfSight"":false}","{""shape"":""diamond"",""radius"":2}","30","100","16","46","[{""type"":""damage""}]","efficient","fire | projectile","true","ready"
"tinyholyflame","TinyHolyFlame","TinyHolyFlame","","","dawn_dusk","support","fire","{""shape"":""diamond"",""min"":0,""max"":3,""requiresLineOfSight"":false}","{""shape"":""single"",""radius"":0}","0","100","6","28","[{""type"":""status"",""status"":""guard"",""chance"":100,""duration"":3}]","swift","fire | melee","true","ready"
"topgun_bomb","TopGun Bomb","TopGun Bomb","","","dawn_dusk","area_damage","wind","{""shape"":""diamond"",""min"":1,""max"":5,""requiresLineOfSight"":false}","{""shape"":""diamond"",""radius"":2}","52","90","30","82","[{""type"":""damage""}]","precise","wind | projectile","true","ready"
"unexpectedblow","UnexpectedBlow","UnexpectedBlow","","","dawn_dusk","striker","electric","{""shape"":""diamond"",""min"":1,""max"":3,""requiresLineOfSight"":false}","{""shape"":""single"",""radius"":0}","46","100","8","34","[{""type"":""damage""}]","swift","electric | melee","true","ready"
"volcanonapalm","VolcanoNapalm","VolcanoNapalm","","","dawn_dusk","area_damage","fire","{""shape"":""diamond"",""min"":1,""max"":5,""requiresLineOfSight"":false}","{""shape"":""diamond"",""radius"":2}","40","95","21","60","[{""type"":""damage"",""hits"":2}]","precise","fire | projectile","true","ready"
"warningoflight","WarningofLight","WarningofLight","","","dawn_dusk","striker","light","{""shape"":""diamond"",""min"":1,""max"":3,""requiresLineOfSight"":false}","{""shape"":""single"",""radius"":0}","46","100","8","34","[{""type"":""damage""}]","swift","light | melee","true","ready"
"water_coat","Water Coat","Water Coat","","","dawn_dusk","support","water","{""shape"":""diamond"",""min"":0,""max"":3,""requiresLineOfSight"":false}","{""shape"":""single"",""radius"":0}","0","100","6","28","[{""type"":""status"",""status"":""guard"",""chance"":100,""duration"":3}]","swift","water | melee","true","ready"
"water_of_life","Water of Life","Water of Life","","","dawn_dusk","area_damage","water","{""shape"":""diamond"",""min"":1,""max"":5,""requiresLineOfSight"":false}","{""shape"":""diamond"",""radius"":2}","30","100","16","46","[{""type"":""damage""}]","efficient","water | projectile","true","ready"
"wind_claw","Wind Claw","Wind Claw","","","dawn_dusk","striker","wind","{""shape"":""diamond"",""min"":1,""max"":3,""requiresLineOfSight"":false}","{""shape"":""single"",""radius"":0}","46","100","8","34","[{""type"":""damage""}]","swift","wind | melee","true","ready"
"wind_coat","Wind Coat","Wind Coat","","","dawn_dusk","support","wind","{""shape"":""diamond"",""min"":0,""max"":3,""requiresLineOfSight"":false}","{""shape"":""single"",""radius"":0}","0","100","6","28","[{""type"":""status"",""status"":""guard"",""chance"":100,""duration"":3}]","swift","wind | melee","true","ready"
"aerial_attack","Aerial Attack","Aerial Attack","","","dawn_dusk","striker","fire","{""shape"":""diamond"",""min"":1,""max"":3,""requiresLineOfSight"":false}","{""shape"":""single"",""radius"":0}","46","100","8","34","[{""type"":""damage""}]","swift","fire | melee","true","ready"
"air_god","Air God","Air God","","","dawn_dusk","striker","light","{""shape"":""diamond"",""min"":1,""max"":3,""requiresLineOfSight"":false}","{""shape"":""single"",""radius"":0}","80","90","22","70","[{""type"":""damage""}]","potent","light | melee","true","ready"
"amemit","Amemit","Amemit","","","dawn_dusk","control","dark","{""shape"":""diamond"",""min"":1,""max"":3,""requiresLineOfSight"":false}","{""shape"":""single"",""radius"":0}","80","100","22","70","[{""type"":""damage""},{""type"":""status"",""status"":""doom"",""chance"":40,""duration"":3}]","efficient","dark | melee","true","ready"
"appndge_blade","Appndge Blade","Appndge Blade","","","dawn_dusk","control","neutral","{""shape"":""diamond"",""min"":1,""max"":3,""requiresLineOfSight"":false}","{""shape"":""single"",""radius"":0}","80","100","22","70","[{""type"":""damage""},{""type"":""status"",""status"":""doom"",""chance"":40,""duration"":3}]","efficient","neutral | melee","true","ready"
"atomic_brt_dark","Atomic BRT (Dark)","Atomic BRT (Dark)","","","dawn_dusk","area_damage","dark","{""shape"":""diamond"",""min"":1,""max"":5,""requiresLineOfSight"":false}","{""shape"":""diamond"",""radius"":2}","25","95","25","60","[{""type"":""damage""},{""type"":""status"",""status"":""burn"",""chance"":25,""duration"":3}]","precise","dark | projectile","true","ready"
"atomic_ray_78e6bf73","Atomic Ray","Atomic Ray","","","dawn_dusk","support","neutral","{""shape"":""diamond"",""min"":0,""max"":3,""requiresLineOfSight"":false}","{""shape"":""single"",""radius"":0}","0","100","6","28","[{""type"":""status"",""status"":""doom"",""chance"":40,""duration"":3}]","reliable_effect","neutral | melee","true","ready"
"auroraangelr","AuroraAngelR","AuroraAngelR","","","dawn_dusk","area_damage","light","{""shape"":""diamond"",""min"":1,""max"":5,""requiresLineOfSight"":false}","{""shape"":""diamond"",""radius"":2}","52","90","30","82","[{""type"":""damage"",""hits"":3}]","precise","light | projectile","true","ready"
"b_smiley_bomb","B Smiley Bomb","B Smiley Bomb","","","dawn_dusk","support","neutral","{""shape"":""diamond"",""min"":0,""max"":3,""requiresLineOfSight"":false}","{""shape"":""single"",""radius"":0}","0","100","6","28","[{""type"":""status"",""status"":""guard"",""chance"":100,""duration"":3}]","swift","neutral | melee","true","ready"
"bdeath_cloud","BDeath Cloud","BDeath Cloud","","","dawn_dusk","control","dark","{""shape"":""diamond"",""min"":1,""max"":3,""requiresLineOfSight"":false}","{""shape"":""single"",""radius"":0}","80","100","22","70","[{""type"":""damage""},{""type"":""status"",""status"":""doom"",""chance"":40,""duration"":3}]","efficient","dark | melee","true","ready"
"bantyo_blade","Bantyo Blade","Bantyo Blade","","","dawn_dusk","striker","light","{""shape"":""diamond"",""min"":1,""max"":3,""requiresLineOfSight"":false}","{""shape"":""single"",""radius"":0}","80","90","22","70","[{""type"":""damage""}]","potent","light | melee","true","ready"
"beak_attack","Beak Attack","Beak Attack","","","dawn_dusk","striker","wind","{""shape"":""diamond"",""min"":1,""max"":3,""requiresLineOfSight"":false}","{""shape"":""single"",""radius"":0}","46","100","8","34","[{""type"":""damage""}]","swift","wind | melee","true","ready"
"beak_twister","Beak Twister","Beak Twister","","","dawn_dusk","control","wind","{""shape"":""diamond"",""min"":1,""max"":3,""requiresLineOfSight"":false}","{""shape"":""single"",""radius"":0}","80","100","22","70","[{""type"":""damage""},{""type"":""status"",""status"":""doom"",""chance"":40,""duration"":3}]","efficient","wind | melee","true","ready"
"beast_attack","Beast Attack","Beast Attack","","","dawn_dusk","striker","earth","{""shape"":""diamond"",""min"":1,""max"":3,""requiresLineOfSight"":false}","{""shape"":""single"",""radius"":0}","46","100","8","34","[{""type"":""damage""}]","swift","earth | melee","true","ready"
"bigbangtackle","BigBangTackle","BigBangTackle","","","dawn_dusk","striker","dark","{""shape"":""diamond"",""min"":1,""max"":3,""requiresLineOfSight"":false}","{""shape"":""single"",""radius"":0}","80","90","22","70","[{""type"":""damage""}]","potent","dark | melee","false","ready"
"bishop_laser","Bishop Laser","Bishop Laser","","","dawn_dusk","support","fire","{""shape"":""diamond"",""min"":0,""max"":3,""requiresLineOfSight"":false}","{""shape"":""single"",""radius"":0}","0","100","6","28","[{""type"":""status"",""status"":""burn"",""chance"":40,""duration"":3}]","reliable_effect","fire | melee","false","ready"
"blast_shot","Blast Shot","Blast Shot","","","dawn_dusk","area_damage","wind","{""shape"":""diamond"",""min"":1,""max"":5,""requiresLineOfSight"":false}","{""shape"":""diamond"",""radius"":2}","30","100","16","46","[{""type"":""damage""}]","efficient","wind | projectile","true","ready"
"bone_spear","Bone Spear","Bone Spear","","","dawn_dusk","striker","neutral","{""shape"":""diamond"",""min"":1,""max"":3,""requiresLineOfSight"":false}","{""shape"":""single"",""radius"":0}","46","100","8","34","[{""type"":""damage""}]","swift","neutral | melee","true","ready"
"bone_strike","Bone Strike","Bone Strike","","","dawn_dusk","striker","earth","{""shape"":""diamond"",""min"":1,""max"":3,""requiresLineOfSight"":false}","{""shape"":""single"",""radius"":0}","46","100","8","34","[{""type"":""damage"",""hits"":2}]","swift","earth | melee","true","ready"
"boom_bubble","Boom Bubble","Boom Bubble","","","dawn_dusk","area_damage","water","{""shape"":""diamond"",""min"":1,""max"":5,""requiresLineOfSight"":false}","{""shape"":""diamond"",""radius"":2}","30","100","16","46","[{""type"":""damage""}]","efficient","water | projectile","true","ready"
"brain_rp","Brain RP","Brain RP","","","dawn_dusk","striker","neutral","{""shape"":""diamond"",""min"":1,""max"":3,""requiresLineOfSight"":false}","{""shape"":""single"",""radius"":0}","80","90","22","70","[{""type"":""damage""}]","potent","neutral | melee","true","ready"
"bunny_blade","Bunny Blade","Bunny Blade","","","dawn_dusk","striker","dark","{""shape"":""diamond"",""min"":1,""max"":3,""requiresLineOfSight"":false}","{""shape"":""single"",""radius"":0}","80","90","22","70","[{""type"":""damage""}]","potent","dark | melee","true","ready"
"bunny_pummel","Bunny Pummel","Bunny Pummel","","","dawn_dusk","striker","fire","{""shape"":""diamond"",""min"":1,""max"":3,""requiresLineOfSight"":false}","{""shape"":""single"",""radius"":0}","46","100","8","34","[{""type"":""damage"",""hits"":2}]","swift","fire | melee","true","ready"
"c_phoenix","C Phoenix","C Phoenix","","","dawn_dusk","striker","light","{""shape"":""diamond"",""min"":1,""max"":3,""requiresLineOfSight"":false}","{""shape"":""single"",""radius"":0}","80","90","22","70","[{""type"":""damage""}]","potent","light | melee","true","ready"
"call_bat","Call Bat","Call Bat","","","dawn_dusk","striker","dark","{""shape"":""diamond"",""min"":1,""max"":3,""requiresLineOfSight"":false}","{""shape"":""single"",""radius"":0}","46","100","8","34","[{""type"":""damage""}]","swift","dark | melee","true","ready"
"call_bird","Call Bird","Call Bird","","","dawn_dusk","striker","wind","{""shape"":""diamond"",""min"":1,""max"":3,""requiresLineOfSight"":false}","{""shape"":""single"",""radius"":0}","62","95","13","48","[{""type"":""damage""}]","potent","wind | melee","true","ready"
"call_cat","Call Cat","Call Cat","","","dawn_dusk","striker","light","{""shape"":""diamond"",""min"":1,""max"":3,""requiresLineOfSight"":false}","{""shape"":""single"",""radius"":0}","46","100","8","34","[{""type"":""damage""}]","swift","light | melee","false","ready"
"call_dramon","Call Dramon","Call Dramon","","","dawn_dusk","striker","fire","{""shape"":""diamond"",""min"":1,""max"":3,""requiresLineOfSight"":false}","{""shape"":""single"",""radius"":0}","80","90","22","70","[{""type"":""damage""}]","potent","fire | melee","true","ready"
"call_leo","Call Leo","Call Leo","","","dawn_dusk","striker","earth","{""shape"":""diamond"",""min"":1,""max"":3,""requiresLineOfSight"":false}","{""shape"":""single"",""radius"":0}","80","90","22","70","[{""type"":""damage"",""hits"":2}]","potent","earth | melee","true","ready"
"call_leyner","Call Leyner","Call Leyner","","","dawn_dusk","striker","water","{""shape"":""diamond"",""min"":1,""max"":3,""requiresLineOfSight"":false}","{""shape"":""single"",""radius"":0}","80","90","22","70","[{""type"":""damage"",""hits"":2}]","potent","water | melee","true","ready"
"call_machines","Call Machines","Call Machines","","","dawn_dusk","striker","neutral","{""shape"":""diamond"",""min"":1,""max"":3,""requiresLineOfSight"":false}","{""shape"":""single"",""radius"":0}","80","90","22","70","[{""type"":""damage""}]","potent","neutral | melee","true","ready"
"calldragonfly","CallDragonfly","CallDragonfly","","","dawn_dusk","striker","electric","{""shape"":""diamond"",""min"":1,""max"":3,""requiresLineOfSight"":false}","{""shape"":""single"",""radius"":0}","62","95","13","48","[{""type"":""damage""}]","potent","electric | melee","true","ready"
"catastrophec","CatastropheC","CatastropheC","","","dawn_dusk","area_damage","dark","{""shape"":""diamond"",""min"":1,""max"":5,""requiresLineOfSight"":false}","{""shape"":""diamond"",""radius"":2}","52","90","30","82","[{""type"":""damage""}]","precise","dark | projectile","true","ready"
"celestialblade","CelestialBlade","CelestialBlade","","","dawn_dusk","area_damage","light","{""shape"":""diamond"",""min"":1,""max"":5,""requiresLineOfSight"":false}","{""shape"":""diamond"",""radius"":2}","52","90","30","82","[{""type"":""damage""}]","precise","light | projectile","true","ready"
"chaotic_flare","Chaotic Flare","Chaotic Flare","","","dawn_dusk","striker","dark","{""shape"":""diamond"",""min"":1,""max"":3,""requiresLineOfSight"":false}","{""shape"":""single"",""radius"":0}","80","90","22","70","[{""type"":""damage""}]","potent","dark | melee","true","ready"
"checkmate","Checkmate","Checkmate","","","dawn_dusk","striker","light","{""shape"":""diamond"",""min"":1,""max"":3,""requiresLineOfSight"":false}","{""shape"":""single"",""radius"":0}","80","90","22","70","[{""type"":""damage""}]","potent","light | melee","true","ready"
"chrono_dsr","Chrono DSR","Chrono DSR","","","dawn_dusk","striker","dark","{""shape"":""diamond"",""min"":1,""max"":3,""requiresLineOfSight"":false}","{""shape"":""single"",""radius"":0}","80","90","22","70","[{""type"":""damage""}]","potent","dark | melee","true","ready"
"chronobreaker","ChronoBreaker","ChronoBreaker","","","dawn_dusk","striker","neutral","{""shape"":""diamond"",""min"":1,""max"":3,""requiresLineOfSight"":false}","{""shape"":""single"",""radius"":0}","62","95","13","48","[{""type"":""damage""}]","potent","neutral | melee","true","ready"
"corona_blazes","Corona BlazeS","Corona BlazeS","","","dawn_dusk","striker","fire","{""shape"":""diamond"",""min"":1,""max"":3,""requiresLineOfSight"":false}","{""shape"":""single"",""radius"":0}","80","90","22","70","[{""type"":""damage"",""hits"":3}]","potent","fire | melee","true","ready"
"cosmo_flash","Cosmo Flash","Cosmo Flash","","","dawn_dusk","striker","neutral","{""shape"":""diamond"",""min"":1,""max"":3,""requiresLineOfSight"":false}","{""shape"":""single"",""radius"":0}","62","95","13","48","[{""type"":""damage"",""hits"":2}]","potent","neutral | melee","true","ready"
"crazy_sonic","Crazy Sonic","Crazy Sonic","","","dawn_dusk","control","wind","{""shape"":""diamond"",""min"":1,""max"":3,""requiresLineOfSight"":false}","{""shape"":""single"",""radius"":0}","62","100","13","48","[{""type"":""damage""},{""type"":""status"",""status"":""confusion"",""chance"":40,""duration"":3}]","efficient","wind | melee","true","ready"
"crescntharken","CrescntHarken","CrescntHarken","","","dawn_dusk","control","dark","{""shape"":""diamond"",""min"":1,""max"":3,""requiresLineOfSight"":false}","{""shape"":""single"",""radius"":0}","80","100","22","70","[{""type"":""damage"",""hits"":2},{""type"":""status"",""status"":""confusion"",""chance"":40,""duration"":3}]","efficient","dark | melee","true","ready"
"crimson_flame","Crimson Flame","Crimson Flame","","","dawn_dusk","area_damage","fire","{""shape"":""diamond"",""min"":1,""max"":5,""requiresLineOfSight"":false}","{""shape"":""diamond"",""radius"":2}","37","90","34","82","[{""type"":""damage""},{""type"":""status"",""status"":""burn"",""chance"":25,""duration"":3}]","precise","fire | projectile","true","ready"
"dm_scissors","DM Scissors","DM Scissors","","","dawn_dusk","control","electric","{""shape"":""diamond"",""min"":1,""max"":3,""requiresLineOfSight"":false}","{""shape"":""single"",""radius"":0}","80","100","22","70","[{""type"":""damage""},{""type"":""status"",""status"":""doom"",""chance"":40,""duration"":3}]","efficient","electric | melee","true","ready"
"dmasquerade","DMasquerade","DMasquerade","","","dawn_dusk","control","electric","{""shape"":""diamond"",""min"":1,""max"":3,""requiresLineOfSight"":false}","{""shape"":""single"",""radius"":0}","80","100","22","70","[{""type"":""damage""},{""type"":""status"",""status"":""paralysis"",""chance"":40,""duration"":3}]","efficient","electric | melee","true","ready"
"dark_barrage","Dark Barrage","Dark Barrage","","","dawn_dusk","striker","dark","{""shape"":""diamond"",""min"":1,""max"":3,""requiresLineOfSight"":false}","{""shape"":""single"",""radius"":0}","80","90","22","70","[{""type"":""damage""}]","potent","dark | melee","true","ready"
"dark_fire","Dark Fire","Dark Fire","","","dawn_dusk","area_damage","dark","{""shape"":""diamond"",""min"":1,""max"":5,""requiresLineOfSight"":false}","{""shape"":""diamond"",""radius"":2}","30","100","16","46","[{""type"":""damage""}]","efficient","dark | projectile","true","ready"
"dark_hazard","Dark Hazard","Dark Hazard","","","dawn_dusk","striker","dark","{""shape"":""diamond"",""min"":1,""max"":3,""requiresLineOfSight"":false}","{""shape"":""single"",""radius"":0}","80","90","22","70","[{""type"":""damage""}]","potent","dark | melee","true","ready"
"dark_healing","Dark Healing","Dark Healing","","","dawn_dusk","healing","dark","{""shape"":""diamond"",""min"":0,""max"":3,""requiresLineOfSight"":false}","{""shape"":""single"",""radius"":0}","30","100","10","38","[{""type"":""heal"",""percentMaxHp"":30}]","potent","dark | healing","true","ready"
"dark_spear","Dark Spear","Dark Spear","","","dawn_dusk","striker","dark","{""shape"":""diamond"",""min"":1,""max"":3,""requiresLineOfSight"":false}","{""shape"":""single"",""radius"":0}","80","90","22","70","[{""type"":""damage""}]","potent","dark | melee","true","ready"
"dark_twister","Dark Twister","Dark Twister","","","dawn_dusk","area_damage","dark","{""shape"":""diamond"",""min"":1,""max"":5,""requiresLineOfSight"":false}","{""shape"":""diamond"",""radius"":2}","30","100","16","46","[{""type"":""damage""}]","efficient","dark | projectile","true","ready"
"darknesswave","DarknessWave","DarknessWave","","","dawn_dusk","striker","dark","{""shape"":""diamond"",""min"":1,""max"":3,""requiresLineOfSight"":false}","{""shape"":""single"",""radius"":0}","65","90","26","70","[{""type"":""damage""},{""type"":""status"",""status"":""burn"",""chance"":25,""duration"":3}]","precise","dark | melee","true","ready"
"darknesszone","DarknessZone","DarknessZone","","","dawn_dusk","control","dark","{""shape"":""diamond"",""min"":1,""max"":5,""requiresLineOfSight"":false}","{""shape"":""diamond"",""radius"":2}","52","100","30","82","[{""type"":""damage""},{""type"":""status"",""status"":""confusion"",""chance"":40,""duration"":3}]","efficient","dark | projectile","true","ready"
"darkstrom","Darkstrom","Darkstrom","","","dawn_dusk","striker","dark","{""shape"":""diamond"",""min"":1,""max"":3,""requiresLineOfSight"":false}","{""shape"":""single"",""radius"":0}","62","95","13","48","[{""type"":""damage""}]","potent","dark | melee","true","ready"
"dead_scream","Dead Scream","Dead Scream","","","dawn_dusk","control","dark","{""shape"":""diamond"",""min"":1,""max"":5,""requiresLineOfSight"":false}","{""shape"":""diamond"",""radius"":2}","52","100","30","82","[{""type"":""damage""},{""type"":""status"",""status"":""paralysis"",""chance"":40,""duration"":3}]","efficient","dark | projectile","true","ready"
"deadly_bomb","Deadly Bomb","Deadly Bomb","","","dawn_dusk","support","fire","{""shape"":""diamond"",""min"":0,""max"":3,""requiresLineOfSight"":false}","{""shape"":""single"",""radius"":0}","0","100","6","28","[{""type"":""status"",""status"":""guard"",""chance"":100,""duration"":3}]","swift","fire | melee","true","ready"
"deadly_shade","Deadly Shade","Deadly Shade","","","dawn_dusk","control","water","{""shape"":""diamond"",""min"":1,""max"":3,""requiresLineOfSight"":false}","{""shape"":""single"",""radius"":0}","46","100","8","34","[{""type"":""damage""},{""type"":""status"",""status"":""paralysis"",""chance"":40,""duration"":3}]","reliable_effect","water | melee","true","ready"
"death_crystal_eb444939","Death Crystal","Death Crystal","","","dawn_dusk","control","dark","{""shape"":""diamond"",""min"":1,""max"":3,""requiresLineOfSight"":false}","{""shape"":""single"",""radius"":0}","80","100","22","70","[{""type"":""damage""}]","efficient","dark | melee","true","ready"
"death_god","Death God","Death God","","","dawn_dusk","control","dark","{""shape"":""diamond"",""min"":1,""max"":3,""requiresLineOfSight"":false}","{""shape"":""single"",""radius"":0}","80","100","22","70","[{""type"":""damage""}]","efficient","dark | melee","true","ready"
"death_scream","Death Scream","Death Scream","","","dawn_dusk","control","dark","{""shape"":""diamond"",""min"":1,""max"":3,""requiresLineOfSight"":false}","{""shape"":""single"",""radius"":0}","80","100","22","70","[{""type"":""damage"",""hits"":2}]","efficient","dark | melee","true","ready"
"demi_dart","Demi Dart","Demi Dart","","","dawn_dusk","striker","dark","{""shape"":""diamond"",""min"":1,""max"":3,""requiresLineOfSight"":false}","{""shape"":""single"",""radius"":0}","32","100","4","24","[{""type"":""damage""}]","swift","dark | melee","true","ready"
"desperadobrt","DesperadoBRT","DesperadoBRT","","","dawn_dusk","striker","fire","{""shape"":""diamond"",""min"":1,""max"":3,""requiresLineOfSight"":false}","{""shape"":""single"",""radius"":0}","62","95","13","48","[{""type"":""damage"",""hits"":2}]","potent","fire | melee","true","ready"
"devil_s_kiss","Devil's Kiss","Devil's Kiss","","","dawn_dusk","striker","neutral","{""shape"":""diamond"",""min"":1,""max"":3,""requiresLineOfSight"":false}","{""shape"":""single"",""radius"":0}","62","95","13","48","[{""type"":""damage""}]","potent","neutral | melee","true","ready"
"digital_bomb","Digital Bomb","Digital Bomb","","","dawn_dusk","control","neutral","{""shape"":""diamond"",""min"":1,""max"":5,""requiresLineOfSight"":false}","{""shape"":""diamond"",""radius"":2}","40","100","21","60","[{""type"":""damage"",""hits"":3},{""type"":""status"",""status"":""confusion"",""chance"":40,""duration"":3}]","efficient","neutral | projectile","true","ready"
"dino_burst","Dino Burst","Dino Burst","","","dawn_dusk","control","fire","{""shape"":""diamond"",""min"":1,""max"":4,""requiresLineOfSight"":false}","{""shape"":""cone"",""radius"":0,""length"":4}","68","100","25","70","[{""type"":""damage""},{""type"":""status"",""status"":""paralysis"",""chance"":40,""duration"":3}]","efficient","fire | projectile","true","ready"
"dino_slash","Dino Slash","Dino Slash","","","dawn_dusk","striker","fire","{""shape"":""diamond"",""min"":1,""max"":3,""requiresLineOfSight"":false}","{""shape"":""single"",""radius"":0}","46","100","8","34","[{""type"":""damage"",""hits"":2}]","swift","fire | melee","true","ready"
"drain_slash","Drain Slash","Drain Slash","","","dawn_dusk","striker","dark","{""shape"":""diamond"",""min"":1,""max"":3,""requiresLineOfSight"":false}","{""shape"":""single"",""radius"":0}","62","95","13","48","[{""type"":""damage""}]","potent","dark | melee","true","ready"
"drill_spin","Drill Spin","Drill Spin","","","dawn_dusk","control","earth","{""shape"":""diamond"",""min"":1,""max"":3,""requiresLineOfSight"":false}","{""shape"":""single"",""radius"":0}","62","100","13","48","[{""type"":""damage""},{""type"":""status"",""status"":""doom"",""chance"":40,""duration"":3}]","efficient","earth | melee","true","ready"
"dynamiccannon","DynamicCannon","DynamicCannon","","","dawn_dusk","area_damage","fire","{""shape"":""diamond"",""min"":1,""max"":5,""requiresLineOfSight"":false}","{""shape"":""diamond"",""radius"":2}","52","90","30","82","[{""type"":""damage"",""hits"":2}]","precise","fire | projectile","true","ready"
"el_bind","EL Bind","EL Bind","","","dawn_dusk","control","electric","{""shape"":""diamond"",""min"":1,""max"":3,""requiresLineOfSight"":false}","{""shape"":""single"",""radius"":0}","80","100","22","70","[{""type"":""damage""},{""type"":""status"",""status"":""paralysis"",""chance"":40,""duration"":3}]","efficient","electric | melee","true","ready"
"ext_war","EXT. War","EXT. War","","","dawn_dusk","striker","light","{""shape"":""diamond"",""min"":1,""max"":3,""requiresLineOfSight"":false}","{""shape"":""single"",""radius"":0}","80","90","22","70","[{""type"":""damage""}]","potent","light | melee","false","ready"
"electrickatana","ElectricKatana","ElectricKatana","","","dawn_dusk","control","electric","{""shape"":""diamond"",""min"":1,""max"":3,""requiresLineOfSight"":false}","{""shape"":""single"",""radius"":0}","80","100","22","70","[{""type"":""damage""},{""type"":""status"",""status"":""paralysis"",""chance"":40,""duration"":3}]","efficient","electric | melee","true","ready"
"electroshocker","ElectroShocker","ElectroShocker","","","dawn_dusk","area_damage","electric","{""shape"":""diamond"",""min"":1,""max"":5,""requiresLineOfSight"":false}","{""shape"":""diamond"",""radius"":2}","40","95","21","60","[{""type"":""damage""}]","precise","electric | projectile","true","ready"
"energy_ray","Energy Ray","Energy Ray","","","dawn_dusk","area_damage","fire","{""shape"":""diamond"",""min"":1,""max"":5,""requiresLineOfSight"":false}","{""shape"":""diamond"",""radius"":2}","30","100","16","46","[{""type"":""damage"",""hits"":2}]","efficient","fire | projectile","true","ready"
"energygrenade","EnergyGrenade","EnergyGrenade","","","dawn_dusk","support","dark","{""shape"":""diamond"",""min"":0,""max"":5,""requiresLineOfSight"":false}","{""shape"":""diamond"",""radius"":2}","0","100","10","40","[{""type"":""status"",""status"":""guard"",""chance"":100,""duration"":3}]","swift","dark | projectile","true","ready"
"eternal_sleep","Eternal Sleep","Eternal Sleep","","","dawn_dusk","control","dark","{""shape"":""diamond"",""min"":1,""max"":3,""requiresLineOfSight"":false}","{""shape"":""single"",""radius"":0}","80","100","22","70","[{""type"":""damage""}]","efficient","dark | melee","true","ready"
"eye_blow","Eye Blow","Eye Blow","","","dawn_dusk","striker","dark","{""shape"":""diamond"",""min"":1,""max"":3,""requiresLineOfSight"":false}","{""shape"":""single"",""radius"":0}","80","90","22","70","[{""type"":""damage"",""hits"":2}]","potent","dark | melee","true","ready"
"eye_blow_2","Eye Blow (2)","Eye Blow (2)","","","dawn_dusk","control","dark","{""shape"":""diamond"",""min"":1,""max"":3,""requiresLineOfSight"":false}","{""shape"":""single"",""radius"":0}","80","100","22","70","[{""type"":""damage"",""hits"":2},{""type"":""status"",""status"":""doom"",""chance"":40,""duration"":3}]","efficient","dark | melee","true","ready"
"f_trident","F Trident","F Trident","","","dawn_dusk","control","water","{""shape"":""diamond"",""min"":1,""max"":3,""requiresLineOfSight"":false}","{""shape"":""single"",""radius"":0}","80","100","22","70","[{""type"":""damage""},{""type"":""status"",""status"":""paralysis"",""chance"":40,""duration"":3}]","efficient","water | melee","true","ready"
"fin_elysion_cd71cc31","FIN Elysion","FIN Elysion","","","dawn_dusk","striker","light","{""shape"":""diamond"",""min"":1,""max"":3,""requiresLineOfSight"":false}","{""shape"":""single"",""radius"":0}","80","90","22","70","[{""type"":""damage""}]","potent","light | melee","true","ready"
"fang_attack","Fang Attack","Fang Attack","","","dawn_dusk","striker","wind","{""shape"":""diamond"",""min"":1,""max"":3,""requiresLineOfSight"":false}","{""shape"":""single"",""radius"":0}","46","100","8","34","[{""type"":""damage"",""hits"":2}]","swift","wind | melee","true","ready"
"fatal_flame","Fatal Flame","Fatal Flame","","","dawn_dusk","area_damage","fire","{""shape"":""diamond"",""min"":1,""max"":5,""requiresLineOfSight"":false}","{""shape"":""diamond"",""radius"":2}","52","90","30","82","[{""type"":""damage""}]","precise","fire | projectile","true","ready"
"fatal_tornado","Fatal Tornado","Fatal Tornado","","","dawn_dusk","striker","wind","{""shape"":""diamond"",""min"":1,""max"":3,""requiresLineOfSight"":false}","{""shape"":""single"",""radius"":0}","62","95","13","48","[{""type"":""damage""}]","potent","wind | melee","true","ready"
"feather_shoot","Feather Shoot","Feather Shoot","","","dawn_dusk","support","water","{""shape"":""diamond"",""min"":0,""max"":3,""requiresLineOfSight"":false}","{""shape"":""single"",""radius"":0}","0","100","6","28","[{""type"":""status"",""status"":""guard"",""chance"":100,""duration"":3}]","swift","water | melee","true","ready"
"fiery_breath","Fiery Breath","Fiery Breath","","","dawn_dusk","area_damage","fire","{""shape"":""diamond"",""min"":1,""max"":5,""requiresLineOfSight"":false}","{""shape"":""diamond"",""radius"":2}","30","100","16","46","[{""type"":""damage""}]","efficient","fire | breath","true","ready"
"fighting_spirit","Fighting Spirit","Fighting Spirit","","","dawn_dusk","area_damage","fire","{""shape"":""diamond"",""min"":1,""max"":5,""requiresLineOfSight"":false}","{""shape"":""diamond"",""radius"":2}","40","95","21","60","[{""type"":""damage""}]","precise","fire | projectile","true","ready"
"fire_ball","Fire Ball","Fire Ball","","","dawn_dusk","area_damage","fire","{""shape"":""diamond"",""min"":1,""max"":5,""requiresLineOfSight"":false}","{""shape"":""diamond"",""radius"":2}","30","100","16","46","[{""type"":""damage""}]","efficient","fire | projectile","true","ready"
"fire_rocket","Fire Rocket","Fire Rocket","","","dawn_dusk","control","earth","{""shape"":""diamond"",""min"":1,""max"":3,""requiresLineOfSight"":false}","{""shape"":""single"",""radius"":0}","80","100","22","70","[{""type"":""damage""},{""type"":""status"",""status"":""doom"",""chance"":40,""duration"":3}]","efficient","earth | melee","true","ready"
"foxtailinferno","FoxtailInferno","FoxtailInferno","","","dawn_dusk","striker","fire","{""shape"":""diamond"",""min"":1,""max"":3,""requiresLineOfSight"":false}","{""shape"":""single"",""radius"":0}","47","95","17","48","[{""type"":""damage""},{""type"":""status"",""status"":""burn"",""chance"":25,""duration"":3}]","precise","fire | melee","true","ready"
"freezingbreath","FreezingBreath","FreezingBreath","","","dawn_dusk","area_damage","water","{""shape"":""diamond"",""min"":1,""max"":5,""requiresLineOfSight"":false}","{""shape"":""diamond"",""radius"":2}","52","90","30","82","[{""type"":""damage""}]","precise","water | breath","true","ready"
"frothy_spit","Frothy Spit","Frothy Spit","","","dawn_dusk","striker","water","{""shape"":""diamond"",""min"":1,""max"":3,""requiresLineOfSight"":false}","{""shape"":""single"",""radius"":0}","32","100","4","24","[{""type"":""damage""}]","swift","water | melee","true","ready"
"full_bloom","Full Bloom","Full Bloom","","","dawn_dusk","control","light","{""shape"":""diamond"",""min"":1,""max"":3,""requiresLineOfSight"":false}","{""shape"":""single"",""radius"":0}","80","100","22","70","[{""type"":""damage""},{""type"":""status"",""status"":""sleep"",""chance"":40,""duration"":3}]","efficient","light | melee","true","ready"
"fullmoonmeteoi","FullmoonMeteoI","FullmoonMeteoI","","","dawn_dusk","striker","earth","{""shape"":""diamond"",""min"":1,""max"":3,""requiresLineOfSight"":false}","{""shape"":""single"",""radius"":0}","80","90","22","70","[{""type"":""damage""}]","potent","earth | melee","true","ready"
"g_seadestroy","G SeaDestroy","G SeaDestroy","","","dawn_dusk","support","neutral","{""shape"":""diamond"",""min"":0,""max"":5,""requiresLineOfSight"":false}","{""shape"":""diamond"",""radius"":2}","0","100","10","40","[{""type"":""status"",""status"":""guard"",""chance"":100,""duration"":3}]","swift","neutral | projectile","true","ready"
"ga_missile_dark","GA Missile (Dark)","GA Missile (Dark)","","","dawn_dusk","area_damage","dark","{""shape"":""diamond"",""min"":1,""max"":5,""requiresLineOfSight"":false}","{""shape"":""diamond"",""radius"":2}","37","90","34","82","[{""type"":""damage""},{""type"":""status"",""status"":""blind"",""chance"":25,""duration"":3}]","precise","dark | projectile","true","ready"
"gblaster_2","GBlaster 2","GBlaster 2","","","dawn_dusk","striker","fire","{""shape"":""diamond"",""min"":1,""max"":3,""requiresLineOfSight"":false}","{""shape"":""single"",""radius"":0}","47","95","17","48","[{""type"":""damage"",""hits"":3},{""type"":""status"",""status"":""blind"",""chance"":25,""duration"":3}]","precise","fire | melee","true","ready"
"gaogatornado","GaogaTornado","GaogaTornado","","","dawn_dusk","area_damage","earth","{""shape"":""diamond"",""min"":1,""max"":5,""requiresLineOfSight"":false}","{""shape"":""diamond"",""radius"":2}","52","90","30","82","[{""type"":""damage""}]","precise","earth | projectile","true","ready"
"genocide_a","Genocide A","Genocide A","","","dawn_dusk","striker","fire","{""shape"":""diamond"",""min"":1,""max"":3,""requiresLineOfSight"":false}","{""shape"":""single"",""radius"":0}","47","95","17","48","[{""type"":""damage"",""hits"":2},{""type"":""status"",""status"":""blind"",""chance"":25,""duration"":3}]","precise","fire | melee","true","ready"
"giga_cannon","Giga Cannon","Giga Cannon","","","dawn_dusk","support","neutral","{""shape"":""diamond"",""min"":0,""max"":3,""requiresLineOfSight"":false}","{""shape"":""single"",""radius"":0}","0","100","6","28","[{""type"":""status"",""status"":""guard"",""chance"":100,""duration"":3}]","swift","neutral | melee","true","ready"
"giga_fire","Giga Fire","Giga Fire","","","dawn_dusk","area_damage","fire","{""shape"":""diamond"",""min"":1,""max"":5,""requiresLineOfSight"":false}","{""shape"":""diamond"",""radius"":2}","52","90","30","82","[{""type"":""damage""}]","precise","fire | projectile","true","ready"
"gigascssrclaw","GigaScssrClaw","GigaScssrClaw","","","dawn_dusk","control","electric","{""shape"":""diamond"",""min"":1,""max"":3,""requiresLineOfSight"":false}","{""shape"":""single"",""radius"":0}","80","100","22","70","[{""type"":""damage""},{""type"":""status"",""status"":""paralysis"",""chance"":40,""duration"":3}]","efficient","electric | melee","true","ready"
"gigastick_l","Gigastick L","Gigastick L","","","dawn_dusk","striker","dark","{""shape"":""diamond"",""min"":1,""max"":3,""requiresLineOfSight"":false}","{""shape"":""single"",""radius"":0}","80","90","22","70","[{""type"":""damage""}]","potent","dark | melee","true","ready"
"gorgon_eye","Gorgon Eye","Gorgon Eye","","","dawn_dusk","striker","dark","{""shape"":""diamond"",""min"":1,""max"":3,""requiresLineOfSight"":false}","{""shape"":""single"",""radius"":0}","80","90","22","70","[{""type"":""damage""}]","potent","dark | melee","true","ready"
"grand_arrow","Grand Arrow","Grand Arrow","","","dawn_dusk","striker","dark","{""shape"":""diamond"",""min"":1,""max"":3,""requiresLineOfSight"":false}","{""shape"":""single"",""radius"":0}","62","95","13","48","[{""type"":""damage"",""hits"":3}]","potent","dark | melee","true","ready"
"guilty_black","Guilty Black","Guilty Black","","","dawn_dusk","control","water","{""shape"":""diamond"",""min"":1,""max"":3,""requiresLineOfSight"":false}","{""shape"":""single"",""radius"":0}","80","100","22","70","[{""type"":""damage""},{""type"":""status"",""status"":""poison"",""chance"":40,""duration"":3}]","efficient","water | melee","true","ready"
"guren_juuouha","Guren Juuouha","Guren Juuouha","","","dawn_dusk","striker","fire","{""shape"":""diamond"",""min"":1,""max"":3,""requiresLineOfSight"":false}","{""shape"":""single"",""radius"":0}","80","90","22","70","[{""type"":""damage""}]","potent","fire | melee","true","ready"
"hail_strike","Hail Strike","Hail Strike","","","dawn_dusk","support","fire","{""shape"":""diamond"",""min"":0,""max"":5,""requiresLineOfSight"":false}","{""shape"":""diamond"",""radius"":2}","0","100","10","40","[{""type"":""status"",""status"":""guard"",""chance"":100,""duration"":3}]","swift","fire | projectile","true","ready"
"harpoon_jab","Harpoon Jab","Harpoon Jab","","","dawn_dusk","area_damage","water","{""shape"":""diamond"",""min"":1,""max"":5,""requiresLineOfSight"":false}","{""shape"":""diamond"",""radius"":2}","40","95","21","60","[{""type"":""damage"",""hits"":2}]","precise","water | projectile","true","ready"
"harpoontrpedo","HarpoonTrpedo","HarpoonTrpedo","","","dawn_dusk","striker","neutral","{""shape"":""diamond"",""min"":1,""max"":3,""requiresLineOfSight"":false}","{""shape"":""single"",""radius"":0}","31","100","12","34","[{""type"":""damage"",""hits"":2},{""type"":""status"",""status"":""blind"",""chance"":25,""duration"":3}]","reliable_effect","neutral | melee","true","ready"
"headbutt","Headbutt","Headbutt","","","dawn_dusk","striker","earth","{""shape"":""diamond"",""min"":1,""max"":3,""requiresLineOfSight"":false}","{""shape"":""single"",""radius"":0}","46","100","8","34","[{""type"":""damage""}]","swift","earth | melee","true","ready"
"heart_breaker","Heart Breaker","Heart Breaker","","","dawn_dusk","striker","neutral","{""shape"":""diamond"",""min"":1,""max"":3,""requiresLineOfSight"":false}","{""shape"":""single"",""radius"":0}","80","90","22","70","[{""type"":""damage""}]","potent","neutral | melee","true","ready"
"heat_viper_d3a70f54","Heat Viper","Heat Viper","","","dawn_dusk","control","dark","{""shape"":""diamond"",""min"":1,""max"":3,""requiresLineOfSight"":false}","{""shape"":""single"",""radius"":0}","62","100","13","48","[{""type"":""damage"",""hits"":3},{""type"":""status"",""status"":""doom"",""chance"":40,""duration"":3}]","efficient","dark | melee","true","ready"
"heaven_sripper","Heaven'sRipper","Heaven'sRipper","","","dawn_dusk","striker","light","{""shape"":""diamond"",""min"":1,""max"":3,""requiresLineOfSight"":false}","{""shape"":""single"",""radius"":0}","80","90","22","70","[{""type"":""damage""}]","potent","light | melee","true","ready"
"heavenknuckle","HeavenKnuckle","HeavenKnuckle","","","dawn_dusk","striker","light","{""shape"":""diamond"",""min"":1,""max"":3,""requiresLineOfSight"":false}","{""shape"":""single"",""radius"":0}","62","95","13","48","[{""type"":""damage""}]","potent","light | melee","true","ready"
"heavy_attack","Heavy Attack","Heavy Attack","","","dawn_dusk","striker","earth","{""shape"":""diamond"",""min"":1,""max"":3,""requiresLineOfSight"":false}","{""shape"":""single"",""radius"":0}","62","95","13","48","[{""type"":""damage""}]","potent","earth | melee","true","ready"
"holy_destroy","Holy Destroy","Holy Destroy","","","dawn_dusk","striker","light","{""shape"":""diamond"",""min"":1,""max"":3,""requiresLineOfSight"":false}","{""shape"":""single"",""radius"":0}","80","90","22","70","[{""type"":""damage""}]","potent","light | melee","true","ready"
"holy_shoot","Holy Shoot","Holy Shoot","","","dawn_dusk","area_damage","light","{""shape"":""diamond"",""min"":1,""max"":5,""requiresLineOfSight"":false}","{""shape"":""diamond"",""radius"":2}","30","100","16","46","[{""type"":""damage""}]","efficient","light | projectile","true","ready"
"horn_buster_def","Horn Buster (Def)","Horn Buster (Def)","","","dawn_dusk","striker","electric","{""shape"":""diamond"",""min"":1,""max"":3,""requiresLineOfSight"":false}","{""shape"":""single"",""radius"":0}","80","90","22","70","[{""type"":""damage""}]","potent","electric | melee","true","ready"
"howlingcrusher","HowlingCrusher","HowlingCrusher","","","dawn_dusk","striker","earth","{""shape"":""diamond"",""min"":1,""max"":3,""requiresLineOfSight"":false}","{""shape"":""single"",""radius"":0}","80","90","22","70","[{""type"":""damage"",""hits"":2}]","potent","earth | melee","true","ready"
"hungondeath","HungonDeath","HungonDeath","","","dawn_dusk","control","light","{""shape"":""diamond"",""min"":1,""max"":3,""requiresLineOfSight"":false}","{""shape"":""single"",""radius"":0}","80","100","22","70","[{""type"":""damage"",""hits"":3},{""type"":""status"",""status"":""confusion"",""chance"":40,""duration"":3}]","efficient","light | melee","true","ready"
"hupunos_claw","Hupunos Claw","Hupunos Claw","","","dawn_dusk","support","dark","{""shape"":""diamond"",""min"":0,""max"":3,""requiresLineOfSight"":false}","{""shape"":""single"",""radius"":0}","0","100","6","28","[{""type"":""status"",""status"":""confusion"",""chance"":40,""duration"":3}]","reliable_effect","dark | melee","true","ready"
"hurricaneblade","HurricaneBlade","HurricaneBlade","","","dawn_dusk","striker","light","{""shape"":""diamond"",""min"":1,""max"":3,""requiresLineOfSight"":false}","{""shape"":""single"",""radius"":0}","80","90","22","70","[{""type"":""damage""}]","potent","light | melee","true","ready"
"ice_punch","Ice Punch","Ice Punch","","","dawn_dusk","striker","water","{""shape"":""diamond"",""min"":1,""max"":3,""requiresLineOfSight"":false}","{""shape"":""single"",""radius"":0}","46","100","8","34","[{""type"":""damage""}]","swift","water | melee","true","ready"
"illuminator","Illuminator","Illuminator","","","dawn_dusk","striker","light","{""shape"":""diamond"",""min"":1,""max"":3,""requiresLineOfSight"":false}","{""shape"":""single"",""radius"":0}","80","90","22","70","[{""type"":""damage""}]","potent","light | melee","true","ready"
"invincible_swd","Invincible Swd","Invincible Swd","","","dawn_dusk","striker","light","{""shape"":""diamond"",""min"":1,""max"":3,""requiresLineOfSight"":false}","{""shape"":""single"",""radius"":0}","80","90","22","70","[{""type"":""damage"",""hits"":2}]","potent","light | melee","true","ready"
"justice_beam","Justice Beam","Justice Beam","","","dawn_dusk","striker","fire","{""shape"":""diamond"",""min"":1,""max"":3,""requiresLineOfSight"":false}","{""shape"":""single"",""radius"":0}","65","90","26","70","[{""type"":""damage""},{""type"":""status"",""status"":""burn"",""chance"":25,""duration"":3}]","precise","fire | melee","true","ready"
"king_lion","King Lion","King Lion","","","dawn_dusk","striker","earth","{""shape"":""diamond"",""min"":1,""max"":3,""requiresLineOfSight"":false}","{""shape"":""single"",""radius"":0}","80","90","22","70","[{""type"":""damage""}]","potent","earth | melee","true","ready"
"kurumonprayer","KurumonPrayer","KurumonPrayer","","","dawn_dusk","support","light","{""shape"":""diamond"",""min"":0,""max"":5,""requiresLineOfSight"":false}","{""shape"":""diamond"",""radius"":2}","0","100","10","40","[{""type"":""status"",""status"":""guard"",""chance"":100,""duration"":3}]","swift","light | projectile","true","ready"
"leaf_blade","Leaf Blade","Leaf Blade","","","dawn_dusk","striker","wind","{""shape"":""diamond"",""min"":1,""max"":3,""requiresLineOfSight"":false}","{""shape"":""single"",""radius"":0}","46","100","8","34","[{""type"":""damage"",""hits"":2}]","swift","wind | melee","true","ready"
"leopard_mode","Leopard Mode","Leopard Mode","","","dawn_dusk","striker","light","{""shape"":""diamond"",""min"":1,""max"":3,""requiresLineOfSight"":false}","{""shape"":""single"",""radius"":0}","80","90","22","70","[{""type"":""damage"",""hits"":2}]","potent","light | melee","true","ready"
"lethal_cards","Lethal Cards","Lethal Cards","","","dawn_dusk","striker","light","{""shape"":""diamond"",""min"":1,""max"":3,""requiresLineOfSight"":false}","{""shape"":""single"",""radius"":0}","62","95","13","48","[{""type"":""damage"",""hits"":2}]","potent","light | melee","true","ready"
"light_barrage","Light Barrage","Light Barrage","","","dawn_dusk","striker","light","{""shape"":""diamond"",""min"":1,""max"":3,""requiresLineOfSight"":false}","{""shape"":""single"",""radius"":0}","80","90","22","70","[{""type"":""damage""}]","potent","light | melee","true","ready"
"light_protect","Light Protect","Light Protect","","","dawn_dusk","striker","light","{""shape"":""diamond"",""min"":1,""max"":3,""requiresLineOfSight"":false}","{""shape"":""single"",""radius"":0}","46","100","8","34","[{""type"":""damage""}]","swift","light | melee","true","ready"
"lightning_blade","Lightning Blade","Lightning Blade","","","dawn_dusk","striker","light","{""shape"":""diamond"",""min"":1,""max"":3,""requiresLineOfSight"":false}","{""shape"":""single"",""radius"":0}","80","90","22","70","[{""type"":""damage""}]","potent","light | melee","true","ready"
"lightningarrow","LightningArrow","LightningArrow","","","dawn_dusk","control","light","{""shape"":""diamond"",""min"":1,""max"":4,""requiresLineOfSight"":false}","{""shape"":""line"",""radius"":0,""length"":4}","39","100","11","34","[{""type"":""damage""},{""type"":""status"",""status"":""paralysis"",""chance"":40,""duration"":3}]","reliable_effect","light | projectile","true","ready"
"lightningjavelin","LightningJavelin","LightningJavelin","","","dawn_dusk","control","light","{""shape"":""diamond"",""min"":1,""max"":3,""requiresLineOfSight"":false}","{""shape"":""single"",""radius"":0}","80","100","22","70","[{""type"":""damage""},{""type"":""status"",""status"":""paralysis"",""chance"":40,""duration"":3}]","efficient","light | melee","true","ready"
"lightningspear","LightningSpear","LightningSpear","","","dawn_dusk","striker","light","{""shape"":""diamond"",""min"":1,""max"":3,""requiresLineOfSight"":false}","{""shape"":""single"",""radius"":0}","80","90","22","70","[{""type"":""damage"",""hits"":2}]","potent","light | melee","true","ready"
"love_serenade","Love Serenade","Love Serenade","","","dawn_dusk","control","earth","{""shape"":""diamond"",""min"":1,""max"":3,""requiresLineOfSight"":false}","{""shape"":""single"",""radius"":0}","80","100","22","70","[{""type"":""damage""},{""type"":""status"",""status"":""confusion"",""chance"":40,""duration"":3}]","efficient","earth | melee","true","ready"
"mn_clutch","MN Clutch","MN Clutch","","","dawn_dusk","control","wind","{""shape"":""diamond"",""min"":1,""max"":3,""requiresLineOfSight"":false}","{""shape"":""single"",""radius"":0}","62","100","13","48","[{""type"":""damage"",""hits"":2},{""type"":""status"",""status"":""doom"",""chance"":40,""duration"":3}]","efficient","wind | melee","true","ready"
"machineattack","MachineAttack","MachineAttack","","","dawn_dusk","striker","neutral","{""shape"":""diamond"",""min"":1,""max"":3,""requiresLineOfSight"":false}","{""shape"":""single"",""radius"":0}","46","100","8","34","[{""type"":""damage""}]","swift","neutral | melee","true","ready"
"mega_crusher","Mega Crusher","Mega Crusher","","","dawn_dusk","area_damage","fire","{""shape"":""diamond"",""min"":1,""max"":5,""requiresLineOfSight"":false}","{""shape"":""diamond"",""radius"":2}","52","90","30","82","[{""type"":""damage""}]","precise","fire | projectile","true","ready"
"mega_crusher_dark","Mega Crusher (Dark)","Mega Crusher (Dark)","","","dawn_dusk","area_damage","dark","{""shape"":""diamond"",""min"":1,""max"":5,""requiresLineOfSight"":false}","{""shape"":""diamond"",""radius"":2}","52","90","30","82","[{""type"":""damage""}]","precise","dark | projectile","true","ready"
"mega_twister","Mega Twister","Mega Twister","","","dawn_dusk","striker","wind","{""shape"":""diamond"",""min"":1,""max"":3,""requiresLineOfSight"":false}","{""shape"":""single"",""radius"":0}","62","95","13","48","[{""type"":""damage"",""hits"":3}]","potent","wind | melee","true","ready"
"metal_shot","Metal Shot","Metal Shot","","","dawn_dusk","area_damage","fire","{""shape"":""diamond"",""min"":1,""max"":5,""requiresLineOfSight"":false}","{""shape"":""diamond"",""radius"":2}","30","100","16","46","[{""type"":""damage"",""hits"":2}]","efficient","fire | projectile","true","ready"
"midnight_raid","Midnight Raid","Midnight Raid","","","dawn_dusk","striker","dark","{""shape"":""diamond"",""min"":1,""max"":3,""requiresLineOfSight"":false}","{""shape"":""single"",""radius"":0}","80","90","22","70","[{""type"":""damage""}]","potent","dark | melee","true","ready"
"mjollnir_ltning","Mjollnir Ltning","Mjollnir Ltning","","","dawn_dusk","control","light","{""shape"":""diamond"",""min"":1,""max"":3,""requiresLineOfSight"":false}","{""shape"":""single"",""radius"":0}","80","100","22","70","[{""type"":""damage""},{""type"":""status"",""status"":""paralysis"",""chance"":40,""duration"":3}]","efficient","light | melee","true","ready"
"mjollnirhammer","MjollnirHammer","MjollnirHammer","","","dawn_dusk","striker","water","{""shape"":""diamond"",""min"":1,""max"":3,""requiresLineOfSight"":false}","{""shape"":""single"",""radius"":0}","80","90","22","70","[{""type"":""damage"",""hits"":2}]","potent","water | melee","true","ready"
"moon_tears","Moon Tears","Moon Tears","","","dawn_dusk","striker","dark","{""shape"":""diamond"",""min"":1,""max"":3,""requiresLineOfSight"":false}","{""shape"":""single"",""radius"":0}","46","100","8","34","[{""type"":""damage""}]","swift","dark | melee","true","ready"
"moonnightbomb","MoonNightBomb","MoonNightBomb","","","dawn_dusk","control","dark","{""shape"":""diamond"",""min"":1,""max"":3,""requiresLineOfSight"":false}","{""shape"":""single"",""radius"":0}","46","100","8","34","[{""type"":""damage"",""hits"":2},{""type"":""status"",""status"":""sleep"",""chance"":40,""duration"":3}]","reliable_effect","dark | melee","true","ready"
"multi_gatling","Multi Gatling","Multi Gatling","","","dawn_dusk","striker","fire","{""shape"":""diamond"",""min"":1,""max"":3,""requiresLineOfSight"":false}","{""shape"":""single"",""radius"":0}","80","90","22","70","[{""type"":""damage"",""hits"":4}]","potent","fire | melee","true","ready"
"musical_fist","Musical Fist","Musical Fist","","","dawn_dusk","control","wind","{""shape"":""diamond"",""min"":1,""max"":3,""requiresLineOfSight"":false}","{""shape"":""single"",""radius"":0}","62","100","13","48","[{""type"":""damage""},{""type"":""status"",""status"":""confusion"",""chance"":40,""duration"":3}]","efficient","wind | melee","true","ready"
"musoutenshou","MusouTenshou","MusouTenshou","","","dawn_dusk","striker","dark","{""shape"":""diamond"",""min"":1,""max"":3,""requiresLineOfSight"":false}","{""shape"":""single"",""radius"":0}","80","90","22","70","[{""type"":""damage"",""hits"":2}]","potent","dark | melee","true","ready"
"mystic_cannon","Mystic Cannon","Mystic Cannon","","","dawn_dusk","support","dark","{""shape"":""diamond"",""min"":0,""max"":3,""requiresLineOfSight"":false}","{""shape"":""single"",""radius"":0}","0","100","6","28","[{""type"":""status"",""status"":""guard"",""chance"":100,""duration"":3}]","swift","dark | melee","true","ready"
"mystic_pulse","Mystic Pulse","Mystic Pulse","","","dawn_dusk","control","dark","{""shape"":""diamond"",""min"":1,""max"":3,""requiresLineOfSight"":false}","{""shape"":""single"",""radius"":0}","80","100","22","70","[{""type"":""damage"",""hits"":2},{""type"":""status"",""status"":""poison"",""chance"":40,""duration"":3}]","efficient","dark | melee","true","ready"
"needle_spray","Needle Spray","Needle Spray","","","dawn_dusk","striker","electric","{""shape"":""diamond"",""min"":1,""max"":3,""requiresLineOfSight"":false}","{""shape"":""single"",""radius"":0}","46","100","8","34","[{""type"":""damage"",""hits"":3}]","swift","electric | melee","true","ready"
"night_lancer","Night Lancer","Night Lancer","","","dawn_dusk","striker","dark","{""shape"":""diamond"",""min"":1,""max"":3,""requiresLineOfSight"":false}","{""shape"":""single"",""radius"":0}","62","95","13","48","[{""type"":""damage""}]","potent","dark | melee","true","ready"
"nuclear_punch","Nuclear Punch","Nuclear Punch","","","dawn_dusk","striker","neutral","{""shape"":""diamond"",""min"":1,""max"":3,""requiresLineOfSight"":false}","{""shape"":""single"",""radius"":0}","80","90","22","70","[{""type"":""damage""}]","potent","neutral | melee","true","ready"
"nume_charge","Nume Charge","Nume Charge","","","dawn_dusk","control","water","{""shape"":""diamond"",""min"":1,""max"":3,""requiresLineOfSight"":false}","{""shape"":""single"",""radius"":0}","46","100","8","34","[{""type"":""damage""},{""type"":""status"",""status"":""paralysis"",""chance"":40,""duration"":3}]","reliable_effect","water | melee","true","ready"
"paint_rocket","Paint Rocket","Paint Rocket","","","dawn_dusk","striker","earth","{""shape"":""diamond"",""min"":1,""max"":3,""requiresLineOfSight"":false}","{""shape"":""single"",""radius"":0}","46","100","8","34","[{""type"":""damage""}]","swift","earth | melee","true","ready"
"pandemonium_f","Pandemonium F","Pandemonium F","","","dawn_dusk","control","fire","{""shape"":""diamond"",""min"":1,""max"":3,""requiresLineOfSight"":false}","{""shape"":""single"",""radius"":0}","80","100","22","70","[{""type"":""damage""},{""type"":""status"",""status"":""burn"",""chance"":40,""duration"":3}]","efficient","fire | melee","true","ready"
"pepper_breath","Pepper Breath","Pepper Breath","","","dawn_dusk","area_damage","fire","{""shape"":""diamond"",""min"":1,""max"":4,""requiresLineOfSight"":false}","{""shape"":""cone"",""radius"":0,""length"":4}","39","100","11","34","[{""type"":""damage""}]","efficient","fire | breath","false","ready"
"petite_tackle","Petite Tackle","Petite Tackle","","","dawn_dusk","control","electric","{""shape"":""diamond"",""min"":1,""max"":5,""requiresLineOfSight"":false}","{""shape"":""diamond"",""radius"":2}","30","100","16","46","[{""type"":""damage""},{""type"":""status"",""status"":""confusion"",""chance"":40,""duration"":3}]","efficient","electric | projectile","true","ready"
"phantomturban","PhantomTurban","PhantomTurban","","","dawn_dusk","control","light","{""shape"":""diamond"",""min"":1,""max"":3,""requiresLineOfSight"":false}","{""shape"":""single"",""radius"":0}","80","100","22","70","[{""type"":""damage"",""hits"":3},{""type"":""status"",""status"":""sleep"",""chance"":40,""duration"":3}]","efficient","light | melee","true","ready"
"poop_bazooka","Poop Bazooka","Poop Bazooka","","","dawn_dusk","striker","earth","{""shape"":""diamond"",""min"":1,""max"":3,""requiresLineOfSight"":false}","{""shape"":""single"",""radius"":0}","62","95","13","48","[{""type"":""damage""}]","potent","earth | melee","true","ready"
"popper","Popper","Popper","","","dawn_dusk","striker","light","{""shape"":""diamond"",""min"":1,""max"":3,""requiresLineOfSight"":false}","{""shape"":""single"",""radius"":0}","80","90","22","70","[{""type"":""damage"",""hits"":2}]","potent","light | melee","true","ready"
"power_laser","Power Laser","Power Laser","","","dawn_dusk","striker","neutral","{""shape"":""diamond"",""min"":1,""max"":3,""requiresLineOfSight"":false}","{""shape"":""single"",""radius"":0}","62","95","13","48","[{""type"":""damage""}]","potent","neutral | melee","true","ready"
"powerfulpunch","PowerfulPunch","PowerfulPunch","","","dawn_dusk","striker","neutral","{""shape"":""diamond"",""min"":1,""max"":3,""requiresLineOfSight"":false}","{""shape"":""single"",""radius"":0}","62","95","13","48","[{""type"":""damage""}]","potent","neutral | melee","true","ready"
"prizm_rainbow","Prizm Rainbow","Prizm Rainbow","","","dawn_dusk","striker","water","{""shape"":""diamond"",""min"":1,""max"":3,""requiresLineOfSight"":false}","{""shape"":""single"",""radius"":0}","62","95","13","48","[{""type"":""damage"",""hits"":2}]","potent","water | melee","true","ready"
"prominence","Prominence","Prominence","","","dawn_dusk","striker","fire","{""shape"":""diamond"",""min"":1,""max"":3,""requiresLineOfSight"":false}","{""shape"":""single"",""radius"":0}","80","90","22","70","[{""type"":""damage"",""hits"":2}]","potent","fire | melee","true","ready"
"puppet_pummel","Puppet Pummel","Puppet Pummel","","","dawn_dusk","support","neutral","{""shape"":""diamond"",""min"":0,""max"":3,""requiresLineOfSight"":false}","{""shape"":""single"",""radius"":0}","0","100","6","28","[{""type"":""status"",""status"":""confusion"",""chance"":40,""duration"":3}]","reliable_effect","neutral | melee","true","ready"
"puyavaha","Puyavaha","Puyavaha","","","dawn_dusk","striker","light","{""shape"":""diamond"",""min"":1,""max"":3,""requiresLineOfSight"":false}","{""shape"":""single"",""radius"":0}","80","90","22","70","[{""type"":""damage""}]","potent","light | melee","true","ready"
"quick_shot","Quick Shot","Quick Shot","","","dawn_dusk","striker","neutral","{""shape"":""diamond"",""min"":1,""max"":3,""requiresLineOfSight"":false}","{""shape"":""single"",""radius"":0}","46","100","8","34","[{""type"":""damage""}]","swift","neutral | melee","true","ready"
"rapid_fire_dark","Rapid Fire (Dark)","Rapid Fire (Dark)","","","dawn_dusk","support","dark","{""shape"":""diamond"",""min"":0,""max"":3,""requiresLineOfSight"":false}","{""shape"":""single"",""radius"":0}","0","100","6","28","[{""type"":""status"",""status"":""blind"",""chance"":40,""duration"":3}]","reliable_effect","dark | melee","true","ready"
"rook_gatling","Rook Gatling","Rook Gatling","","","dawn_dusk","striker","neutral","{""shape"":""diamond"",""min"":1,""max"":3,""requiresLineOfSight"":false}","{""shape"":""single"",""radius"":0}","62","95","13","48","[{""type"":""damage"",""hits"":3}]","potent","neutral | melee","true","ready"
"rose_rapier","Rose Rapier","Rose Rapier","","","dawn_dusk","control","electric","{""shape"":""diamond"",""min"":1,""max"":3,""requiresLineOfSight"":false}","{""shape"":""single"",""radius"":0}","80","100","22","70","[{""type"":""damage"",""hits"":2},{""type"":""status"",""status"":""confusion"",""chance"":40,""duration"":3}]","efficient","electric | melee","true","ready"
"royal_nuts","Royal Nuts","Royal Nuts","","","dawn_dusk","striker","wind","{""shape"":""diamond"",""min"":1,""max"":3,""requiresLineOfSight"":false}","{""shape"":""single"",""radius"":0}","80","90","22","70","[{""type"":""damage""}]","potent","wind | melee","true","ready"
"s_arm_somega","S Arm'sOmega","S Arm'sOmega","","","dawn_dusk","control","electric","{""shape"":""diamond"",""min"":1,""max"":3,""requiresLineOfSight"":false}","{""shape"":""single"",""radius"":0}","80","100","22","70","[{""type"":""damage""},{""type"":""status"",""status"":""paralysis"",""chance"":40,""duration"":3}]","efficient","electric | melee","true","ready"
"spsonic_voice","SPSonic Voice","SPSonic Voice","","","dawn_dusk","control","water","{""shape"":""diamond"",""min"":1,""max"":3,""requiresLineOfSight"":false}","{""shape"":""single"",""radius"":0}","80","100","22","70","[{""type"":""damage""},{""type"":""status"",""status"":""paralysis"",""chance"":40,""duration"":3}]","efficient","water | melee","true","ready"
"scar_nail","Scar Nail","Scar Nail","","","dawn_dusk","control","neutral","{""shape"":""diamond"",""min"":1,""max"":3,""requiresLineOfSight"":false}","{""shape"":""single"",""radius"":0}","46","100","8","34","[{""type"":""damage""},{""type"":""status"",""status"":""confusion"",""chance"":40,""duration"":3}]","reliable_effect","neutral | melee","true","ready"
"sephirothic_c","Sephirothic C","Sephirothic C","","","dawn_dusk","area_damage","light","{""shape"":""diamond"",""min"":1,""max"":5,""requiresLineOfSight"":false}","{""shape"":""diamond"",""radius"":2}","52","90","30","82","[{""type"":""damage""}]","precise","light | projectile","true","ready"
"sevenheavens","SevenHeavens","SevenHeavens","","","dawn_dusk","area_damage","light","{""shape"":""diamond"",""min"":1,""max"":5,""requiresLineOfSight"":false}","{""shape"":""diamond"",""radius"":2}","52","90","30","82","[{""type"":""damage""}]","precise","light | projectile","true","ready"
"shadow_slash","Shadow Slash","Shadow Slash","","","dawn_dusk","striker","dark","{""shape"":""diamond"",""min"":1,""max"":3,""requiresLineOfSight"":false}","{""shape"":""single"",""radius"":0}","46","100","8","34","[{""type"":""damage""}]","swift","dark | melee","true","ready"
"shishiomaru","Shishiomaru","Shishiomaru","","","dawn_dusk","striker","earth","{""shape"":""diamond"",""min"":1,""max"":3,""requiresLineOfSight"":false}","{""shape"":""single"",""radius"":0}","62","95","13","48","[{""type"":""damage""}]","potent","earth | melee","true","ready"
"slicing_slash","Slicing Slash","Slicing Slash","","","dawn_dusk","control","dark","{""shape"":""diamond"",""min"":1,""max"":3,""requiresLineOfSight"":false}","{""shape"":""single"",""radius"":0}","80","100","22","70","[{""type"":""damage""},{""type"":""status"",""status"":""doom"",""chance"":40,""duration"":3}]","efficient","dark | melee","true","ready"
"snow_claw","Snow Claw","Snow Claw","","","dawn_dusk","striker","water","{""shape"":""diamond"",""min"":1,""max"":3,""requiresLineOfSight"":false}","{""shape"":""single"",""radius"":0}","46","100","8","34","[{""type"":""damage""}]","swift","water | melee","true","ready"
"solblaster","Solblaster","Solblaster","","","dawn_dusk","area_damage","fire","{""shape"":""diamond"",""min"":1,""max"":5,""requiresLineOfSight"":false}","{""shape"":""diamond"",""radius"":2}","37","90","34","82","[{""type"":""damage""},{""type"":""status"",""status"":""burn"",""chance"":25,""duration"":3}]","precise","fire | projectile","true","ready"
"sonic_blades","Sonic Blades","Sonic Blades","","","dawn_dusk","striker","wind","{""shape"":""diamond"",""min"":1,""max"":3,""requiresLineOfSight"":false}","{""shape"":""single"",""radius"":0}","62","95","13","48","[{""type"":""damage""}]","potent","wind | melee","true","ready"
"sonic_ears","Sonic Ears","Sonic Ears","","","dawn_dusk","striker","earth","{""shape"":""diamond"",""min"":1,""max"":3,""requiresLineOfSight"":false}","{""shape"":""single"",""radius"":0}","80","90","22","70","[{""type"":""damage""}]","potent","earth | melee","true","ready"
"spiral_bone","Spiral Bone","Spiral Bone","","","dawn_dusk","control","earth","{""shape"":""diamond"",""min"":1,""max"":3,""requiresLineOfSight"":false}","{""shape"":""single"",""radius"":0}","80","100","22","70","[{""type"":""damage""},{""type"":""status"",""status"":""poison"",""chance"":40,""duration"":3}]","efficient","earth | melee","true","ready"
"spiritual_kick","Spiritual Kick","Spiritual Kick","","","dawn_dusk","striker","light","{""shape"":""diamond"",""min"":1,""max"":3,""requiresLineOfSight"":false}","{""shape"":""single"",""radius"":0}","80","90","22","70","[{""type"":""damage""}]","potent","light | melee","true","ready"
"stinger_s","Stinger S","Stinger S","","","dawn_dusk","striker","water","{""shape"":""diamond"",""min"":1,""max"":3,""requiresLineOfSight"":false}","{""shape"":""single"",""radius"":0}","62","95","13","48","[{""type"":""damage"",""hits"":2}]","potent","water | melee","true","ready"
"strngcarapace","StrngCarapace","StrngCarapace","","","dawn_dusk","striker","earth","{""shape"":""diamond"",""min"":1,""max"":3,""requiresLineOfSight"":false}","{""shape"":""single"",""radius"":0}","47","95","17","48","[{""type"":""damage""},{""type"":""status"",""status"":""blind"",""chance"":25,""duration"":3}]","precise","earth | melee","true","ready"
"super_shocker","Super Shocker","Super Shocker","","","dawn_dusk","support","electric","{""shape"":""diamond"",""min"":0,""max"":5,""requiresLineOfSight"":false}","{""shape"":""diamond"",""radius"":2}","0","100","10","40","[{""type"":""status"",""status"":""guard"",""chance"":100,""duration"":3}]","swift","electric | projectile","true","ready"
"suprmecourage","SuprmeCourage","SuprmeCourage","","","dawn_dusk","support","fire","{""shape"":""diamond"",""min"":0,""max"":3,""requiresLineOfSight"":false}","{""shape"":""single"",""radius"":0}","0","100","6","28","[{""type"":""status"",""status"":""guard"",""chance"":100,""duration"":3}]","swift","fire | melee","true","ready"
"tequilaknuckle","TequilaKnuckle","TequilaKnuckle","","","dawn_dusk","control","dark","{""shape"":""diamond"",""min"":1,""max"":3,""requiresLineOfSight"":false}","{""shape"":""single"",""radius"":0}","80","100","22","70","[{""type"":""damage""},{""type"":""status"",""status"":""confusion"",""chance"":40,""duration"":3}]","efficient","dark | melee","true","ready"
"terra_blade","Terra Blade","Terra Blade","","","dawn_dusk","striker","electric","{""shape"":""diamond"",""min"":1,""max"":3,""requiresLineOfSight"":false}","{""shape"":""single"",""radius"":0}","62","95","13","48","[{""type"":""damage"",""hits"":2}]","potent","electric | melee","true","ready"
"terra_force","Terra Force","Terra Force","","","dawn_dusk","area_damage","fire","{""shape"":""diamond"",""min"":1,""max"":5,""requiresLineOfSight"":false}","{""shape"":""diamond"",""radius"":2}","37","90","34","82","[{""type"":""damage""},{""type"":""status"",""status"":""burn"",""chance"":25,""duration"":3}]","precise","fire | projectile","true","ready"
"terra_force_dark","Terra Force (Dark)","Terra Force (Dark)","","","dawn_dusk","area_damage","dark","{""shape"":""diamond"",""min"":1,""max"":5,""requiresLineOfSight"":false}","{""shape"":""diamond"",""radius"":2}","52","90","30","82","[{""type"":""damage""}]","precise","dark | projectile","true","ready"
"thunder_ball","Thunder Ball","Thunder Ball","","","dawn_dusk","striker","light","{""shape"":""diamond"",""min"":1,""max"":3,""requiresLineOfSight"":false}","{""shape"":""single"",""radius"":0}","62","95","13","48","[{""type"":""damage""}]","potent","light | melee","true","ready"
"tidal_wave","Tidal Wave","Tidal Wave","","","dawn_dusk","striker","water","{""shape"":""diamond"",""min"":1,""max"":3,""requiresLineOfSight"":false}","{""shape"":""single"",""radius"":0}","80","90","22","70","[{""type"":""damage""}]","potent","water | melee","true","ready"
"tiny_twister","Tiny Twister","Tiny Twister","","","dawn_dusk","area_damage","wind","{""shape"":""diamond"",""min"":1,""max"":5,""requiresLineOfSight"":false}","{""shape"":""diamond"",""radius"":2}","30","100","16","46","[{""type"":""damage""}]","efficient","wind | projectile","true","ready"
"tomahawk_s","Tomahawk S","Tomahawk S","","","dawn_dusk","striker","neutral","{""shape"":""diamond"",""min"":1,""max"":3,""requiresLineOfSight"":false}","{""shape"":""single"",""radius"":0}","80","90","22","70","[{""type"":""damage""}]","potent","neutral | melee","true","ready"
"torpedoattack","TorpedoAttack","TorpedoAttack","","","dawn_dusk","striker","water","{""shape"":""diamond"",""min"":1,""max"":3,""requiresLineOfSight"":false}","{""shape"":""single"",""radius"":0}","80","90","22","70","[{""type"":""damage""}]","potent","water | melee","true","ready"
"touch_of_evil","Touch of Evil","Touch of Evil","","","dawn_dusk","control","dark","{""shape"":""diamond"",""min"":1,""max"":3,""requiresLineOfSight"":false}","{""shape"":""single"",""radius"":0}","46","100","8","34","[{""type"":""damage""},{""type"":""status"",""status"":""paralysis"",""chance"":40,""duration"":3}]","reliable_effect","dark | melee","true","ready"
"transcndntswd","TranscndntSwd","TranscndntSwd","","","dawn_dusk","area_damage","light","{""shape"":""diamond"",""min"":1,""max"":5,""requiresLineOfSight"":false}","{""shape"":""diamond"",""radius"":2}","52","90","30","82","[{""type"":""damage"",""hits"":2}]","precise","light | projectile","true","ready"
"tryhorn_a","Tryhorn A","Tryhorn A","","","dawn_dusk","striker","earth","{""shape"":""diamond"",""min"":1,""max"":3,""requiresLineOfSight"":false}","{""shape"":""single"",""radius"":0}","80","90","22","70","[{""type"":""damage""}]","potent","earth | melee","true","ready"
"tusk_strike","Tusk Strike","Tusk Strike","","","dawn_dusk","control","earth","{""shape"":""diamond"",""min"":1,""max"":4,""requiresLineOfSight"":false}","{""shape"":""line"",""radius"":0,""length"":4}","68","100","25","70","[{""type"":""damage""},{""type"":""status"",""status"":""doom"",""chance"":40,""duration"":3}]","efficient","earth | projectile","true","ready"
"ultimatestream","UltimateStream","UltimateStream","","","dawn_dusk","striker","fire","{""shape"":""diamond"",""min"":1,""max"":3,""requiresLineOfSight"":false}","{""shape"":""single"",""radius"":0}","80","90","22","70","[{""type"":""damage""}]","potent","fire | melee","true","ready"
"vibelessarrow","VibelessArrow","VibelessArrow","","","dawn_dusk","area_damage","fire","{""shape"":""diamond"",""min"":1,""max"":5,""requiresLineOfSight"":false}","{""shape"":""diamond"",""radius"":2}","25","95","25","60","[{""type"":""damage""},{""type"":""status"",""status"":""burn"",""chance"":25,""duration"":3}]","precise","fire | projectile","true","ready"
"volcano_ss","Volcano SS","Volcano SS","","","dawn_dusk","area_damage","fire","{""shape"":""diamond"",""min"":1,""max"":5,""requiresLineOfSight"":false}","{""shape"":""diamond"",""radius"":2}","37","90","34","82","[{""type"":""damage""},{""type"":""status"",""status"":""burn"",""chance"":25,""duration"":3}]","precise","fire | projectile","true","ready"
"vortex_kick","Vortex Kick","Vortex Kick","","","dawn_dusk","striker","earth","{""shape"":""diamond"",""min"":1,""max"":3,""requiresLineOfSight"":false}","{""shape"":""single"",""radius"":0}","62","95","13","48","[{""type"":""damage"",""hits"":2}]","potent","earth | melee","true","ready"
"vortex_p","Vortex P","Vortex P","","","dawn_dusk","striker","water","{""shape"":""diamond"",""min"":1,""max"":3,""requiresLineOfSight"":false}","{""shape"":""single"",""radius"":0}","80","90","22","70","[{""type"":""damage""}]","potent","water | melee","true","ready"
"vulcanhammer","VulcanHammer","VulcanHammer","","","dawn_dusk","striker","electric","{""shape"":""diamond"",""min"":1,""max"":3,""requiresLineOfSight"":false}","{""shape"":""single"",""radius"":0}","80","90","22","70","[{""type"":""damage""}]","potent","electric | melee","true","ready"
"water_shot","Water Shot","Water Shot","","","dawn_dusk","striker","water","{""shape"":""diamond"",""min"":1,""max"":3,""requiresLineOfSight"":false}","{""shape"":""single"",""radius"":0}","46","100","8","34","[{""type"":""damage""}]","swift","water | melee","true","ready"
"water_wave","Water Wave","Water Wave","","","dawn_dusk","striker","water","{""shape"":""diamond"",""min"":1,""max"":3,""requiresLineOfSight"":false}","{""shape"":""single"",""radius"":0}","46","100","8","34","[{""type"":""damage""}]","swift","water | melee","true","ready"
"whirl_form","Whirl Form","Whirl Form","","","dawn_dusk","control","water","{""shape"":""diamond"",""min"":1,""max"":3,""requiresLineOfSight"":false}","{""shape"":""single"",""radius"":0}","80","100","22","70","[{""type"":""damage""},{""type"":""status"",""status"":""confusion"",""chance"":40,""duration"":3}]","efficient","water | melee","true","ready"
"wolf_claw","Wolf Claw","Wolf Claw","","","dawn_dusk","striker","earth","{""shape"":""diamond"",""min"":1,""max"":3,""requiresLineOfSight"":false}","{""shape"":""single"",""radius"":0}","62","95","13","48","[{""type"":""damage"",""hits"":3}]","potent","earth | melee","true","ready"
"wolf_claw_dark","Wolf Claw (Dark)","Wolf Claw (Dark)","","","dawn_dusk","striker","dark","{""shape"":""diamond"",""min"":1,""max"":3,""requiresLineOfSight"":false}","{""shape"":""single"",""radius"":0}","62","95","13","48","[{""type"":""damage"",""hits"":3}]","potent","dark | melee","true","ready"
"surudoitsume","Surudoitsume","Surudoitsume","するどいつめ","するどいつめ","digimon_story_ds","striker","neutral","{""shape"":""diamond"",""min"":1,""max"":3,""requiresLineOfSight"":false}","{""shape"":""single"",""radius"":0}","32","100","4","24","[{""type"":""damage""}]","swift","neutral | melee","true","ready"
"panchi","Panchi","Panchi","パンチ","パンチ","digimon_story_ds","striker","neutral","{""shape"":""diamond"",""min"":1,""max"":3,""requiresLineOfSight"":false}","{""shape"":""single"",""radius"":0}","32","100","4","24","[{""type"":""damage""}]","swift","neutral | melee","true","ready"
"bebiisuringu","Bebiisuringu","Bebiisuringu","ベビースリング","ベビースリング","digimon_story_ds","striker","neutral","{""shape"":""diamond"",""min"":1,""max"":3,""requiresLineOfSight"":false}","{""shape"":""single"",""radius"":0}","46","100","8","34","[{""type"":""damage""}]","swift","neutral | melee","true","ready"
"dasshutsuibami","Dasshutsuibami","Dasshutsuibami","ダッシュついばみ","ダッシュついばみ","digimon_story_ds","striker","neutral","{""shape"":""diamond"",""min"":1,""max"":3,""requiresLineOfSight"":false}","{""shape"":""single"",""radius"":0}","46","100","8","34","[{""type"":""damage""}]","swift","neutral | melee","true","ready"
"kogumaseikenzuki","Kogumaseikenzuki","Kogumaseikenzuki","こぐませいけんづき","こぐませいけんづき","digimon_story_ds","striker","neutral","{""shape"":""diamond"",""min"":1,""max"":3,""requiresLineOfSight"":false}","{""shape"":""single"",""radius"":0}","46","100","8","34","[{""type"":""damage""}]","swift","neutral | melee","true","ready"
"sukuracchibiito","Sukuracchibiito","Sukuracchibiito","スクラッチビート","スクラッチビート","digimon_story_ds | super_xros_wars","striker","neutral","{""shape"":""diamond"",""min"":1,""max"":3,""requiresLineOfSight"":false}","{""shape"":""single"",""radius"":0}","46","100","8","34","[{""type"":""damage""}]","swift","neutral | melee","true","ready"
"bunbunpanchi","Bunbunpanchi","Bunbunpanchi","ぶんぶんパンチ","ぶんぶんパンチ","digimon_story_ds","striker","neutral","{""shape"":""diamond"",""min"":1,""max"":3,""requiresLineOfSight"":false}","{""shape"":""single"",""radius"":0}","46","100","8","34","[{""type"":""damage""}]","swift","neutral | melee","true","ready"
"nyoiboon","Nyoiboon","Nyoiboon","にょいボーン","にょいボーン","digimon_story_ds | super_xros_wars","striker","neutral","{""shape"":""diamond"",""min"":1,""max"":3,""requiresLineOfSight"":false}","{""shape"":""single"",""radius"":0}","46","100","8","34","[{""type"":""damage""}]","swift","neutral | melee","true","ready"
"pawaagirochin","Pawaagirochin","Pawaagirochin","パワーギロチン","パワーギロチン","digimon_story_ds | super_xros_wars","striker","neutral","{""shape"":""diamond"",""min"":1,""max"":3,""requiresLineOfSight"":false}","{""shape"":""single"",""radius"":0}","46","100","8","34","[{""type"":""damage""}]","swift","neutral | melee","true","ready"
"rapiddofaia","Rapiddofaia","Rapiddofaia","ラピッドファイア","ラピッドファイア","digimon_story_ds | super_xros_wars","striker","neutral","{""shape"":""diamond"",""min"":1,""max"":3,""requiresLineOfSight"":false}","{""shape"":""single"",""radius"":0}","46","100","8","34","[{""type"":""damage""}]","swift","neutral | melee","true","ready"
"ryuuseigiri","Ryuuseigiri","Ryuuseigiri","りゅうせいぎり","りゅうせいぎり","digimon_story_ds","striker","neutral","{""shape"":""diamond"",""min"":1,""max"":3,""requiresLineOfSight"":false}","{""shape"":""single"",""radius"":0}","46","100","8","34","[{""type"":""damage""}]","swift","neutral | melee","true","ready"
"pawaasumasshu","Pawaasumasshu","Pawaasumasshu","パワースマッシュ","パワースマッシュ","digimon_story_ds","striker","neutral","{""shape"":""diamond"",""min"":1,""max"":3,""requiresLineOfSight"":false}","{""shape"":""single"",""radius"":0}","80","90","22","70","[{""type"":""damage""}]","potent","neutral | melee","true","ready"
"pawaarasshu","Pawaarasshu","Pawaarasshu","パワーラッシュ","パワーラッシュ","digimon_story_ds","striker","neutral","{""shape"":""diamond"",""min"":1,""max"":3,""requiresLineOfSight"":false}","{""shape"":""single"",""radius"":0}","46","100","8","34","[{""type"":""damage""}]","swift","neutral | melee","true","ready"
"shishioomaru","Shishioomaru","Shishioomaru","ししおおまる","ししおおまる","digimon_story_ds","striker","neutral","{""shape"":""diamond"",""min"":1,""max"":3,""requiresLineOfSight"":false}","{""shape"":""single"",""radius"":0}","46","100","8","34","[{""type"":""damage""}]","swift","neutral | melee","true","ready"
"furesshuiitaa","Furesshuiitaa","Furesshuiitaa","フレッシュイーター","フレッシュイーター","digimon_story_ds","striker","neutral","{""shape"":""diamond"",""min"":1,""max"":3,""requiresLineOfSight"":false}","{""shape"":""single"",""radius"":0}","80","90","22","70","[{""type"":""damage""}]","potent","neutral | melee","true","ready"
"teradesutoroiyaa","Teradesutoroiyaa","Teradesutoroiyaa","テラデストロイヤー","テラデストロイヤー","digimon_story_ds","striker","neutral","{""shape"":""diamond"",""min"":1,""max"":3,""requiresLineOfSight"":false}","{""shape"":""single"",""radius"":0}","62","95","13","48","[{""type"":""damage""}]","potent","neutral | melee","true","ready"
"bureiniitaa","Bureiniitaa","Bureiniitaa","ブレインイーター","ブレインイーター","digimon_story_ds","striker","neutral","{""shape"":""diamond"",""min"":1,""max"":3,""requiresLineOfSight"":false}","{""shape"":""single"",""radius"":0}","80","90","22","70","[{""type"":""damage""}]","potent","neutral | melee","true","ready"
"baasutoshotto","Baasutoshotto","Baasutoshotto","バーストショット","バーストショット","digimon_story_ds","striker","neutral","{""shape"":""diamond"",""min"":1,""max"":3,""requiresLineOfSight"":false}","{""shape"":""single"",""radius"":0}","62","95","13","48","[{""type"":""damage""}]","potent","neutral | melee","true","ready"
"akuseruaamu","Akuseruaamu","Akuseruaamu","アクセルアーム","アクセルアーム","digimon_story_ds","striker","neutral","{""shape"":""diamond"",""min"":1,""max"":3,""requiresLineOfSight"":false}","{""shape"":""single"",""radius"":0}","80","90","22","70","[{""type"":""damage""}]","potent","neutral | melee","true","ready"
"megapanchi","Megapanchi","Megapanchi","メガパンチ","メガパンチ","digimon_story_ds | super_xros_wars","striker","neutral","{""shape"":""diamond"",""min"":1,""max"":3,""requiresLineOfSight"":false}","{""shape"":""single"",""radius"":0}","80","90","22","70","[{""type"":""damage""}]","potent","neutral | melee","true","ready"
"katasutorofi","Katasutorofi","Katasutorofi","カタストロフィ","カタストロフィ","digimon_story_ds","striker","neutral","{""shape"":""diamond"",""min"":1,""max"":3,""requiresLineOfSight"":false}","{""shape"":""single"",""radius"":0}","62","95","13","48","[{""type"":""damage""}]","potent","neutral | melee","true","ready"
"marounoagito","Marounoagito","Marounoagito","まろうのあぎと","まろうのあぎと","digimon_story_ds","striker","neutral","{""shape"":""diamond"",""min"":1,""max"":3,""requiresLineOfSight"":false}","{""shape"":""single"",""radius"":0}","62","95","13","48","[{""type"":""damage""}]","potent","neutral | melee","true","ready"
"marounomure","Marounomure","Marounomure","まろうのむれ","まろうのむれ","digimon_story_ds","striker","neutral","{""shape"":""diamond"",""min"":1,""max"":3,""requiresLineOfSight"":false}","{""shape"":""single"",""radius"":0}","46","100","8","34","[{""type"":""damage""}]","swift","neutral | melee","true","ready"
"juuounomai","Juuounomai","Juuounomai","じゅうおうのまい","じゅうおうのまい","digimon_story_ds","striker","neutral","{""shape"":""diamond"",""min"":1,""max"":3,""requiresLineOfSight"":false}","{""shape"":""single"",""radius"":0}","62","95","13","48","[{""type"":""damage""}]","potent","neutral | melee","true","ready"
"arerugiishawaa","Arerugiishawaa","Arerugiishawaa","アレルギーシャワー","アレルギーシャワー","digimon_story_ds | super_xros_wars","striker","neutral","{""shape"":""diamond"",""min"":1,""max"":3,""requiresLineOfSight"":false}","{""shape"":""single"",""radius"":0}","46","100","8","34","[{""type"":""damage""}]","swift","neutral | melee","true","ready"
"aamaabureiku","Aamaabureiku","Aamaabureiku","アーマーブレイク","アーマーブレイク","digimon_story_ds","striker","neutral","{""shape"":""diamond"",""min"":1,""max"":3,""requiresLineOfSight"":false}","{""shape"":""single"",""radius"":0}","46","100","8","34","[{""type"":""damage""}]","swift","neutral | melee","true","ready"
"kyattsu_ai","Kyattsu Ai","Kyattsu Ai","キャッツ・アイ","キャッツ・アイ","digimon_story_ds","striker","neutral","{""shape"":""diamond"",""min"":1,""max"":3,""requiresLineOfSight"":false}","{""shape"":""single"",""radius"":0}","46","100","8","34","[{""type"":""damage""}]","swift","neutral | melee","true","ready"
"hakainoshoudou","Hakainoshoudou","Hakainoshoudou","はかいのしょうどう","はかいのしょうどう","digimon_story_ds","striker","neutral","{""shape"":""diamond"",""min"":1,""max"":3,""requiresLineOfSight"":false}","{""shape"":""single"",""radius"":0}","46","100","8","34","[{""type"":""damage""}]","swift","neutral | melee","true","ready"
"dohatsuten","Dohatsuten","Dohatsuten","どはつてん","どはつてん","digimon_story_ds | super_xros_wars","striker","neutral","{""shape"":""diamond"",""min"":1,""max"":3,""requiresLineOfSight"":false}","{""shape"":""single"",""radius"":0}","46","100","8","34","[{""type"":""damage""}]","swift","neutral | melee","false","requires_digixros"
"bureibuoora","Bureibuoora","Bureibuoora","ブレイブオーラ","ブレイブオーラ","digimon_story_ds","striker","neutral","{""shape"":""diamond"",""min"":1,""max"":3,""requiresLineOfSight"":false}","{""shape"":""single"",""radius"":0}","46","100","8","34","[{""type"":""damage""}]","swift","neutral | melee","true","ready"
"ribingushiirudo","Ribingushiirudo","Ribingushiirudo","リビングシールド","リビングシールド","digimon_story_ds","striker","neutral","{""shape"":""diamond"",""min"":1,""max"":3,""requiresLineOfSight"":false}","{""shape"":""single"",""radius"":0}","46","100","8","34","[{""type"":""damage""}]","swift","neutral | melee","true","ready"
"haadosherukurabu","Haadosherukurabu","Haadosherukurabu","ハードシェルクラブ","ハードシェルクラブ","digimon_story_ds | super_xros_wars","striker","neutral","{""shape"":""diamond"",""min"":1,""max"":3,""requiresLineOfSight"":false}","{""shape"":""single"",""radius"":0}","46","100","8","34","[{""type"":""damage""}]","swift","neutral | melee","true","ready"
"gureetoshiirudo","Gureetoshiirudo","Gureetoshiirudo","グレートシールド","グレートシールド","digimon_story_ds","striker","neutral","{""shape"":""diamond"",""min"":1,""max"":3,""requiresLineOfSight"":false}","{""shape"":""single"",""radius"":0}","46","100","8","34","[{""type"":""damage""}]","swift","neutral | melee","true","ready"
"monoshiribukku","Monoshiribukku","Monoshiribukku","ものしりブック","ものしりブック","digimon_story_ds","striker","neutral","{""shape"":""diamond"",""min"":1,""max"":3,""requiresLineOfSight"":false}","{""shape"":""single"",""radius"":0}","46","100","8","34","[{""type"":""damage""}]","swift","neutral | melee","true","ready"
"rizaadodansu","Rizaadodansu","Rizaadodansu","リザードダンス","リザードダンス","digimon_story_ds","striker","neutral","{""shape"":""diamond"",""min"":1,""max"":3,""requiresLineOfSight"":false}","{""shape"":""single"",""radius"":0}","46","100","8","34","[{""type"":""damage""}]","swift","neutral | melee","true","ready"
"rarabaibaburu","Rarabaibaburu","Rarabaibaburu","ララバイバブル","ララバイバブル","digimon_story_ds | super_xros_wars","striker","neutral","{""shape"":""diamond"",""min"":1,""max"":3,""requiresLineOfSight"":false}","{""shape"":""single"",""radius"":0}","46","100","8","34","[{""type"":""damage""}]","swift","neutral | melee","true","ready"
"saiminjutsu","Saiminjutsu","Saiminjutsu","さいみんじゅつ","さいみんじゅつ","digimon_story_ds","striker","neutral","{""shape"":""diamond"",""min"":1,""max"":3,""requiresLineOfSight"":false}","{""shape"":""single"",""radius"":0}","46","100","8","34","[{""type"":""damage""}]","swift","neutral | melee","true","ready"
"doriimudasuto","Doriimudasuto","Doriimudasuto","ドリームダスト","ドリームダスト","digimon_story_ds","striker","neutral","{""shape"":""diamond"",""min"":1,""max"":3,""requiresLineOfSight"":false}","{""shape"":""single"",""radius"":0}","46","100","8","34","[{""type"":""damage""}]","swift","neutral | melee","true","ready"
"akumanosasayaki","Akumanosasayaki","Akumanosasayaki","あくまのささやき","あくまのささやき","digimon_story_ds","striker","neutral","{""shape"":""diamond"",""min"":1,""max"":3,""requiresLineOfSight"":false}","{""shape"":""single"",""radius"":0}","46","100","8","34","[{""type"":""damage""}]","swift","neutral | melee","true","ready"
"naitomeashokku","Naitomeashokku","Naitomeashokku","ナイトメアショック","ナイトメアショック","digimon_story_ds | super_xros_wars","striker","neutral","{""shape"":""diamond"",""min"":1,""max"":3,""requiresLineOfSight"":false}","{""shape"":""single"",""radius"":0}","46","100","8","34","[{""type"":""damage""}]","swift","neutral | melee","true","ready"
"tenputeeshon","Tenputeeshon","Tenputeeshon","テンプテーション","テンプテーション","digimon_story_ds","striker","neutral","{""shape"":""diamond"",""min"":1,""max"":3,""requiresLineOfSight"":false}","{""shape"":""single"",""radius"":0}","46","100","8","34","[{""type"":""damage""}]","swift","neutral | melee","true","ready"
"rabu_serenaade","Rabu Serenaade","Rabu Serenaade","ラブ・セレナーデ","ラブ・セレナーデ","digimon_story_ds | super_xros_wars","striker","neutral","{""shape"":""diamond"",""min"":1,""max"":3,""requiresLineOfSight"":false}","{""shape"":""single"",""radius"":0}","46","100","8","34","[{""type"":""damage""}]","swift","neutral | melee","true","ready"
"papiihauringu","Papiihauringu","Papiihauringu","パピーハウリング","パピーハウリング","digimon_story_ds | super_xros_wars","striker","neutral","{""shape"":""diamond"",""min"":1,""max"":3,""requiresLineOfSight"":false}","{""shape"":""single"",""radius"":0}","46","100","8","34","[{""type"":""damage""}]","swift","neutral | melee","true","ready"
"kusainioi","Kusainioi","Kusainioi","くさいニオイ","くさいニオイ","digimon_story_ds","striker","neutral","{""shape"":""diamond"",""min"":1,""max"":3,""requiresLineOfSight"":false}","{""shape"":""single"",""radius"":0}","46","100","8","34","[{""type"":""damage""}]","swift","neutral | melee","true","ready"
"petorafaia","Petorafaia","Petorafaia","ぺトラファイア","ぺトラファイア","digimon_story_ds","striker","neutral","{""shape"":""diamond"",""min"":1,""max"":3,""requiresLineOfSight"":false}","{""shape"":""single"",""radius"":0}","46","100","8","34","[{""type"":""damage""}]","swift","neutral | melee","true","ready"
"uirusuderiito","Uirusuderiito","Uirusuderiito","ウイルスデリート","ウイルスデリート","digimon_story_ds","striker","neutral","{""shape"":""diamond"",""min"":1,""max"":3,""requiresLineOfSight"":false}","{""shape"":""single"",""radius"":0}","46","100","8","34","[{""type"":""damage""}]","swift","neutral | melee","true","ready"
"seintoeaa","Seintoeaa","Seintoeaa","セイントエアー","セイントエアー","digimon_story_ds","striker","neutral","{""shape"":""diamond"",""min"":1,""max"":3,""requiresLineOfSight"":false}","{""shape"":""single"",""radius"":0}","46","100","8","34","[{""type"":""damage""}]","swift","neutral | melee","true","ready"
"atemigaeshi","Atemigaeshi","Atemigaeshi","あてみがえし","あてみがえし","digimon_story_ds","striker","neutral","{""shape"":""diamond"",""min"":1,""max"":3,""requiresLineOfSight"":false}","{""shape"":""single"",""radius"":0}","46","100","8","34","[{""type"":""damage""}]","swift","neutral | melee","true","ready"
"aisurifurekuto","Aisurifurekuto","Aisurifurekuto","アイスリフレクト","アイスリフレクト","digimon_story_ds","striker","neutral","{""shape"":""diamond"",""min"":1,""max"":3,""requiresLineOfSight"":false}","{""shape"":""single"",""radius"":0}","46","100","8","34","[{""type"":""damage""}]","swift","neutral | melee","true","ready"
"kaifukunoshizuku","Kaifukunoshizuku","Kaifukunoshizuku","かいふくのしずく","かいふくのしずく","digimon_story_ds","striker","neutral","{""shape"":""diamond"",""min"":1,""max"":3,""requiresLineOfSight"":false}","{""shape"":""single"",""radius"":0}","46","100","8","34","[{""type"":""damage""}]","swift","neutral | melee","true","ready"
"su_utosento","Su Utosento","Su Utosento","スィートセント","スィートセント","digimon_story_ds","striker","neutral","{""shape"":""diamond"",""min"":1,""max"":3,""requiresLineOfSight"":false}","{""shape"":""single"",""radius"":0}","46","100","8","34","[{""type"":""damage""}]","swift","neutral | melee","true","ready"
"hiiruoora","Hiiruoora","Hiiruoora","ヒールオーラ","ヒールオーラ","digimon_story_ds","striker","neutral","{""shape"":""diamond"",""min"":1,""max"":3,""requiresLineOfSight"":false}","{""shape"":""single"",""radius"":0}","46","100","8","34","[{""type"":""damage""}]","swift","neutral | melee","true","ready"
"hebunzuhiiru","Hebunzuhiiru","Hebunzuhiiru","ヘブンズヒール","ヘブンズヒール","digimon_story_ds","striker","neutral","{""shape"":""diamond"",""min"":1,""max"":3,""requiresLineOfSight"":false}","{""shape"":""single"",""radius"":0}","46","100","8","34","[{""type"":""damage""}]","swift","neutral | melee","true","ready"
"raifufoosu","Raifufoosu","Raifufoosu","ライフフォース","ライフフォース","digimon_story_ds","striker","neutral","{""shape"":""diamond"",""min"":1,""max"":3,""requiresLineOfSight"":false}","{""shape"":""single"",""radius"":0}","46","100","8","34","[{""type"":""damage""}]","swift","neutral | melee","true","ready"
"faniisumairu","Faniisumairu","Faniisumairu","ファニースマイル","ファニースマイル","digimon_story_ds","striker","neutral","{""shape"":""diamond"",""min"":1,""max"":3,""requiresLineOfSight"":false}","{""shape"":""single"",""radius"":0}","46","100","8","34","[{""type"":""damage""}]","swift","neutral | melee","true","ready"
"sutingaa_ai","Sutingaa Ai","Sutingaa Ai","スティンガー・アイ","スティンガー・アイ","digimon_story_ds","striker","neutral","{""shape"":""diamond"",""min"":1,""max"":3,""requiresLineOfSight"":false}","{""shape"":""single"",""radius"":0}","46","100","8","34","[{""type"":""damage""}]","swift","neutral | melee","true","ready"
"gureetosupiido","Gureetosupiido","Gureetosupiido","グレートスピード","グレートスピード","digimon_story_ds","striker","neutral","{""shape"":""diamond"",""min"":1,""max"":3,""requiresLineOfSight"":false}","{""shape"":""single"",""radius"":0}","46","100","8","34","[{""type"":""damage""}]","swift","neutral | melee","true","ready"
"naenaeparusu","Naenaeparusu","Naenaeparusu","なえなえパルス","なえなえパルス","digimon_story_ds","striker","neutral","{""shape"":""diamond"",""min"":1,""max"":3,""requiresLineOfSight"":false}","{""shape"":""single"",""radius"":0}","46","100","8","34","[{""type"":""damage""}]","swift","neutral | melee","true","ready"
"hiirutacchi","Hiirutacchi","Hiirutacchi","ヒールタッチ","ヒールタッチ","digimon_story_ds","striker","neutral","{""shape"":""diamond"",""min"":1,""max"":3,""requiresLineOfSight"":false}","{""shape"":""single"",""radius"":0}","62","95","13","48","[{""type"":""damage""}]","potent","neutral | melee","true","ready"
"faiamen","Faiamen","Faiamen","ファイアメン","ファイアメン","digimon_story_ds","striker","neutral","{""shape"":""diamond"",""min"":1,""max"":3,""requiresLineOfSight"":false}","{""shape"":""single"",""radius"":0}","46","100","8","34","[{""type"":""damage""}]","swift","neutral | melee","true","ready"
"koryuunoichigeki","Koryuunoichigeki","Koryuunoichigeki","こりゅうのいちげき","こりゅうのいちげき","digimon_story_ds","striker","neutral","{""shape"":""diamond"",""min"":1,""max"":3,""requiresLineOfSight"":false}","{""shape"":""single"",""radius"":0}","80","90","22","70","[{""type"":""damage""}]","potent","neutral | melee","true","ready"
"hiitoburesu","Hiitoburesu","Hiitoburesu","ヒートブレス","ヒートブレス","digimon_story_ds","striker","neutral","{""shape"":""diamond"",""min"":1,""max"":3,""requiresLineOfSight"":false}","{""shape"":""single"",""radius"":0}","46","100","8","34","[{""type"":""damage""}]","swift","neutral | melee","true","ready"
"ryuuounoibuki","Ryuuounoibuki","Ryuuounoibuki","りゅうおうのいぶき","りゅうおうのいぶき","digimon_story_ds","striker","neutral","{""shape"":""diamond"",""min"":1,""max"":3,""requiresLineOfSight"":false}","{""shape"":""single"",""radius"":0}","80","90","22","70","[{""type"":""damage""}]","potent","neutral | melee","true","ready"
"buraddokuroo","Buraddokuroo","Buraddokuroo","ブラッドクロー","ブラッドクロー","digimon_story_ds","striker","neutral","{""shape"":""diamond"",""min"":1,""max"":3,""requiresLineOfSight"":false}","{""shape"":""single"",""radius"":0}","80","90","22","70","[{""type"":""damage""}]","potent","neutral | melee","true","ready"
"asutorarukuroo","Asutorarukuroo","Asutorarukuroo","アストラルクロー","アストラルクロー","digimon_story_ds","striker","neutral","{""shape"":""diamond"",""min"":1,""max"":3,""requiresLineOfSight"":false}","{""shape"":""single"",""radius"":0}","80","90","22","70","[{""type"":""damage""}]","potent","neutral | melee","true","ready"
"inferuno","Inferuno","Inferuno","インフェルノ","インフェルノ","digimon_story_ds","striker","neutral","{""shape"":""diamond"",""min"":1,""max"":3,""requiresLineOfSight"":false}","{""shape"":""single"",""radius"":0}","62","95","13","48","[{""type"":""damage""}]","potent","neutral | melee","true","ready"
"doragonfangu","Doragonfangu","Doragonfangu","ドラゴンファング","ドラゴンファング","digimon_story_ds","striker","neutral","{""shape"":""diamond"",""min"":1,""max"":3,""requiresLineOfSight"":false}","{""shape"":""single"",""radius"":0}","62","95","13","48","[{""type"":""damage""}]","potent","neutral | melee","true","ready"
"doragonteirubomu","Doragonteirubomu","Doragonteirubomu","ドラゴンテイルボム","ドラゴンテイルボム","digimon_story_ds","striker","neutral","{""shape"":""diamond"",""min"":1,""max"":3,""requiresLineOfSight"":false}","{""shape"":""single"",""radius"":0}","62","95","13","48","[{""type"":""damage""}]","potent","neutral | melee","true","ready"
"doragonikkuoora","Doragonikkuoora","Doragonikkuoora","ドラゴニックオーラ","ドラゴニックオーラ","digimon_story_ds","striker","neutral","{""shape"":""diamond"",""min"":1,""max"":3,""requiresLineOfSight"":false}","{""shape"":""single"",""radius"":0}","62","95","13","48","[{""type"":""damage""}]","potent","neutral | melee","true","ready"
"ritoruburizaado","Ritoruburizaado","Ritoruburizaado","リトルブリザード","リトルブリザード","digimon_story_ds | super_xros_wars","striker","neutral","{""shape"":""diamond"",""min"":1,""max"":3,""requiresLineOfSight"":false}","{""shape"":""single"",""radius"":0}","46","100","8","34","[{""type"":""damage""}]","swift","neutral | melee","true","ready"
"ritorupekkaa","Ritorupekkaa","Ritorupekkaa","リトルペッカー","リトルペッカー","digimon_story_ds","striker","neutral","{""shape"":""diamond"",""min"":1,""max"":3,""requiresLineOfSight"":false}","{""shape"":""single"",""radius"":0}","46","100","8","34","[{""type"":""damage""}]","swift","neutral | melee","true","ready"
"berokougeki","Berokougeki","Berokougeki","ベロこうげき","ベロこうげき","digimon_story_ds","striker","neutral","{""shape"":""diamond"",""min"":1,""max"":3,""requiresLineOfSight"":false}","{""shape"":""single"",""radius"":0}","46","100","8","34","[{""type"":""damage""}]","swift","neutral | melee","true","ready"
"aisuwooru","Aisuwooru","Aisuwooru","アイスウォール","アイスウォール","digimon_story_ds","striker","neutral","{""shape"":""diamond"",""min"":1,""max"":3,""requiresLineOfSight"":false}","{""shape"":""single"",""radius"":0}","46","100","8","34","[{""type"":""damage""}]","swift","neutral | melee","true","ready"
"manokairyuu","Manokairyuu","Manokairyuu","まのかいりゅう","まのかいりゅう","digimon_story_ds","striker","neutral","{""shape"":""diamond"",""min"":1,""max"":3,""requiresLineOfSight"":false}","{""shape"":""single"",""radius"":0}","46","100","8","34","[{""type"":""damage""}]","swift","neutral | melee","true","ready"
"kaiounotakanami","Kaiounotakanami","Kaiounotakanami","かいおうのたかなみ","かいおうのたかなみ","digimon_story_ds","striker","neutral","{""shape"":""diamond"",""min"":1,""max"":3,""requiresLineOfSight"":false}","{""shape"":""single"",""radius"":0}","46","100","8","34","[{""type"":""damage""}]","swift","neutral | melee","true","ready"
"sfisshingu","Sfisshingu","Sfisshingu","Sフィッシング","Sフィッシング","digimon_story_ds","striker","neutral","{""shape"":""diamond"",""min"":1,""max"":3,""requiresLineOfSight"":false}","{""shape"":""single"",""radius"":0}","62","95","13","48","[{""type"":""damage""}]","potent","neutral | melee","true","ready"
"kurisutarukuraudo","Kurisutarukuraudo","Kurisutarukuraudo","クリスタルクラウド","クリスタルクラウド","digimon_story_ds","striker","neutral","{""shape"":""diamond"",""min"":1,""max"":3,""requiresLineOfSight"":false}","{""shape"":""single"",""radius"":0}","62","95","13","48","[{""type"":""damage""}]","potent","neutral | melee","true","ready"
"jettoaroo","Jettoaroo","Jettoaroo","ジェットアロー","ジェットアロー","digimon_story_ds | super_xros_wars","striker","neutral","{""shape"":""diamond"",""min"":1,""max"":3,""requiresLineOfSight"":false}","{""shape"":""single"",""radius"":0}","62","95","13","48","[{""type"":""damage""}]","potent","neutral | melee","true","ready"
"daidaruweebu","Daidaruweebu","Daidaruweebu","ダイダルウェーブ","ダイダルウェーブ","digimon_story_ds","striker","neutral","{""shape"":""diamond"",""min"":1,""max"":3,""requiresLineOfSight"":false}","{""shape"":""single"",""radius"":0}","62","95","13","48","[{""type"":""damage""}]","potent","neutral | melee","true","ready"
"ooshanrabu","Ooshanrabu","Ooshanrabu","オーシャンラブ","オーシャンラブ","digimon_story_ds | super_xros_wars","striker","neutral","{""shape"":""diamond"",""min"":1,""max"":3,""requiresLineOfSight"":false}","{""shape"":""single"",""radius"":0}","80","90","22","70","[{""type"":""damage""}]","potent","neutral | melee","false","requires_digixros"
"buraddoweebu","Buraddoweebu","Buraddoweebu","ブラッドウェーブ","ブラッドウェーブ","digimon_story_ds","striker","neutral","{""shape"":""diamond"",""min"":1,""max"":3,""requiresLineOfSight"":false}","{""shape"":""single"",""radius"":0}","80","90","22","70","[{""type"":""damage""}]","potent","neutral | melee","true","ready"
"manadorein","Manadorein","Manadorein","マナドレイン","マナドレイン","digimon_story_ds","striker","neutral","{""shape"":""diamond"",""min"":1,""max"":3,""requiresLineOfSight"":false}","{""shape"":""single"",""radius"":0}","80","90","22","70","[{""type"":""damage""}]","potent","neutral | melee","true","ready"
"gdesutoroiyaa","Gdesutoroiyaa","Gdesutoroiyaa","Gデストロイヤー","Gデストロイヤー","digimon_story_ds","striker","neutral","{""shape"":""diamond"",""min"":1,""max"":3,""requiresLineOfSight"":false}","{""shape"":""single"",""radius"":0}","62","95","13","48","[{""type"":""damage""}]","potent","neutral | melee","true","ready"
"arutimetto_s","Arutimetto S","Arutimetto S","アルティメットS","アルティメットS","digimon_story_ds","striker","neutral","{""shape"":""diamond"",""min"":1,""max"":3,""requiresLineOfSight"":false}","{""shape"":""single"",""radius"":0}","62","95","13","48","[{""type"":""damage""}]","potent","neutral | melee","true","ready"
"hyouketsu","Hyouketsu","Hyouketsu","ひょうけつ","ひょうけつ","digimon_story_ds","striker","neutral","{""shape"":""diamond"",""min"":1,""max"":3,""requiresLineOfSight"":false}","{""shape"":""single"",""radius"":0}","46","100","8","34","[{""type"":""damage""}]","swift","neutral | melee","true","ready"
"haidorofuriizaa","Haidorofuriizaa","Haidorofuriizaa","ハイドロフリーザー","ハイドロフリーザー","digimon_story_ds","striker","neutral","{""shape"":""diamond"",""min"":1,""max"":3,""requiresLineOfSight"":false}","{""shape"":""single"",""radius"":0}","62","95","13","48","[{""type"":""damage""}]","potent","neutral | melee","true","ready"
"dengekibiririn","Dengekibiririn","Dengekibiririn","でんげきビリリン","でんげきビリリン","digimon_story_ds | super_xros_wars","striker","neutral","{""shape"":""diamond"",""min"":1,""max"":3,""requiresLineOfSight"":false}","{""shape"":""single"",""radius"":0}","46","100","8","34","[{""type"":""damage""}]","swift","neutral | melee","true","ready"
"metarubiibooru","Metarubiibooru","Metarubiibooru","メタルビーボール","メタルビーボール","digimon_story_ds","striker","neutral","{""shape"":""diamond"",""min"":1,""max"":3,""requiresLineOfSight"":false}","{""shape"":""single"",""radius"":0}","62","95","13","48","[{""type"":""damage""}]","potent","neutral | melee","true","ready"
"biitorukurasshu","Biitorukurasshu","Biitorukurasshu","ビートルクラッシュ","ビートルクラッシュ","digimon_story_ds","striker","neutral","{""shape"":""diamond"",""min"":1,""max"":3,""requiresLineOfSight"":false}","{""shape"":""single"",""radius"":0}","46","100","8","34","[{""type"":""damage""}]","swift","neutral | melee","true","ready"
"burittsuaamu","Burittsuaamu","Burittsuaamu","ブリッツアーム","ブリッツアーム","digimon_story_ds","striker","neutral","{""shape"":""diamond"",""min"":1,""max"":3,""requiresLineOfSight"":false}","{""shape"":""single"",""radius"":0}","80","90","22","70","[{""type"":""damage""}]","potent","neutral | melee","true","ready"
"mugenbinta","Mugenbinta","Mugenbinta","むげんビンタ","むげんビンタ","digimon_story_ds | super_xros_wars","striker","neutral","{""shape"":""diamond"",""min"":1,""max"":3,""requiresLineOfSight"":false}","{""shape"":""single"",""radius"":0}","32","100","4","24","[{""type"":""damage""}]","swift","neutral | melee","true","ready"
"akinakesu","Akinakesu","Akinakesu","アキナケス","アキナケス","digimon_story_ds","striker","neutral","{""shape"":""diamond"",""min"":1,""max"":3,""requiresLineOfSight"":false}","{""shape"":""single"",""radius"":0}","46","100","8","34","[{""type"":""damage""}]","swift","neutral | melee","true","ready"
"takanotsume","Takanotsume","Takanotsume","たかのつめ","たかのつめ","digimon_story_ds","striker","neutral","{""shape"":""diamond"",""min"":1,""max"":3,""requiresLineOfSight"":false}","{""shape"":""single"",""radius"":0}","62","95","13","48","[{""type"":""damage""}]","potent","neutral | melee","true","ready"
"hayabusanomai","Hayabusanomai","Hayabusanomai","ハヤブサのまい","ハヤブサのまい","digimon_story_ds","striker","neutral","{""shape"":""diamond"",""min"":1,""max"":3,""requiresLineOfSight"":false}","{""shape"":""single"",""radius"":0}","46","100","8","34","[{""type"":""damage""}]","swift","neutral | melee","true","ready"
"goddotoruneedo","Goddotoruneedo","Goddotoruneedo","ゴッドトルネード","ゴッドトルネード","digimon_story_ds | super_xros_wars","striker","neutral","{""shape"":""diamond"",""min"":1,""max"":3,""requiresLineOfSight"":false}","{""shape"":""single"",""radius"":0}","32","100","4","24","[{""type"":""damage""}]","swift","neutral | melee","false","requires_digixros"
"bureidotsuisutaa","Bureidotsuisutaa","Bureidotsuisutaa","ブレイドツイスター","ブレイドツイスター","digimon_story_ds | super_xros_wars","striker","neutral","{""shape"":""diamond"",""min"":1,""max"":3,""requiresLineOfSight"":false}","{""shape"":""single"",""radius"":0}","80","90","22","70","[{""type"":""damage""}]","potent","neutral | melee","false","requires_digixros"
"aasusheikaa","Aasusheikaa","Aasusheikaa","アースシェイカー","アースシェイカー","digimon_story_ds | super_xros_wars","striker","neutral","{""shape"":""diamond"",""min"":1,""max"":3,""requiresLineOfSight"":false}","{""shape"":""single"",""radius"":0}","46","100","8","34","[{""type"":""damage""}]","swift","neutral | melee","true","ready"
"toifureimu","Toifureimu","Toifureimu","トイフレイム","トイフレイム","digimon_story_ds | super_xros_wars","striker","neutral","{""shape"":""diamond"",""min"":1,""max"":3,""requiresLineOfSight"":false}","{""shape"":""single"",""radius"":0}","46","100","8","34","[{""type"":""damage""}]","swift","neutral | melee","true","ready"
"buraddoreizaa","Buraddoreizaa","Buraddoreizaa","ブラッドレイザー","ブラッドレイザー","digimon_story_ds","striker","neutral","{""shape"":""diamond"",""min"":1,""max"":3,""requiresLineOfSight"":false}","{""shape"":""single"",""radius"":0}","46","100","8","34","[{""type"":""damage""}]","swift","neutral | melee","true","ready"
"shinokousen","Shinokousen","Shinokousen","しのこうせん","しのこうせん","digimon_story_ds","striker","neutral","{""shape"":""diamond"",""min"":1,""max"":3,""requiresLineOfSight"":false}","{""shape"":""single"",""radius"":0}","62","95","13","48","[{""type"":""damage""}]","potent","neutral | melee","true","ready"
"hagurumanoarashi","Hagurumanoarashi","Hagurumanoarashi","はぐるまのあらし","はぐるまのあらし","digimon_story_ds","striker","neutral","{""shape"":""diamond"",""min"":1,""max"":3,""requiresLineOfSight"":false}","{""shape"":""single"",""radius"":0}","46","100","8","34","[{""type"":""damage""}]","swift","neutral | melee","true","ready"
"puragubomu","Puragubomu","Puragubomu","プラグボム","プラグボム","digimon_story_ds | super_xros_wars","striker","neutral","{""shape"":""diamond"",""min"":1,""max"":3,""requiresLineOfSight"":false}","{""shape"":""single"",""radius"":0}","62","95","13","48","[{""type"":""damage""}]","potent","neutral | melee","true","ready"
"daina_kyanon","Daina Kyanon","Daina Kyanon","ダイナ・キャノン","ダイナ・キャノン","digimon_story_ds | super_xros_wars","striker","neutral","{""shape"":""diamond"",""min"":1,""max"":3,""requiresLineOfSight"":false}","{""shape"":""single"",""radius"":0}","80","90","22","70","[{""type"":""damage""}]","potent","neutral | melee","false","requires_digixros"
"kuritikaruaamu","Kuritikaruaamu","Kuritikaruaamu","クリティカルアーム","クリティカルアーム","digimon_story_ds","striker","neutral","{""shape"":""diamond"",""min"":1,""max"":3,""requiresLineOfSight"":false}","{""shape"":""single"",""radius"":0}","80","90","22","70","[{""type"":""damage""}]","potent","neutral | melee","true","ready"
"daakunesugia","Daakunesugia","Daakunesugia","ダークネスギア","ダークネスギア","digimon_story_ds | super_xros_wars","striker","neutral","{""shape"":""diamond"",""min"":1,""max"":3,""requiresLineOfSight"":false}","{""shape"":""single"",""radius"":0}","46","100","8","34","[{""type"":""damage""}]","swift","neutral | melee","true","ready"
"renzokuunchinage","Renzokuunchinage","Renzokuunchinage","れんぞくウンチなげ","れんぞくウンチなげ","digimon_story_ds","striker","neutral","{""shape"":""diamond"",""min"":1,""max"":3,""requiresLineOfSight"":false}","{""shape"":""single"",""radius"":0}","46","100","8","34","[{""type"":""damage""}]","swift","neutral | melee","true","ready"
"reametaruunchi","Reametaruunchi","Reametaruunchi","レアメタルウンチ","レアメタルウンチ","digimon_story_ds","striker","neutral","{""shape"":""diamond"",""min"":1,""max"":3,""requiresLineOfSight"":false}","{""shape"":""single"",""radius"":0}","46","100","8","34","[{""type"":""damage""}]","swift","neutral | melee","true","ready"
"desuchaamu","Desuchaamu","Desuchaamu","デスチャーム","デスチャーム","digimon_story_ds | super_xros_wars","striker","neutral","{""shape"":""diamond"",""min"":1,""max"":3,""requiresLineOfSight"":false}","{""shape"":""single"",""radius"":0}","46","100","8","34","[{""type"":""damage""}]","swift","neutral | melee","false","requires_digixros"
"akumanobansan","Akumanobansan","Akumanobansan","あくまのばんさん","あくまのばんさん","digimon_story_ds","striker","neutral","{""shape"":""diamond"",""min"":1,""max"":3,""requiresLineOfSight"":false}","{""shape"":""single"",""radius"":0}","46","100","8","34","[{""type"":""damage""}]","swift","neutral | melee","true","ready"
"majinnoichigeki","Majinnoichigeki","Majinnoichigeki","まじんのいちげき","まじんのいちげき","digimon_story_ds","striker","neutral","{""shape"":""diamond"",""min"":1,""max"":3,""requiresLineOfSight"":false}","{""shape"":""single"",""radius"":0}","80","90","22","70","[{""type"":""damage""}]","potent","neutral | melee","true","ready"
"unchiparadaisu","Unchiparadaisu","Unchiparadaisu","ウンチパラダイス","ウンチパラダイス","digimon_story_ds | super_xros_wars","striker","neutral","{""shape"":""diamond"",""min"":1,""max"":3,""requiresLineOfSight"":false}","{""shape"":""single"",""radius"":0}","46","100","8","34","[{""type"":""damage""}]","swift","neutral | melee","true","ready"
"ddizasutaa","Ddizasutaa","Ddizasutaa","Dディザスター","Dディザスター","digimon_story_ds","striker","neutral","{""shape"":""diamond"",""min"":1,""max"":3,""requiresLineOfSight"":false}","{""shape"":""single"",""radius"":0}","80","90","22","70","[{""type"":""damage""}]","potent","neutral | melee","true","ready"
"judekkapurizun","Judekkapurizun","Judekkapurizun","ジュデッカプリズン","ジュデッカプリズン","digimon_story_ds | super_xros_wars","striker","neutral","{""shape"":""diamond"",""min"":1,""max"":3,""requiresLineOfSight"":false}","{""shape"":""single"",""radius"":0}","80","90","22","70","[{""type"":""damage""}]","potent","neutral | melee","false","requires_digixros"
"desusuringaa","Desusuringaa","Desusuringaa","デススリンガー","デススリンガー","digimon_story_ds","striker","neutral","{""shape"":""diamond"",""min"":1,""max"":3,""requiresLineOfSight"":false}","{""shape"":""single"",""radius"":0}","80","90","22","70","[{""type"":""damage""}]","potent","neutral | melee","true","ready"
"gurandokurosu","Gurandokurosu","Gurandokurosu","グランドクロス","グランドクロス","digimon_story_ds | super_xros_wars","striker","neutral","{""shape"":""diamond"",""min"":1,""max"":3,""requiresLineOfSight"":false}","{""shape"":""single"",""radius"":0}","46","100","8","34","[{""type"":""damage""}]","swift","neutral | melee","true","ready"
"hooriiroddo","Hooriiroddo","Hooriiroddo","ホーリーロッド","ホーリーロッド","digimon_story_ds","striker","neutral","{""shape"":""diamond"",""min"":1,""max"":3,""requiresLineOfSight"":false}","{""shape"":""single"",""radius"":0}","46","100","8","34","[{""type"":""damage""}]","swift","neutral | melee","true","ready"
"tiida_iya","Tiida Iya","Tiida Iya","ティーダ・イヤ","ティーダ・イヤ","digimon_story_ds | super_xros_wars","striker","neutral","{""shape"":""diamond"",""min"":1,""max"":3,""requiresLineOfSight"":false}","{""shape"":""single"",""radius"":0}","46","100","8","34","[{""type"":""damage""}]","swift","neutral | melee","false","requires_digixros"
"seiginotettsui","Seiginotettsui","Seiginotettsui","せいぎのてっつい","せいぎのてっつい","digimon_story_ds","striker","neutral","{""shape"":""diamond"",""min"":1,""max"":3,""requiresLineOfSight"":false}","{""shape"":""single"",""radius"":0}","80","90","22","70","[{""type"":""damage""}]","potent","neutral | melee","true","ready"
"tenshinoikari","Tenshinoikari","Tenshinoikari","てんしのいかり","てんしのいかり","digimon_story_ds","striker","neutral","{""shape"":""diamond"",""min"":1,""max"":3,""requiresLineOfSight"":false}","{""shape"":""single"",""radius"":0}","46","100","8","34","[{""type"":""damage""}]","swift","neutral | melee","true","ready"
"ekusukyaribaa","Ekusukyaribaa","Ekusukyaribaa","エクスキャリバー","エクスキャリバー","digimon_story_ds","striker","neutral","{""shape"":""diamond"",""min"":1,""max"":3,""requiresLineOfSight"":false}","{""shape"":""single"",""radius"":0}","62","95","13","48","[{""type"":""damage""}]","potent","neutral | melee","true","ready"
"ku_vadisu","Ku Vadisu","Ku Vadisu","クォ・ヴァディス","クォ・ヴァディス","digimon_story_ds | super_xros_wars","striker","neutral","{""shape"":""diamond"",""min"":1,""max"":3,""requiresLineOfSight"":false}","{""shape"":""single"",""radius"":0}","80","90","22","70","[{""type"":""damage""}]","potent","neutral | melee","true","ready"
"doramonkiraa","Doramonkiraa","Doramonkiraa","ドラモンキラー","ドラモンキラー","digimon_story_ds","striker","neutral","{""shape"":""diamond"",""min"":1,""max"":3,""requiresLineOfSight"":false}","{""shape"":""single"",""radius"":0}","80","90","22","70","[{""type"":""damage""}]","potent","neutral | melee","true","ready"
"uraizuna","Uraizuna","Uraizuna","うらイヅナ","うらイヅナ","digimon_story_ds","striker","neutral","{""shape"":""diamond"",""min"":1,""max"":3,""requiresLineOfSight"":false}","{""shape"":""single"",""radius"":0}","80","90","22","70","[{""type"":""damage""}]","potent","neutral | melee","true","ready"
"fotonbomu","Fotonbomu","Fotonbomu","フォトンボム","フォトンボム","digimon_story_ds","striker","neutral","{""shape"":""diamond"",""min"":1,""max"":3,""requiresLineOfSight"":false}","{""shape"":""single"",""radius"":0}","62","95","13","48","[{""type"":""damage""}]","potent","neutral | melee","true","ready"
"fotonrein","Fotonrein","Fotonrein","フォトンレイン","フォトンレイン","digimon_story_ds","striker","neutral","{""shape"":""diamond"",""min"":1,""max"":3,""requiresLineOfSight"":false}","{""shape"":""single"",""radius"":0}","62","95","13","48","[{""type"":""damage""}]","potent","neutral | melee","true","ready"
"fotonnova","Fotonnova","Fotonnova","フォトンノヴァ","フォトンノヴァ","digimon_story_ds","striker","neutral","{""shape"":""diamond"",""min"":1,""max"":3,""requiresLineOfSight"":false}","{""shape"":""single"",""radius"":0}","62","95","13","48","[{""type"":""damage""}]","potent","neutral | melee","true","ready"
"ban_tyobureido","BAN TYObureido","BAN TYObureido","BAN-TYOブレイド","BAN-TYOブレイド","super_xros_wars","area_damage","neutral","{""shape"":""diamond"",""min"":1,""max"":3,""requiresLineOfSight"":false}","{""shape"":""diamond"",""radius"":1}","37","100","12","34","[{""type"":""damage""}]","swift","neutral | projectile","true","ready"
"aakutikkuburizaado","Aakutikkuburizaado","Aakutikkuburizaado","アークティックブリザード","アークティックブリザード","super_xros_wars","area_damage","neutral","{""shape"":""diamond"",""min"":1,""max"":3,""requiresLineOfSight"":false}","{""shape"":""diamond"",""radius"":1}","22","100","16","34","[{""type"":""damage""},{""type"":""status"",""status"":""confusion"",""chance"":25,""duration"":3}]","efficient","neutral | projectile","false","requires_digixros"
"aajentofiaa","Aajentofiaa","Aajentofiaa","アージェントフィアー","アージェントフィアー","super_xros_wars","striker","light","{""shape"":""diamond"",""min"":1,""max"":3,""requiresLineOfSight"":false}","{""shape"":""single"",""radius"":0}","46","100","8","34","[{""type"":""damage""}]","swift","light | melee","true","ready"
"aamubankaa","Aamubankaa","Aamubankaa","アームバンカー","アームバンカー","super_xros_wars","striker","neutral","{""shape"":""diamond"",""min"":1,""max"":3,""requiresLineOfSight"":false}","{""shape"":""single"",""radius"":0}","46","100","8","34","[{""type"":""damage""}]","swift","neutral | melee","true","ready"
"aiobunaitomea","Aiobunaitomea","Aiobunaitomea","アイオブナイトメア","アイオブナイトメア","super_xros_wars","area_damage","neutral","{""shape"":""diamond"",""min"":1,""max"":3,""requiresLineOfSight"":false}","{""shape"":""diamond"",""radius"":1}","22","100","16","34","[{""type"":""damage""},{""type"":""status"",""status"":""paralysis"",""chance"":25,""duration"":3}]","efficient","neutral | projectile","true","ready"
"aishiishawaa","Aishiishawaa","Aishiishawaa","アイシーシャワー","アイシーシャワー","super_xros_wars","area_damage","neutral","{""shape"":""diamond"",""min"":1,""max"":3,""requiresLineOfSight"":false}","{""shape"":""diamond"",""radius"":1}","37","100","12","34","[{""type"":""damage""}]","swift","neutral | projectile","true","ready"
"aisukamukamu","Aisukamukamu","Aisukamukamu","アイスカムカム","アイスカムカム","super_xros_wars","striker","neutral","{""shape"":""diamond"",""min"":1,""max"":3,""requiresLineOfSight"":false}","{""shape"":""single"",""radius"":0}","46","100","8","34","[{""type"":""damage""}]","swift","neutral | melee","true","ready"
"aisutsubute","Aisutsubute","Aisutsubute","アイスつぶて","アイスつぶて","super_xros_wars","striker","neutral","{""shape"":""diamond"",""min"":1,""max"":3,""requiresLineOfSight"":false}","{""shape"":""single"",""radius"":0}","46","100","8","34","[{""type"":""damage""}]","swift","neutral | melee","true","ready"
"aisufantomu","Aisufantomu","Aisufantomu","アイスファントム","アイスファントム","super_xros_wars","striker","fire","{""shape"":""diamond"",""min"":1,""max"":3,""requiresLineOfSight"":false}","{""shape"":""single"",""radius"":0}","31","100","12","34","[{""type"":""damage""},{""type"":""status"",""status"":""data_mark"",""chance"":25,""duration"":3}]","reliable_effect","fire | melee","true","ready"
"aisurezorubu","Aisurezorubu","Aisurezorubu","アイスレゾルブ","アイスレゾルブ","super_xros_wars","striker","neutral","{""shape"":""diamond"",""min"":1,""max"":3,""requiresLineOfSight"":false}","{""shape"":""single"",""radius"":0}","31","100","12","34","[{""type"":""damage""},{""type"":""status"",""status"":""data_mark"",""chance"":25,""duration"":3}]","reliable_effect","neutral | melee","true","ready"
"aususutaaben","Aususutaaben","Aususutaaben","アウススターベン","アウススターベン","super_xros_wars","striker","light","{""shape"":""diamond"",""min"":1,""max"":3,""requiresLineOfSight"":false}","{""shape"":""single"",""radius"":0}","31","100","12","34","[{""type"":""damage""},{""type"":""status"",""status"":""doom"",""chance"":25,""duration"":3}]","reliable_effect","light | melee","false","requires_digixros"
"akuareiji","Akuareiji","Akuareiji","アクアレイジ","アクアレイジ","super_xros_wars","striker","neutral","{""shape"":""diamond"",""min"":1,""max"":3,""requiresLineOfSight"":false}","{""shape"":""single"",""radius"":0}","31","100","12","34","[{""type"":""damage""},{""type"":""status"",""status"":""poison"",""chance"":25,""duration"":3}]","reliable_effect","neutral | melee","true","ready"
"ashiddotaifuun","Ashiddotaifuun","Ashiddotaifuun","アシッドタイフーン","アシッドタイフーン","super_xros_wars","striker","dark","{""shape"":""diamond"",""min"":1,""max"":3,""requiresLineOfSight"":false}","{""shape"":""single"",""radius"":0}","46","100","8","34","[{""type"":""damage""}]","swift","dark | melee","true","ready"
"asenshonhaaroo","Asenshonhaaroo","Asenshonhaaroo","アセンションハーロー","アセンションハーロー","super_xros_wars","area_damage","neutral","{""shape"":""diamond"",""min"":1,""max"":3,""requiresLineOfSight"":false}","{""shape"":""diamond"",""radius"":1}","37","100","12","34","[{""type"":""damage""}]","swift","neutral | projectile","true","ready"
"atomikkuburasutaa","Atomikkuburasutaa","Atomikkuburasutaa","アトミックブラスター","アトミックブラスター","super_xros_wars","area_damage","fire","{""shape"":""diamond"",""min"":1,""max"":3,""requiresLineOfSight"":false}","{""shape"":""diamond"",""radius"":1}","37","100","12","34","[{""type"":""damage""}]","swift","fire | projectile","false","requires_digixros"
"amaitoiki","Amaitoiki","Amaitoiki","あまいといき","あまいといき","super_xros_wars","area_damage","neutral","{""shape"":""diamond"",""min"":1,""max"":3,""requiresLineOfSight"":false}","{""shape"":""diamond"",""radius"":1}","22","100","16","34","[{""type"":""damage""},{""type"":""status"",""status"":""speed_down"",""chance"":25,""duration"":3}]","efficient","neutral | projectile","true","ready"
"arakunobatoto","Arakunobatoto","Arakunobatoto","アラクノバトト","アラクノバトト","super_xros_wars","striker","neutral","{""shape"":""diamond"",""min"":1,""max"":3,""requiresLineOfSight"":false}","{""shape"":""single"",""radius"":0}","46","100","8","34","[{""type"":""damage""}]","swift","neutral | melee","true","ready"
"arutimettosutoriimu","Arutimettosutoriimu","Arutimettosutoriimu","アルティメットストリーム","アルティメットストリーム","super_xros_wars","area_damage","neutral","{""shape"":""diamond"",""min"":1,""max"":3,""requiresLineOfSight"":false}","{""shape"":""diamond"",""radius"":1}","37","100","12","34","[{""type"":""damage""}]","swift","neutral | projectile","false","requires_digixros"
"arutimettosuraisaa","Arutimettosuraisaa","Arutimettosuraisaa","アルティメットスライサー","アルティメットスライサー","super_xros_wars","striker","electric","{""shape"":""diamond"",""min"":1,""max"":3,""requiresLineOfSight"":false}","{""shape"":""single"",""radius"":0}","31","100","12","34","[{""type"":""damage""},{""type"":""status"",""status"":""def_down"",""chance"":25,""duration"":3}]","reliable_effect","electric | melee","true","ready"
"arutimettofurea","Arutimettofurea","Arutimettofurea","アルティメットフレア","アルティメットフレア","super_xros_wars","striker","fire","{""shape"":""diamond"",""min"":1,""max"":3,""requiresLineOfSight"":false}","{""shape"":""single"",""radius"":0}","46","100","8","34","[{""type"":""damage""}]","swift","fire | melee","false","requires_digixros"
"arufoosu_vseibaa","Arufoosu Vseibaa","Arufoosu Vseibaa","アルフォースVセイバー","アルフォースVセイバー","super_xros_wars","striker","light","{""shape"":""diamond"",""min"":1,""max"":3,""requiresLineOfSight"":false}","{""shape"":""single"",""radius"":0}","46","100","8","34","[{""type"":""damage""}]","swift","light | melee","false","requires_digixros"
"aroo_obu_aporo","Aroo Obu Aporo","Aroo Obu Aporo","アロー・オブ・アポロ","アロー・オブ・アポロ","super_xros_wars","striker","neutral","{""shape"":""diamond"",""min"":1,""max"":3,""requiresLineOfSight"":false}","{""shape"":""single"",""radius"":0}","31","100","12","34","[{""type"":""damage""},{""type"":""status"",""status"":""data_mark"",""chance"":25,""duration"":3}]","reliable_effect","neutral | melee","true","ready"
"andeddosorujaa","Andeddosorujaa","Andeddosorujaa","アンデッドソルジャー","アンデッドソルジャー","super_xros_wars","striker","neutral","{""shape"":""diamond"",""min"":1,""max"":3,""requiresLineOfSight"":false}","{""shape"":""single"",""radius"":0}","31","100","12","34","[{""type"":""damage""},{""type"":""status"",""status"":""atk_up"",""chance"":25,""duration"":3}]","reliable_effect","neutral | melee","true","ready"
"anbusshukuranchi","Anbusshukuranchi","Anbusshukuranchi","アンブッシュクランチ","アンブッシュクランチ","super_xros_wars","striker","neutral","{""shape"":""diamond"",""min"":1,""max"":3,""requiresLineOfSight"":false}","{""shape"":""single"",""radius"":0}","46","100","8","34","[{""type"":""damage""}]","swift","neutral | melee","false","requires_digixros"
"ionburasutaa","Ionburasutaa","Ionburasutaa","イオンブラスター","イオンブラスター","super_xros_wars","striker","neutral","{""shape"":""diamond"",""min"":1,""max"":3,""requiresLineOfSight"":false}","{""shape"":""single"",""radius"":0}","31","100","12","34","[{""type"":""damage""},{""type"":""status"",""status"":""def_down"",""chance"":25,""duration"":3}]","reliable_effect","neutral | melee","true","ready"
"ichigodesu","Ichigodesu","Ichigodesu","イチゴデス","イチゴデス","super_xros_wars","striker","neutral","{""shape"":""diamond"",""min"":1,""max"":3,""requiresLineOfSight"":false}","{""shape"":""single"",""radius"":0}","31","100","12","34","[{""type"":""damage""},{""type"":""status"",""status"":""paralysis"",""chance"":25,""duration"":3}]","reliable_effect","neutral | melee","true","ready"
"ichinotachi","Ichinotachi","Ichinotachi","いちのたち","いちのたち","super_xros_wars","striker","neutral","{""shape"":""diamond"",""min"":1,""max"":3,""requiresLineOfSight"":false}","{""shape"":""single"",""radius"":0}","46","100","8","34","[{""type"":""damage""}]","swift","neutral | melee","true","ready"
"iyashinomizu","Iyashinomizu","Iyashinomizu","いやしのみず","いやしのみず","super_xros_wars","healing","neutral","{""shape"":""diamond"",""min"":0,""max"":3,""requiresLineOfSight"":false}","{""shape"":""single"",""radius"":0}","30","100","10","38","[{""type"":""heal"",""percentMaxHp"":30}]","potent","neutral | healing","true","ready"
"iryuujonmisuto","Iryuujonmisuto","Iryuujonmisuto","イリュージョンミスト","イリュージョンミスト","super_xros_wars","area_damage","electric","{""shape"":""diamond"",""min"":1,""max"":3,""requiresLineOfSight"":false}","{""shape"":""diamond"",""radius"":1}","22","100","16","34","[{""type"":""damage""},{""type"":""status"",""status"":""confusion"",""chance"":25,""duration"":3}]","efficient","electric | projectile","false","requires_digixros"
"insekusuoomu","Insekusuoomu","Insekusuoomu","インセクスオーム","インセクスオーム","super_xros_wars","area_damage","neutral","{""shape"":""diamond"",""min"":1,""max"":3,""requiresLineOfSight"":false}","{""shape"":""diamond"",""radius"":1}","22","100","16","34","[{""type"":""damage""},{""type"":""status"",""status"":""atk_down"",""chance"":25,""duration"":3}]","efficient","neutral | projectile","true","ready"
"inbinshiburusoodo","Inbinshiburusoodo","Inbinshiburusoodo","インビンシブルソード","インビンシブルソード","super_xros_wars","striker","neutral","{""shape"":""diamond"",""min"":1,""max"":3,""requiresLineOfSight"":false}","{""shape"":""single"",""radius"":0}","46","100","8","34","[{""type"":""damage""}]","swift","neutral | melee","false","requires_digixros"
"infinitiaroo","Infinitiaroo","Infinitiaroo","インフィニティアロー","インフィニティアロー","super_xros_wars","area_damage","neutral","{""shape"":""diamond"",""min"":1,""max"":3,""requiresLineOfSight"":false}","{""shape"":""diamond"",""radius"":1}","22","100","16","34","[{""type"":""damage""},{""type"":""status"",""status"":""poison"",""chance"":25,""duration"":3}]","efficient","neutral | projectile","false","requires_digixros"
"inferunogeeto","Inferunogeeto","Inferunogeeto","インフェルノゲート","インフェルノゲート","super_xros_wars","area_damage","fire","{""shape"":""diamond"",""min"":1,""max"":3,""requiresLineOfSight"":false}","{""shape"":""diamond"",""radius"":1}","37","100","12","34","[{""type"":""damage""}]","swift","fire | projectile","true","ready"
"vaamubureizu","Vaamubureizu","Vaamubureizu","ヴァームブレイズ","ヴァームブレイズ","super_xros_wars","striker","neutral","{""shape"":""diamond"",""min"":1,""max"":3,""requiresLineOfSight"":false}","{""shape"":""single"",""radius"":0}","46","100","8","34","[{""type"":""damage""}]","swift","neutral | melee","true","ready"
"vajura","Vajura","Vajura","ヴァジュラ","ヴァジュラ","super_xros_wars","area_damage","neutral","{""shape"":""diamond"",""min"":1,""max"":3,""requiresLineOfSight"":false}","{""shape"":""diamond"",""radius"":1}","22","100","16","34","[{""type"":""damage""},{""type"":""status"",""status"":""int_down"",""chance"":25,""duration"":3}]","efficient","neutral | projectile","true","ready"
"vanpaiadansu","Vanpaiadansu","Vanpaiadansu","ヴァンパイアダンス","ヴァンパイアダンス","super_xros_wars","striker","neutral","{""shape"":""diamond"",""min"":1,""max"":3,""requiresLineOfSight"":false}","{""shape"":""single"",""radius"":0}","46","100","8","34","[{""type"":""damage""}]","swift","neutral | melee","false","requires_digixros"
"wisshuaponasutaa","Wisshuaponasutaa","Wisshuaponasutaa","ウィッシュアポンアスター","ウィッシュアポンアスター","super_xros_wars","striker","neutral","{""shape"":""diamond"",""min"":1,""max"":3,""requiresLineOfSight"":false}","{""shape"":""single"",""radius"":0}","31","100","12","34","[{""type"":""damage""},{""type"":""status"",""status"":""speed_down"",""chance"":25,""duration"":3}]","reliable_effect","neutral | melee","true","ready"
"winguejji","Winguejji","Winguejji","ウィングエッジ","ウィングエッジ","super_xros_wars","striker","light","{""shape"":""diamond"",""min"":1,""max"":3,""requiresLineOfSight"":false}","{""shape"":""single"",""radius"":0}","46","100","8","34","[{""type"":""damage""}]","swift","light | melee","true","ready"
"venomuinfyuuzu","Venomuinfyuuzu","Venomuinfyuuzu","ヴェノムインフューズ","ヴェノムインフューズ","super_xros_wars","striker","neutral","{""shape"":""diamond"",""min"":1,""max"":3,""requiresLineOfSight"":false}","{""shape"":""single"",""radius"":0}","46","100","8","34","[{""type"":""damage""}]","swift","neutral | melee","false","requires_digixros"
"wootaajetto","Wootaajetto","Wootaajetto","ウォータージェット","ウォータージェット","super_xros_wars","striker","water","{""shape"":""diamond"",""min"":1,""max"":3,""requiresLineOfSight"":false}","{""shape"":""single"",""radius"":0}","46","100","8","34","[{""type"":""damage""}]","swift","water | melee","true","ready"
"vorukeenosutoraiku_s","Vorukeenosutoraiku S","Vorukeenosutoraiku S","ヴォルケーノストライクS","ヴォルケーノストライクS","super_xros_wars","area_damage","neutral","{""shape"":""diamond"",""min"":1,""max"":3,""requiresLineOfSight"":false}","{""shape"":""diamond"",""radius"":1}","37","100","12","34","[{""type"":""damage""}]","swift","neutral | projectile","true","ready"
"utsukushiiutagoe","Utsukushiiutagoe","Utsukushiiutagoe","うつくしいうたごえ","うつくしいうたごえ","super_xros_wars","area_damage","neutral","{""shape"":""diamond"",""min"":1,""max"":3,""requiresLineOfSight"":false}","{""shape"":""diamond"",""radius"":1}","37","100","12","34","[{""type"":""damage""}]","swift","neutral | projectile","true","ready"
"urutorasonikkuweebu","Urutorasonikkuweebu","Urutorasonikkuweebu","ウルトラソニックウェーブ","ウルトラソニックウェーブ","super_xros_wars","area_damage","light","{""shape"":""diamond"",""min"":1,""max"":3,""requiresLineOfSight"":false}","{""shape"":""diamond"",""radius"":1}","37","100","12","34","[{""type"":""damage""}]","swift","light | projectile","true","ready"
"unchibazuuka","Unchibazuuka","Unchibazuuka","ウンチバズーカ","ウンチバズーカ","super_xros_wars","striker","neutral","{""shape"":""diamond"",""min"":1,""max"":3,""requiresLineOfSight"":false}","{""shape"":""single"",""radius"":0}","46","100","8","34","[{""type"":""damage""}]","swift","neutral | melee","true","ready"
"eakattaa","Eakattaa","Eakattaa","エアカッター","エアカッター","super_xros_wars","striker","neutral","{""shape"":""diamond"",""min"":1,""max"":3,""requiresLineOfSight"":false}","{""shape"":""single"",""radius"":0}","31","100","12","34","[{""type"":""damage""},{""type"":""status"",""status"":""speed_down"",""chance"":25,""duration"":3}]","reliable_effect","neutral | melee","true","ready"
"eashuutaa","Eashuutaa","Eashuutaa","エアシューター","エアシューター","super_xros_wars","striker","light","{""shape"":""diamond"",""min"":1,""max"":3,""requiresLineOfSight"":false}","{""shape"":""single"",""radius"":0}","46","100","8","34","[{""type"":""damage""}]","swift","light | melee","true","ready"
"easuraisaa","Easuraisaa","Easuraisaa","エアスライサー","エアスライサー","super_xros_wars","striker","neutral","{""shape"":""diamond"",""min"":1,""max"":3,""requiresLineOfSight"":false}","{""shape"":""single"",""radius"":0}","46","100","8","34","[{""type"":""damage""}]","swift","neutral | melee","true","ready"
"ekusutoriimu_jihaado","Ekusutoriimu Jihaado","Ekusutoriimu Jihaado","エクストリーム・ジハード","エクストリーム・ジハード","super_xros_wars","area_damage","light","{""shape"":""diamond"",""min"":1,""max"":3,""requiresLineOfSight"":false}","{""shape"":""diamond"",""radius"":1}","37","100","12","34","[{""type"":""damage""}]","swift","light | projectile","false","requires_digixros"
"etaanaru_niruvaana","Etaanaru Niruvaana","Etaanaru Niruvaana","エターナル・ニルヴァーナ","エターナル・ニルヴァーナ","super_xros_wars","area_damage","neutral","{""shape"":""diamond"",""min"":1,""max"":3,""requiresLineOfSight"":false}","{""shape"":""diamond"",""radius"":1}","22","100","16","34","[{""type"":""damage""},{""type"":""status"",""status"":""doom"",""chance"":25,""duration"":3}]","efficient","neutral | projectile","false","requires_digixros"
"erekutorikkubaindo","Erekutorikkubaindo","Erekutorikkubaindo","エレクトリックバインド","エレクトリックバインド","super_xros_wars","striker","neutral","{""shape"":""diamond"",""min"":1,""max"":3,""requiresLineOfSight"":false}","{""shape"":""single"",""radius"":0}","31","100","12","34","[{""type"":""damage""},{""type"":""status"",""status"":""paralysis"",""chance"":25,""duration"":3}]","reliable_effect","neutral | melee","true","ready"
"erementaruboruto","Erementaruboruto","Erementaruboruto","エレメンタルボルト","エレメンタルボルト","super_xros_wars","area_damage","neutral","{""shape"":""diamond"",""min"":1,""max"":3,""requiresLineOfSight"":false}","{""shape"":""diamond"",""radius"":1}","37","100","12","34","[{""type"":""damage""}]","swift","neutral | projectile","true","ready"
"engachokikku","Engachokikku","Engachokikku","エンガチョキック","エンガチョキック","super_xros_wars","striker","neutral","{""shape"":""diamond"",""min"":1,""max"":3,""requiresLineOfSight"":false}","{""shape"":""single"",""radius"":0}","31","100","12","34","[{""type"":""damage""},{""type"":""status"",""status"":""confusion"",""chance"":25,""duration"":3}]","reliable_effect","neutral | melee","true","ready"
"endingusunaipu","Endingusunaipu","Endingusunaipu","エンディングスナイプ","エンディングスナイプ","super_xros_wars","striker","electric","{""shape"":""diamond"",""min"":1,""max"":3,""requiresLineOfSight"":false}","{""shape"":""single"",""radius"":0}","31","100","12","34","[{""type"":""damage""},{""type"":""status"",""status"":""confusion"",""chance"":25,""duration"":3}]","reliable_effect","electric | melee","true","ready"
"oodinzuburesu","Oodinzuburesu","Oodinzuburesu","オーディンズブレス","オーディンズブレス","super_xros_wars","area_damage","neutral","{""shape"":""diamond"",""min"":1,""max"":3,""requiresLineOfSight"":false}","{""shape"":""diamond"",""radius"":1}","37","100","12","34","[{""type"":""damage""}]","swift","neutral | projectile","false","requires_digixros"
"oororaanjureeshon","Oororaanjureeshon","Oororaanjureeshon","オーロラアンジュレーション","オーロラアンジュレーション","super_xros_wars","area_damage","light","{""shape"":""diamond"",""min"":1,""max"":3,""requiresLineOfSight"":false}","{""shape"":""diamond"",""radius"":1}","37","100","12","34","[{""type"":""damage""}]","swift","light | projectile","false","requires_digixros"
"oororabureizaa","Oororabureizaa","Oororabureizaa","オーロラブレイザー","オーロラブレイザー","super_xros_wars","area_damage","neutral","{""shape"":""diamond"",""min"":1,""max"":3,""requiresLineOfSight"":false}","{""shape"":""diamond"",""radius"":1}","22","100","16","34","[{""type"":""damage""},{""type"":""status"",""status"":""paralysis"",""chance"":25,""duration"":3}]","efficient","neutral | projectile","false","requires_digixros"
"kaasuobuku_un","Kaasuobuku Un","Kaasuobuku Un","カースオブクィーン","カースオブクィーン","super_xros_wars","area_damage","neutral","{""shape"":""diamond"",""min"":1,""max"":3,""requiresLineOfSight"":false}","{""shape"":""diamond"",""radius"":1}","22","100","16","34","[{""type"":""damage""},{""type"":""status"",""status"":""doom"",""chance"":25,""duration"":3}]","efficient","neutral | projectile","true","ready"
"kaasukurimuzon","Kaasukurimuzon","Kaasukurimuzon","カースクリムゾン","カースクリムゾン","super_xros_wars","striker","neutral","{""shape"":""diamond"",""min"":1,""max"":3,""requiresLineOfSight"":false}","{""shape"":""single"",""radius"":0}","31","100","12","34","[{""type"":""damage""},{""type"":""status"",""status"":""poison"",""chance"":25,""duration"":3}]","reliable_effect","neutral | melee","true","ready"
"gaadosherutaa","Gaadosherutaa","Gaadosherutaa","ガードシェルター","ガードシェルター","super_xros_wars","striker","neutral","{""shape"":""diamond"",""min"":1,""max"":3,""requiresLineOfSight"":false}","{""shape"":""single"",""radius"":0}","31","100","12","34","[{""type"":""damage""},{""type"":""status"",""status"":""int_up"",""chance"":25,""duration"":3}]","reliable_effect","neutral | melee","true","ready"
"gaiafoosu_daaku","Gaiafoosu Daaku","Gaiafoosu Daaku","ガイアフォース・ダーク","ガイアフォース・ダーク","super_xros_wars","area_damage","dark","{""shape"":""diamond"",""min"":1,""max"":3,""requiresLineOfSight"":false}","{""shape"":""diamond"",""radius"":1}","37","100","12","34","[{""type"":""damage""}]","swift","dark | projectile","true","ready"
"gaiariakutaa","Gaiariakutaa","Gaiariakutaa","ガイアリアクター","ガイアリアクター","super_xros_wars","area_damage","neutral","{""shape"":""diamond"",""min"":1,""max"":3,""requiresLineOfSight"":false}","{""shape"":""diamond"",""radius"":1}","37","100","12","34","[{""type"":""damage""}]","swift","neutral | projectile","false","requires_digixros"
"kaizaafenikkusu","Kaizaafenikkusu","Kaizaafenikkusu","カイザーフェニックス","カイザーフェニックス","super_xros_wars","striker","light","{""shape"":""diamond"",""min"":1,""max"":3,""requiresLineOfSight"":false}","{""shape"":""single"",""radius"":0}","46","100","8","34","[{""type"":""damage""}]","swift","light | melee","false","requires_digixros"
"kaosukurasshaa","Kaosukurasshaa","Kaosukurasshaa","カオスクラッシャー","カオスクラッシャー","super_xros_wars","striker","neutral","{""shape"":""diamond"",""min"":1,""max"":3,""requiresLineOfSight"":false}","{""shape"":""single"",""radius"":0}","46","100","8","34","[{""type"":""damage""}]","swift","neutral | melee","true","ready"
"kazaguruma","Kazaguruma","Kazaguruma","かざぐるま","かざぐるま","super_xros_wars","striker","wind","{""shape"":""diamond"",""min"":1,""max"":3,""requiresLineOfSight"":false}","{""shape"":""single"",""radius"":0}","46","100","8","34","[{""type"":""damage""}]","swift","wind | melee","true","ready"
"katasutorofiikanon","Katasutorofiikanon","Katasutorofiikanon","カタストロフィーカノン","カタストロフィーカノン","super_xros_wars","area_damage","neutral","{""shape"":""diamond"",""min"":1,""max"":3,""requiresLineOfSight"":false}","{""shape"":""diamond"",""radius"":1}","37","100","12","34","[{""type"":""damage""}]","swift","neutral | projectile","false","requires_digixros"
"kadan","Kadan","Kadan","かだん","かだん","super_xros_wars","striker","neutral","{""shape"":""diamond"",""min"":1,""max"":3,""requiresLineOfSight"":false}","{""shape"":""single"",""radius"":0}","46","100","8","34","[{""type"":""damage""}]","swift","neutral | melee","true","ready"
"gatoringumisairu","Gatoringumisairu","Gatoringumisairu","ガトリングミサイル","ガトリングミサイル","super_xros_wars","area_damage","neutral","{""shape"":""diamond"",""min"":1,""max"":3,""requiresLineOfSight"":false}","{""shape"":""diamond"",""radius"":1}","37","100","12","34","[{""type"":""damage""}]","swift","neutral | projectile","true","ready"
"giasupinniidoru","Giasupinniidoru","Giasupinniidoru","ギアスピンニードル","ギアスピンニードル","super_xros_wars","striker","neutral","{""shape"":""diamond"",""min"":1,""max"":3,""requiresLineOfSight"":false}","{""shape"":""single"",""radius"":0}","46","100","8","34","[{""type"":""damage""}]","swift","neutral | melee","true","ready"
"gigaaisurezorubu","Gigaaisurezorubu","Gigaaisurezorubu","ギガアイスレゾルブ","ギガアイスレゾルブ","super_xros_wars","striker","neutral","{""shape"":""diamond"",""min"":1,""max"":3,""requiresLineOfSight"":false}","{""shape"":""single"",""radius"":0}","31","100","12","34","[{""type"":""damage""},{""type"":""status"",""status"":""data_mark"",""chance"":25,""duration"":3}]","reliable_effect","neutral | melee","true","ready"
"gigaasusupairaru","Gigaasusupairaru","Gigaasusupairaru","ギガーススパイラル","ギガーススパイラル","super_xros_wars","striker","neutral","{""shape"":""diamond"",""min"":1,""max"":3,""requiresLineOfSight"":false}","{""shape"":""single"",""radius"":0}","46","100","8","34","[{""type"":""damage""}]","swift","neutral | melee","false","requires_digixros"
"gigasandaarezorubu","Gigasandaarezorubu","Gigasandaarezorubu","ギガサンダーレゾルブ","ギガサンダーレゾルブ","super_xros_wars","striker","neutral","{""shape"":""diamond"",""min"":1,""max"":3,""requiresLineOfSight"":false}","{""shape"":""single"",""radius"":0}","31","100","12","34","[{""type"":""damage""},{""type"":""status"",""status"":""data_mark"",""chance"":25,""duration"":3}]","reliable_effect","neutral | melee","true","ready"
"gigashiidesutoroiyaa","Gigashiidesutoroiyaa","Gigashiidesutoroiyaa","ギガシーデストロイヤー","ギガシーデストロイヤー","super_xros_wars","area_damage","fire","{""shape"":""diamond"",""min"":1,""max"":3,""requiresLineOfSight"":false}","{""shape"":""diamond"",""radius"":1}","37","100","12","34","[{""type"":""damage""}]","swift","fire | projectile","false","requires_digixros"
"gigashadourezorubu","Gigashadourezorubu","Gigashadourezorubu","ギガシャドウレゾルブ","ギガシャドウレゾルブ","super_xros_wars","striker","dark","{""shape"":""diamond"",""min"":1,""max"":3,""requiresLineOfSight"":false}","{""shape"":""single"",""radius"":0}","31","100","12","34","[{""type"":""damage""},{""type"":""status"",""status"":""data_mark"",""chance"":25,""duration"":3}]","reliable_effect","dark | melee","true","ready"
"gigasutikkuransu","Gigasutikkuransu","Gigasutikkuransu","ギガスティックランス","ギガスティックランス","super_xros_wars","striker","neutral","{""shape"":""diamond"",""min"":1,""max"":3,""requiresLineOfSight"":false}","{""shape"":""single"",""radius"":0}","46","100","8","34","[{""type"":""damage""}]","swift","neutral | melee","false","requires_digixros"
"gigadevainrezorubu","Gigadevainrezorubu","Gigadevainrezorubu","ギガデヴァインレゾルブ","ギガデヴァインレゾルブ","super_xros_wars","striker","neutral","{""shape"":""diamond"",""min"":1,""max"":3,""requiresLineOfSight"":false}","{""shape"":""single"",""radius"":0}","31","100","12","34","[{""type"":""damage""},{""type"":""status"",""status"":""data_mark"",""chance"":25,""duration"":3}]","reliable_effect","neutral | melee","true","ready"
"gigadesutoroiyaaregashii","Gigadesutoroiyaaregashii","Gigadesutoroiyaaregashii","ギガデストロイヤーレガシー","ギガデストロイヤーレガシー","super_xros_wars","area_damage","neutral","{""shape"":""diamond"",""min"":1,""max"":3,""requiresLineOfSight"":false}","{""shape"":""diamond"",""radius"":1}","37","100","12","34","[{""type"":""damage""}]","swift","neutral | projectile","false","requires_digixros"
"gigabatorurezorubu","Gigabatorurezorubu","Gigabatorurezorubu","ギガバトルレゾルブ","ギガバトルレゾルブ","super_xros_wars","striker","neutral","{""shape"":""diamond"",""min"":1,""max"":3,""requiresLineOfSight"":false}","{""shape"":""single"",""radius"":0}","31","100","12","34","[{""type"":""damage""},{""type"":""status"",""status"":""data_mark"",""chance"":25,""duration"":3}]","reliable_effect","neutral | melee","true","ready"
"gigahiiruraito","Gigahiiruraito","Gigahiiruraito","ギガヒールライト","ギガヒールライト","super_xros_wars","healing","neutral","{""shape"":""diamond"",""min"":0,""max"":3,""requiresLineOfSight"":false}","{""shape"":""single"",""radius"":0}","30","100","10","38","[{""type"":""heal"",""percentMaxHp"":30}]","potent","neutral | healing","true","ready"
"gigafaiarezorubu","Gigafaiarezorubu","Gigafaiarezorubu","ギガファイアレゾルブ","ギガファイアレゾルブ","super_xros_wars","striker","fire","{""shape"":""diamond"",""min"":1,""max"":3,""requiresLineOfSight"":false}","{""shape"":""single"",""radius"":0}","31","100","12","34","[{""type"":""damage""},{""type"":""status"",""status"":""data_mark"",""chance"":25,""duration"":3}]","reliable_effect","fire | melee","true","ready"
"gigaborutoshotto","Gigaborutoshotto","Gigaborutoshotto","ギガボルトショット","ギガボルトショット","super_xros_wars","striker","electric","{""shape"":""diamond"",""min"":1,""max"":3,""requiresLineOfSight"":false}","{""shape"":""single"",""radius"":0}","46","100","8","34","[{""type"":""damage""}]","swift","electric | melee","true","ready"
"kizunaooru","Kizunaooru","Kizunaooru","キズナオール","キズナオール","super_xros_wars","healing","neutral","{""shape"":""diamond"",""min"":0,""max"":3,""requiresLineOfSight"":false}","{""shape"":""single"",""radius"":0}","30","100","10","38","[{""type"":""heal"",""percentMaxHp"":30}]","potent","neutral | healing","true","ready"
"gyaroppuhooru","Gyaroppuhooru","Gyaroppuhooru","ギャロップホール","ギャロップホール","super_xros_wars","striker","neutral","{""shape"":""diamond"",""min"":1,""max"":3,""requiresLineOfSight"":false}","{""shape"":""single"",""radius"":0}","46","100","8","34","[{""type"":""damage""}]","swift","neutral | melee","true","ready"
"kyuaraito","Kyuaraito","Kyuaraito","キュアライト","キュアライト","super_xros_wars","healing","neutral","{""shape"":""diamond"",""min"":0,""max"":3,""requiresLineOfSight"":false}","{""shape"":""single"",""radius"":0}","30","100","10","38","[{""type"":""heal"",""percentMaxHp"":30}]","potent","neutral | healing","true","ready"
"girutikuroo","Girutikuroo","Girutikuroo","ギルティクロー","ギルティクロー","super_xros_wars","striker","electric","{""shape"":""diamond"",""min"":1,""max"":3,""requiresLineOfSight"":false}","{""shape"":""single"",""radius"":0}","46","100","8","34","[{""type"":""damage""}]","swift","electric | melee","true","ready"
"girutiburakku","Girutiburakku","Girutiburakku","ギルティブラック","ギルティブラック","super_xros_wars","area_damage","neutral","{""shape"":""diamond"",""min"":1,""max"":3,""requiresLineOfSight"":false}","{""shape"":""diamond"",""radius"":1}","22","100","16","34","[{""type"":""damage""},{""type"":""status"",""status"":""poison"",""chance"":25,""duration"":3}]","efficient","neutral | projectile","false","requires_digixros"
"girocheensoo","Girocheensoo","Girocheensoo","ギロチェーンソー","ギロチェーンソー","super_xros_wars","striker","neutral","{""shape"":""diamond"",""min"":1,""max"":3,""requiresLineOfSight"":false}","{""shape"":""single"",""radius"":0}","46","100","8","34","[{""type"":""damage""}]","swift","neutral | melee","true","ready"
"kirofureimu","Kirofureimu","Kirofureimu","キロフレイム","キロフレイム","super_xros_wars","striker","neutral","{""shape"":""diamond"",""min"":1,""max"":3,""requiresLineOfSight"":false}","{""shape"":""single"",""radius"":0}","46","100","8","34","[{""type"":""damage""}]","swift","neutral | melee","true","ready"
"kiwamedaiko","Kiwamedaiko","Kiwamedaiko","きわめだいこ","きわめだいこ","super_xros_wars","striker","neutral","{""shape"":""diamond"",""min"":1,""max"":3,""requiresLineOfSight"":false}","{""shape"":""single"",""radius"":0}","46","100","8","34","[{""type"":""damage""}]","swift","neutral | melee","true","ready"
"kingusutikku","Kingusutikku","Kingusutikku","キングスティック","キングスティック","super_xros_wars","striker","electric","{""shape"":""diamond"",""min"":1,""max"":3,""requiresLineOfSight"":false}","{""shape"":""single"",""radius"":0}","31","100","12","34","[{""type"":""damage""},{""type"":""status"",""status"":""confusion"",""chance"":25,""duration"":3}]","reliable_effect","electric | melee","true","ready"
"kingudasshu","Kingudasshu","Kingudasshu","キングダッシュ","キングダッシュ","super_xros_wars","striker","neutral","{""shape"":""diamond"",""min"":1,""max"":3,""requiresLineOfSight"":false}","{""shape"":""single"",""radius"":0}","31","100","12","34","[{""type"":""damage""},{""type"":""status"",""status"":""speed_up"",""chance"":25,""duration"":3}]","reliable_effect","neutral | melee","true","ready"
"ku_unsutanpu","Ku Unsutanpu","Ku Unsutanpu","クィーンスタンプ","クィーンスタンプ","super_xros_wars","striker","neutral","{""shape"":""diamond"",""min"":1,""max"":3,""requiresLineOfSight"":false}","{""shape"":""single"",""radius"":0}","31","100","12","34","[{""type"":""damage""},{""type"":""status"",""status"":""atk_up"",""chance"":25,""duration"":3}]","reliable_effect","neutral | melee","true","ready"
"guddonaito_muun","Guddonaito Muun","Guddonaito Muun","グッドナイト・ムーン","グッドナイト・ムーン","super_xros_wars","area_damage","light","{""shape"":""diamond"",""min"":1,""max"":3,""requiresLineOfSight"":false}","{""shape"":""diamond"",""radius"":1}","37","100","12","34","[{""type"":""damage""}]","swift","light | projectile","true","ready"
"guraidohoon","Guraidohoon","Guraidohoon","グライドホーン","グライドホーン","super_xros_wars","striker","neutral","{""shape"":""diamond"",""min"":1,""max"":3,""requiresLineOfSight"":false}","{""shape"":""single"",""radius"":0}","46","100","8","34","[{""type"":""damage""}]","swift","neutral | melee","true","ready"
"guraundo_zero","Guraundo Zero","Guraundo Zero","グラウンド・ゼロ","グラウンド・ゼロ","super_xros_wars","striker","fire","{""shape"":""diamond"",""min"":1,""max"":3,""requiresLineOfSight"":false}","{""shape"":""single"",""radius"":0}","46","100","8","34","[{""type"":""damage""}]","swift","fire | melee","true","ready"
"guraundo_zerokai","Guraundo Zerokai","Guraundo Zerokai","グラウンド・ゼロかい","グラウンド・ゼロかい","super_xros_wars","area_damage","neutral","{""shape"":""diamond"",""min"":1,""max"":3,""requiresLineOfSight"":false}","{""shape"":""diamond"",""radius"":1}","37","100","12","34","[{""type"":""damage""}]","swift","neutral | projectile","true","ready"
"kurasshaaboon","Kurasshaaboon","Kurasshaaboon","クラッシャーボーン","クラッシャーボーン","super_xros_wars","striker","neutral","{""shape"":""diamond"",""min"":1,""max"":3,""requiresLineOfSight"":false}","{""shape"":""single"",""radius"":0}","46","100","8","34","[{""type"":""damage""}]","swift","neutral | melee","true","ready"
"kurasshushinfonii","Kurasshushinfonii","Kurasshushinfonii","クラッシュシンフォニー","クラッシュシンフォニー","super_xros_wars","striker","neutral","{""shape"":""diamond"",""min"":1,""max"":3,""requiresLineOfSight"":false}","{""shape"":""single"",""radius"":0}","31","100","12","34","[{""type"":""damage""},{""type"":""status"",""status"":""def_down"",""chance"":25,""duration"":3}]","reliable_effect","neutral | melee","false","requires_digixros"
"kurasshubuumu","Kurasshubuumu","Kurasshubuumu","クラッシュブーム","クラッシュブーム","super_xros_wars","striker","light","{""shape"":""diamond"",""min"":1,""max"":3,""requiresLineOfSight"":false}","{""shape"":""single"",""radius"":0}","46","100","8","34","[{""type"":""damage""}]","swift","light | melee","true","ready"
"guranchaaji","Guranchaaji","Guranchaaji","グランチャージ","グランチャージ","super_xros_wars","striker","neutral","{""shape"":""diamond"",""min"":1,""max"":3,""requiresLineOfSight"":false}","{""shape"":""single"",""radius"":0}","31","100","12","34","[{""type"":""damage""},{""type"":""status"",""status"":""paralysis"",""chance"":25,""duration"":3}]","reliable_effect","neutral | melee","true","ready"
"gurandesubigguban","Gurandesubigguban","Gurandesubigguban","グランデスビッグバン","グランデスビッグバン","super_xros_wars","area_damage","fire","{""shape"":""diamond"",""min"":1,""max"":5,""requiresLineOfSight"":false}","{""shape"":""diamond"",""radius"":2}","30","100","16","46","[{""type"":""damage""}]","efficient","fire | projectile","true","ready"
"gurandokuriketto","Gurandokuriketto","Gurandokuriketto","グランドクリケット","グランドクリケット","super_xros_wars","striker","neutral","{""shape"":""diamond"",""min"":1,""max"":3,""requiresLineOfSight"":false}","{""shape"":""single"",""radius"":0}","31","100","12","34","[{""type"":""damage""},{""type"":""status"",""status"":""confusion"",""chance"":25,""duration"":3}]","reliable_effect","neutral | melee","true","ready"
"kurisutaruburesu","Kurisutaruburesu","Kurisutaruburesu","クリスタルブレス","クリスタルブレス","super_xros_wars","area_damage","dark","{""shape"":""diamond"",""min"":1,""max"":3,""requiresLineOfSight"":false}","{""shape"":""diamond"",""radius"":1}","37","100","12","34","[{""type"":""damage""}]","swift","dark | projectile","true","ready"
"kurisutarureboryuushon","Kurisutarureboryuushon","Kurisutarureboryuushon","クリスタルレボリューション","クリスタルレボリューション","super_xros_wars","area_damage","light","{""shape"":""diamond"",""min"":1,""max"":3,""requiresLineOfSight"":false}","{""shape"":""diamond"",""radius"":1}","37","100","12","34","[{""type"":""damage""}]","swift","light | projectile","false","requires_digixros"
"kurukururekkuuzan","Kurukururekkuuzan","Kurukururekkuuzan","くるくるれっくうざん","くるくるれっくうざん","super_xros_wars","striker","light","{""shape"":""diamond"",""min"":1,""max"":3,""requiresLineOfSight"":false}","{""shape"":""single"",""radius"":0}","31","100","12","34","[{""type"":""damage""},{""type"":""status"",""status"":""data_mark"",""chance"":25,""duration"":3}]","reliable_effect","light | melee","true","ready"
"kurumonnoinori","Kurumonnoinori","Kurumonnoinori","クルモンのいのり","クルモンのいのり","super_xros_wars","healing","light","{""shape"":""diamond"",""min"":0,""max"":3,""requiresLineOfSight"":false}","{""shape"":""single"",""radius"":0}","30","100","10","38","[{""type"":""heal"",""percentMaxHp"":30}]","potent","light | healing","true","ready"
"kureijiisumooku","Kureijiisumooku","Kureijiisumooku","クレイジースモーク","クレイジースモーク","super_xros_wars","area_damage","neutral","{""shape"":""diamond"",""min"":1,""max"":3,""requiresLineOfSight"":false}","{""shape"":""diamond"",""radius"":1}","22","100","16","34","[{""type"":""damage""},{""type"":""status"",""status"":""poison"",""chance"":25,""duration"":3}]","efficient","neutral | projectile","true","ready"
"gureisukurosufuriizaa","Gureisukurosufuriizaa","Gureisukurosufuriizaa","グレイスクロスフリーザー","グレイスクロスフリーザー","super_xros_wars","area_damage","neutral","{""shape"":""diamond"",""min"":1,""max"":3,""requiresLineOfSight"":false}","{""shape"":""diamond"",""radius"":1}","37","100","12","34","[{""type"":""damage""}]","swift","neutral | projectile","true","ready"
"gureito_meirusutoroomu","Gureito Meirusutoroomu","Gureito Meirusutoroomu","グレイト・メイルストローム","グレイト・メイルストローム","super_xros_wars","area_damage","neutral","{""shape"":""diamond"",""min"":1,""max"":3,""requiresLineOfSight"":false}","{""shape"":""diamond"",""radius"":1}","37","100","12","34","[{""type"":""damage""}]","swift","neutral | projectile","false","requires_digixros"
"gureetoweito","Gureetoweito","Gureetoweito","グレートウェイト","グレートウェイト","super_xros_wars","area_damage","neutral","{""shape"":""diamond"",""min"":1,""max"":5,""requiresLineOfSight"":false}","{""shape"":""diamond"",""radius"":2}","15","100","20","46","[{""type"":""damage""},{""type"":""status"",""status"":""paralysis"",""chance"":25,""duration"":3}]","efficient","neutral | projectile","true","ready"
"gureetosunooburoo","Gureetosunooburoo","Gureetosunooburoo","グレートスノーブロー","グレートスノーブロー","super_xros_wars","area_damage","neutral","{""shape"":""diamond"",""min"":1,""max"":3,""requiresLineOfSight"":false}","{""shape"":""diamond"",""radius"":1}","37","100","12","34","[{""type"":""damage""}]","swift","neutral | projectile","true","ready"
"gureetodoramonkuroo","Gureetodoramonkuroo","Gureetodoramonkuroo","グレートドラモンクロー","グレートドラモンクロー","super_xros_wars","striker","fire","{""shape"":""diamond"",""min"":1,""max"":3,""requiresLineOfSight"":false}","{""shape"":""single"",""radius"":0}","46","100","8","34","[{""type"":""damage""}]","swift","fire | melee","true","ready"
"kurenai_shishinomai","Kurenai Shishinomai","Kurenai Shishinomai","くれない・ししのまい","くれない・ししのまい","super_xros_wars","striker","fire","{""shape"":""diamond"",""min"":1,""max"":3,""requiresLineOfSight"":false}","{""shape"":""single"",""radius"":0}","46","100","8","34","[{""type"":""damage""}]","swift","fire | melee","true","ready"
"gureneedosutoomu","Gureneedosutoomu","Gureneedosutoomu","グレネードストーム","グレネードストーム","super_xros_wars","area_damage","neutral","{""shape"":""diamond"",""min"":1,""max"":3,""requiresLineOfSight"":false}","{""shape"":""diamond"",""radius"":1}","37","100","12","34","[{""type"":""damage""}]","swift","neutral | projectile","true","ready"
"kuroo_fangu","Kuroo Fangu","Kuroo Fangu","クロー&ファング","クロー&ファング","super_xros_wars","striker","neutral","{""shape"":""diamond"",""min"":1,""max"":3,""requiresLineOfSight"":false}","{""shape"":""single"",""radius"":0}","46","100","8","34","[{""type"":""damage""}]","swift","neutral | melee","true","ready"
"kurosureddo_ando_buruu","Kurosureddo Ando Buruu","Kurosureddo Ando Buruu","クロスレッド・アンド・ブルー","クロスレッド・アンド・ブルー","super_xros_wars","striker","neutral","{""shape"":""diamond"",""min"":1,""max"":3,""requiresLineOfSight"":false}","{""shape"":""single"",""radius"":0}","46","100","8","34","[{""type"":""damage""}]","swift","neutral | melee","true","ready"
"kuronoparadokkusu","Kuronoparadokkusu","Kuronoparadokkusu","クロノパラドックス","クロノパラドックス","super_xros_wars","area_damage","dark","{""shape"":""diamond"",""min"":1,""max"":3,""requiresLineOfSight"":false}","{""shape"":""diamond"",""radius"":1}","22","100","16","34","[{""type"":""damage""},{""type"":""status"",""status"":""doom"",""chance"":25,""duration"":3}]","efficient","dark | projectile","true","ready"
"ketirufurea","Ketirufurea","Ketirufurea","ケティルフレア","ケティルフレア","super_xros_wars","area_damage","light","{""shape"":""diamond"",""min"":1,""max"":3,""requiresLineOfSight"":false}","{""shape"":""diamond"",""radius"":1}","37","100","12","34","[{""type"":""damage""}]","swift","light | projectile","false","requires_digixros"
"kousokuunchinage","Kousokuunchinage","Kousokuunchinage","こうそくウンチなげ","こうそくウンチなげ","super_xros_wars","striker","neutral","{""shape"":""diamond"",""min"":1,""max"":3,""requiresLineOfSight"":false}","{""shape"":""single"",""radius"":0}","46","100","8","34","[{""type"":""damage""}]","swift","neutral | melee","true","ready"
"kouyoujou_kamonnojin","Kouyoujou Kamonnojin","Kouyoujou Kamonnojin","こうようじょう・かもんのじん","こうようじょう・かもんのじん","super_xros_wars","area_damage","neutral","{""shape"":""diamond"",""min"":1,""max"":3,""requiresLineOfSight"":false}","{""shape"":""diamond"",""radius"":1}","37","100","12","34","[{""type"":""damage""}]","swift","neutral | projectile","true","ready"
"koorinoiki","Koorinoiki","Koorinoiki","こおりのいき","こおりのいき","super_xros_wars","area_damage","neutral","{""shape"":""diamond"",""min"":1,""max"":3,""requiresLineOfSight"":false}","{""shape"":""diamond"",""radius"":1}","37","100","12","34","[{""type"":""damage""}]","swift","neutral | projectile","true","ready"
"koorinokobushi","Koorinokobushi","Koorinokobushi","こおりのこぶし","こおりのこぶし","super_xros_wars","striker","neutral","{""shape"":""diamond"",""min"":1,""max"":3,""requiresLineOfSight"":false}","{""shape"":""single"",""radius"":0}","46","100","8","34","[{""type"":""damage""}]","swift","neutral | melee","true","ready"
"goorudentoraianguru","Goorudentoraianguru","Goorudentoraianguru","ゴールデントライアングル","ゴールデントライアングル","super_xros_wars","area_damage","light","{""shape"":""diamond"",""min"":1,""max"":3,""requiresLineOfSight"":false}","{""shape"":""diamond"",""radius"":1}","37","100","12","34","[{""type"":""damage""}]","swift","light | projectile","false","requires_digixros"
"koorudofureimu","Koorudofureimu","Koorudofureimu","コールドフレイム","コールドフレイム","super_xros_wars","striker","fire","{""shape"":""diamond"",""min"":1,""max"":3,""requiresLineOfSight"":false}","{""shape"":""single"",""radius"":0}","31","100","12","34","[{""type"":""damage""},{""type"":""status"",""status"":""data_mark"",""chance"":25,""duration"":3}]","reliable_effect","fire | melee","true","ready"
"gooremupanchi","Gooremupanchi","Gooremupanchi","ゴーレムパンチ","ゴーレムパンチ","super_xros_wars","striker","neutral","{""shape"":""diamond"",""min"":1,""max"":3,""requiresLineOfSight"":false}","{""shape"":""single"",""radius"":0}","31","100","12","34","[{""type"":""damage""},{""type"":""status"",""status"":""speed_down"",""chance"":25,""duration"":3}]","reliable_effect","neutral | melee","true","ready"
"koonsurasuto","Koonsurasuto","Koonsurasuto","コーンスラスト","コーンスラスト","super_xros_wars","striker","neutral","{""shape"":""diamond"",""min"":1,""max"":3,""requiresLineOfSight"":false}","{""shape"":""single"",""radius"":0}","46","100","8","34","[{""type"":""damage""}]","swift","neutral | melee","true","ready"
"kokuunatakku","Kokuunatakku","Kokuunatakku","コクーンアタック","コクーンアタック","super_xros_wars","striker","neutral","{""shape"":""diamond"",""min"":1,""max"":3,""requiresLineOfSight"":false}","{""shape"":""single"",""radius"":0}","46","100","8","34","[{""type"":""damage""}]","swift","neutral | melee","true","ready"
"kozumobikutorii","Kozumobikutorii","Kozumobikutorii","コズモビクトリー","コズモビクトリー","super_xros_wars","area_damage","fire","{""shape"":""diamond"",""min"":1,""max"":3,""requiresLineOfSight"":false}","{""shape"":""diamond"",""radius"":1}","37","100","12","34","[{""type"":""damage""}]","swift","fire | projectile","false","requires_digixros"
"kozumofurasshu","Kozumofurasshu","Kozumofurasshu","コズモフラッシュ","コズモフラッシュ","super_xros_wars","area_damage","light","{""shape"":""diamond"",""min"":1,""max"":3,""requiresLineOfSight"":false}","{""shape"":""diamond"",""radius"":1}","37","100","12","34","[{""type"":""damage""}]","swift","light | projectile","false","requires_digixros"
"kobushitoon","Kobushitoon","Kobushitoon","コブシトーン","コブシトーン","super_xros_wars","healing","neutral","{""shape"":""diamond"",""min"":0,""max"":3,""requiresLineOfSight"":false}","{""shape"":""diamond"",""radius"":1}","18","100","14","50","[{""type"":""heal"",""percentMaxHp"":18}]","efficient","neutral | healing","true","ready"
"goburibomu","Goburibomu","Goburibomu","ゴブリボム","ゴブリボム","super_xros_wars","area_damage","neutral","{""shape"":""diamond"",""min"":1,""max"":3,""requiresLineOfSight"":false}","{""shape"":""diamond"",""radius"":1}","37","100","12","34","[{""type"":""damage""}]","swift","neutral | projectile","true","ready"
"komandoinputto","Komandoinputto","Komandoinputto","コマンドインプット","コマンドインプット","super_xros_wars","striker","neutral","{""shape"":""diamond"",""min"":1,""max"":3,""requiresLineOfSight"":false}","{""shape"":""single"",""radius"":0}","31","100","12","34","[{""type"":""damage""},{""type"":""status"",""status"":""confusion"",""chance"":25,""duration"":3}]","reliable_effect","neutral | melee","true","ready"
"koronakkuru","Koronakkuru","Koronakkuru","コロナックル","コロナックル","super_xros_wars","striker","fire","{""shape"":""diamond"",""min"":1,""max"":3,""requiresLineOfSight"":false}","{""shape"":""single"",""radius"":0}","46","100","8","34","[{""type"":""damage""}]","swift","fire | melee","true","ready"
"koronabureizusoodo","Koronabureizusoodo","Koronabureizusoodo","コロナブレイズソード","コロナブレイズソード","super_xros_wars","striker","fire","{""shape"":""diamond"",""min"":1,""max"":3,""requiresLineOfSight"":false}","{""shape"":""single"",""radius"":0}","46","100","8","34","[{""type"":""damage""}]","swift","fire | melee","true","ready"
"koronafureimu","Koronafureimu","Koronafureimu","コロナフレイム","コロナフレイム","super_xros_wars","striker","neutral","{""shape"":""diamond"",""min"":1,""max"":3,""requiresLineOfSight"":false}","{""shape"":""single"",""radius"":0}","46","100","8","34","[{""type"":""damage""}]","swift","neutral | melee","true","ready"
"konpeetoohanmaa","Konpeetoohanmaa","Konpeetoohanmaa","コンペートーハンマー","コンペートーハンマー","super_xros_wars","striker","neutral","{""shape"":""diamond"",""min"":1,""max"":3,""requiresLineOfSight"":false}","{""shape"":""single"",""radius"":0}","46","100","8","34","[{""type"":""damage""}]","swift","neutral | melee","true","ready"
"saibaaneiru","Saibaaneiru","Saibaaneiru","サイバーネイル","サイバーネイル","super_xros_wars","striker","neutral","{""shape"":""diamond"",""min"":1,""max"":3,""requiresLineOfSight"":false}","{""shape"":""single"",""radius"":0}","46","100","8","34","[{""type"":""damage""}]","swift","neutral | melee","true","ready"
"sairensuhaggu","Sairensuhaggu","Sairensuhaggu","サイレンスハッグ","サイレンスハッグ","super_xros_wars","striker","light","{""shape"":""diamond"",""min"":1,""max"":3,""requiresLineOfSight"":false}","{""shape"":""single"",""radius"":0}","46","100","8","34","[{""type"":""damage""}]","swift","light | melee","true","ready"
"sauzandowippu","Sauzandowippu","Sauzandowippu","サウザンドウィップ","サウザンドウィップ","super_xros_wars","area_damage","neutral","{""shape"":""diamond"",""min"":1,""max"":3,""requiresLineOfSight"":false}","{""shape"":""diamond"",""radius"":1}","22","100","16","34","[{""type"":""damage""},{""type"":""status"",""status"":""def_down"",""chance"":25,""duration"":3}]","efficient","neutral | projectile","true","ready"
"sakurafubuki","Sakurafubuki","Sakurafubuki","さくらふぶき","さくらふぶき","super_xros_wars","area_damage","light","{""shape"":""diamond"",""min"":1,""max"":3,""requiresLineOfSight"":false}","{""shape"":""diamond"",""radius"":1}","22","100","16","34","[{""type"":""damage""},{""type"":""status"",""status"":""confusion"",""chance"":25,""duration"":3}]","efficient","light | projectile","false","requires_digixros"
"sabubarukan","Sabubarukan","Sabubarukan","サブバルカン","サブバルカン","super_xros_wars","area_damage","neutral","{""shape"":""diamond"",""min"":1,""max"":3,""requiresLineOfSight"":false}","{""shape"":""diamond"",""radius"":1}","37","100","12","34","[{""type"":""damage""}]","swift","neutral | projectile","true","ready"
"saramandaabureiku","Saramandaabureiku","Saramandaabureiku","サラマンダーブレイク","サラマンダーブレイク","super_xros_wars","striker","neutral","{""shape"":""diamond"",""min"":1,""max"":3,""requiresLineOfSight"":false}","{""shape"":""single"",""radius"":0}","46","100","8","34","[{""type"":""damage""}]","swift","neutral | melee","false","requires_digixros"
"zanka","Zanka","Zanka","ざんか","ざんか","super_xros_wars","striker","fire","{""shape"":""diamond"",""min"":1,""max"":3,""requiresLineOfSight"":false}","{""shape"":""single"",""radius"":0}","46","100","8","34","[{""type"":""damage""}]","swift","fire | melee","true","ready"
"sandaakikku","Sandaakikku","Sandaakikku","サンダーキック","サンダーキック","super_xros_wars","striker","neutral","{""shape"":""diamond"",""min"":1,""max"":3,""requiresLineOfSight"":false}","{""shape"":""single"",""radius"":0}","46","100","8","34","[{""type"":""damage""}]","swift","neutral | melee","true","ready"
"sandaabomaa","Sandaabomaa","Sandaabomaa","サンダーボマー","サンダーボマー","super_xros_wars","area_damage","neutral","{""shape"":""diamond"",""min"":1,""max"":3,""requiresLineOfSight"":false}","{""shape"":""diamond"",""radius"":1}","22","100","16","34","[{""type"":""damage""},{""type"":""status"",""status"":""paralysis"",""chance"":25,""duration"":3}]","efficient","neutral | projectile","true","ready"
"sandaaboruto","Sandaaboruto","Sandaaboruto","サンダーボルト","サンダーボルト","super_xros_wars","area_damage","neutral","{""shape"":""diamond"",""min"":1,""max"":3,""requiresLineOfSight"":false}","{""shape"":""diamond"",""radius"":1}","37","100","12","34","[{""type"":""damage""}]","swift","neutral | projectile","true","ready"
"sandaarei","Sandaarei","Sandaarei","サンダーレイ","サンダーレイ","super_xros_wars","area_damage","neutral","{""shape"":""diamond"",""min"":1,""max"":3,""requiresLineOfSight"":false}","{""shape"":""diamond"",""radius"":1}","22","100","16","34","[{""type"":""damage""},{""type"":""status"",""status"":""speed_down"",""chance"":25,""duration"":3}]","efficient","neutral | projectile","true","ready"
"sandaarezorubu","Sandaarezorubu","Sandaarezorubu","サンダーレゾルブ","サンダーレゾルブ","super_xros_wars","striker","neutral","{""shape"":""diamond"",""min"":1,""max"":3,""requiresLineOfSight"":false}","{""shape"":""single"",""radius"":0}","31","100","12","34","[{""type"":""damage""},{""type"":""status"",""status"":""data_mark"",""chance"":25,""duration"":3}]","reliable_effect","neutral | melee","true","ready"
"sannotachi","Sannotachi","Sannotachi","さんのたち","さんのたち","super_xros_wars","area_damage","neutral","{""shape"":""diamond"",""min"":1,""max"":3,""requiresLineOfSight"":false}","{""shape"":""diamond"",""radius"":1}","37","100","12","34","[{""type"":""damage""}]","swift","neutral | projectile","true","ready"
"sanhiiruraito","Sanhiiruraito","Sanhiiruraito","サンヒールライト","サンヒールライト","super_xros_wars","healing","neutral","{""shape"":""diamond"",""min"":0,""max"":3,""requiresLineOfSight"":false}","{""shape"":""single"",""radius"":0}","30","100","10","38","[{""type"":""heal"",""percentMaxHp"":30}]","potent","neutral | healing","true","ready"
"sanrensei","Sanrensei","Sanrensei","さんれんせい","さんれんせい","super_xros_wars","area_damage","light","{""shape"":""diamond"",""min"":1,""max"":3,""requiresLineOfSight"":false}","{""shape"":""diamond"",""radius"":1}","22","100","16","34","[{""type"":""damage""},{""type"":""status"",""status"":""confusion"",""chance"":25,""duration"":3}]","efficient","light | projectile","true","ready"
"sheikinguparusu","Sheikinguparusu","Sheikinguparusu","シェイキングパルス","シェイキングパルス","super_xros_wars","striker","neutral","{""shape"":""diamond"",""min"":1,""max"":3,""requiresLineOfSight"":false}","{""shape"":""single"",""radius"":0}","46","100","8","34","[{""type"":""damage""}]","swift","neutral | melee","false","requires_digixros"
"jettogyaroppu","Jettogyaroppu","Jettogyaroppu","ジェットギャロップ","ジェットギャロップ","super_xros_wars","striker","neutral","{""shape"":""diamond"",""min"":1,""max"":3,""requiresLineOfSight"":false}","{""shape"":""single"",""radius"":0}","31","100","12","34","[{""type"":""damage""},{""type"":""status"",""status"":""speed_up"",""chance"":25,""duration"":3}]","reliable_effect","neutral | melee","true","ready"
"jenosaidoatakku","Jenosaidoatakku","Jenosaidoatakku","ジェノサイドアタック","ジェノサイドアタック","super_xros_wars","striker","fire","{""shape"":""diamond"",""min"":1,""max"":3,""requiresLineOfSight"":false}","{""shape"":""single"",""radius"":0}","46","100","8","34","[{""type"":""damage""}]","swift","fire | melee","false","requires_digixros"
"shizaaaamuzu","Shizaaaamuzu","Shizaaaamuzu","シザーアームズΩ","シザーアームズΩ","super_xros_wars","striker","electric","{""shape"":""diamond"",""min"":1,""max"":3,""requiresLineOfSight"":false}","{""shape"":""single"",""radius"":0}","46","100","8","34","[{""type"":""damage""}]","swift","electric | melee","true","ready"
"shizaazuekusukyuushon","Shizaazuekusukyuushon","Shizaazuekusukyuushon","シザーズエクスキューション","シザーズエクスキューション","super_xros_wars","striker","water","{""shape"":""diamond"",""min"":1,""max"":3,""requiresLineOfSight"":false}","{""shape"":""single"",""radius"":0}","46","100","8","34","[{""type"":""damage""}]","swift","water | melee","true","ready"
"shippuutenshouken","Shippuutenshouken","Shippuutenshouken","しっぷうてんしょうけん","しっぷうてんしょうけん","super_xros_wars","area_damage","neutral","{""shape"":""diamond"",""min"":1,""max"":3,""requiresLineOfSight"":false}","{""shape"":""diamond"",""radius"":1}","37","100","12","34","[{""type"":""damage""}]","swift","neutral | projectile","false","requires_digixros"
"shaapuejji","Shaapuejji","Shaapuejji","シャープエッジ","シャープエッジ","super_xros_wars","striker","neutral","{""shape"":""diamond"",""min"":1,""max"":3,""requiresLineOfSight"":false}","{""shape"":""single"",""radius"":0}","46","100","8","34","[{""type"":""damage""}]","swift","neutral | melee","true","ready"
"shaapunesukureimoa","Shaapunesukureimoa","Shaapunesukureimoa","シャープネスクレイモア","シャープネスクレイモア","super_xros_wars","striker","light","{""shape"":""diamond"",""min"":1,""max"":3,""requiresLineOfSight"":false}","{""shape"":""single"",""radius"":0}","31","100","12","34","[{""type"":""damage""},{""type"":""status"",""status"":""data_mark"",""chance"":25,""duration"":3}]","reliable_effect","light | melee","false","requires_digixros"
"jaiantomisairu","Jaiantomisairu","Jaiantomisairu","ジャイアントミサイル","ジャイアントミサイル","super_xros_wars","area_damage","neutral","{""shape"":""diamond"",""min"":1,""max"":3,""requiresLineOfSight"":false}","{""shape"":""diamond"",""radius"":1}","22","100","16","34","[{""type"":""damage""},{""type"":""status"",""status"":""speed_down"",""chance"":25,""duration"":3}]","efficient","neutral | projectile","false","requires_digixros"
"shainingu_vfoosu","Shainingu Vfoosu","Shainingu Vfoosu","シャイニングVフォース","シャイニングVフォース","super_xros_wars","striker","neutral","{""shape"":""diamond"",""min"":1,""max"":3,""requiresLineOfSight"":false}","{""shape"":""single"",""radius"":0}","46","100","8","34","[{""type"":""damage""}]","swift","neutral | melee","true","ready"
"shaininguhiiru","Shaininguhiiru","Shaininguhiiru","シャイニングヒール","シャイニングヒール","super_xros_wars","striker","light","{""shape"":""diamond"",""min"":1,""max"":3,""requiresLineOfSight"":false}","{""shape"":""single"",""radius"":0}","46","100","8","34","[{""type"":""damage""}]","swift","light | melee","true","ready"
"jairobureiku","Jairobureiku","Jairobureiku","ジャイロブレイク","ジャイロブレイク","super_xros_wars","striker","neutral","{""shape"":""diamond"",""min"":1,""max"":3,""requiresLineOfSight"":false}","{""shape"":""single"",""radius"":0}","46","100","8","34","[{""type"":""damage""}]","swift","neutral | melee","true","ready"
"jasutisuburitto","Jasutisuburitto","Jasutisuburitto","ジャスティスブリット","ジャスティスブリット","super_xros_wars","striker","light","{""shape"":""diamond"",""min"":1,""max"":3,""requiresLineOfSight"":false}","{""shape"":""single"",""radius"":0}","46","100","8","34","[{""type"":""damage""}]","swift","light | melee","true","ready"
"shadou_shikkuru","Shadou Shikkuru","Shadou Shikkuru","シャドウ・シックル","シャドウ・シックル","super_xros_wars","area_damage","electric","{""shape"":""diamond"",""min"":1,""max"":3,""requiresLineOfSight"":false}","{""shape"":""diamond"",""radius"":1}","37","100","12","34","[{""type"":""damage""}]","swift","electric | projectile","true","ready"
"shadoupanchi","Shadoupanchi","Shadoupanchi","シャドウパンチ","シャドウパンチ","super_xros_wars","striker","neutral","{""shape"":""diamond"",""min"":1,""max"":3,""requiresLineOfSight"":false}","{""shape"":""single"",""radius"":0}","46","100","8","34","[{""type"":""damage""}]","swift","neutral | melee","true","ready"
"shadourezorubu","Shadourezorubu","Shadourezorubu","シャドウレゾルブ","シャドウレゾルブ","super_xros_wars","striker","dark","{""shape"":""diamond"",""min"":1,""max"":3,""requiresLineOfSight"":false}","{""shape"":""single"",""radius"":0}","31","100","12","34","[{""type"":""damage""},{""type"":""status"",""status"":""data_mark"",""chance"":25,""duration"":3}]","reliable_effect","dark | melee","true","ready"
"shadoowingu","Shadoowingu","Shadoowingu","シャドーウィング","シャドーウィング","super_xros_wars","striker","light","{""shape"":""diamond"",""min"":1,""max"":3,""requiresLineOfSight"":false}","{""shape"":""single"",""radius"":0}","46","100","8","34","[{""type"":""damage""}]","swift","light | melee","true","ready"
"shuvaboojana","Shuvaboojana","Shuvaboojana","シュヴァボージャナ","シュヴァボージャナ","super_xros_wars","area_damage","neutral","{""shape"":""diamond"",""min"":1,""max"":3,""requiresLineOfSight"":false}","{""shape"":""diamond"",""radius"":1}","37","100","12","34","[{""type"":""damage""}]","swift","neutral | projectile","true","ready"
"juuoudaken","Juuoudaken","Juuoudaken","じゅうおうだけん","じゅうおうだけん","super_xros_wars","striker","dark","{""shape"":""diamond"",""min"":1,""max"":3,""requiresLineOfSight"":false}","{""shape"":""single"",""radius"":0}","46","100","8","34","[{""type"":""damage""}]","swift","dark | melee","true","ready"
"shuutinguore","Shuutinguore","Shuutinguore","シューティングオレ","シューティングオレ","super_xros_wars","striker","neutral","{""shape"":""diamond"",""min"":1,""max"":3,""requiresLineOfSight"":false}","{""shape"":""single"",""radius"":0}","46","100","8","34","[{""type"":""damage""}]","swift","neutral | melee","true","ready"
"juumonjigiri","Juumonjigiri","Juumonjigiri","じゅうもんじぎり","じゅうもんじぎり","super_xros_wars","striker","neutral","{""shape"":""diamond"",""min"":1,""max"":3,""requiresLineOfSight"":false}","{""shape"":""single"",""radius"":0}","46","100","8","34","[{""type"":""damage""}]","swift","neutral | melee","true","ready"
"shugaapaundo","Shugaapaundo","Shugaapaundo","シュガーパウンド","シュガーパウンド","super_xros_wars","healing","neutral","{""shape"":""diamond"",""min"":0,""max"":3,""requiresLineOfSight"":false}","{""shape"":""single"",""radius"":0}","30","100","10","38","[{""type"":""heal"",""percentMaxHp"":30}]","potent","neutral | healing","true","ready"
"shugaapuramu","Shugaapuramu","Shugaapuramu","シュガープラム","シュガープラム","super_xros_wars","striker","neutral","{""shape"":""diamond"",""min"":1,""max"":3,""requiresLineOfSight"":false}","{""shape"":""single"",""radius"":0}","46","100","8","34","[{""type"":""damage""}]","swift","neutral | melee","true","ready"
"shottoaamuzu","Shottoaamuzu","Shottoaamuzu","ショットアームズ","ショットアームズ","super_xros_wars","striker","neutral","{""shape"":""diamond"",""min"":1,""max"":3,""requiresLineOfSight"":false}","{""shape"":""single"",""radius"":0}","46","100","8","34","[{""type"":""damage""}]","swift","neutral | melee","true","ready"
"shorudaabureedo","Shorudaabureedo","Shorudaabureedo","ショルダーブレード","ショルダーブレード","super_xros_wars","striker","neutral","{""shape"":""diamond"",""min"":1,""max"":3,""requiresLineOfSight"":false}","{""shape"":""single"",""radius"":0}","46","100","8","34","[{""type"":""damage""}]","swift","neutral | melee","true","ready"
"shiratorimaru","Shiratorimaru","Shiratorimaru","しらとりまる","しらとりまる","super_xros_wars","striker","neutral","{""shape"":""diamond"",""min"":1,""max"":3,""requiresLineOfSight"":false}","{""shape"":""single"",""radius"":0}","46","100","8","34","[{""type"":""damage""}]","swift","neutral | melee","true","ready"
"shirukusureddo","Shirukusureddo","Shirukusureddo","シルクスレッド","シルクスレッド","super_xros_wars","striker","electric","{""shape"":""diamond"",""min"":1,""max"":3,""requiresLineOfSight"":false}","{""shape"":""single"",""radius"":0}","31","100","12","34","[{""type"":""damage""},{""type"":""status"",""status"":""paralysis"",""chance"":25,""duration"":3}]","reliable_effect","electric | melee","true","ready"
"su_masshuhitto","Su Masshuhitto","Su Masshuhitto","ス・マッシュヒット","ス・マッシュヒット","super_xros_wars","striker","neutral","{""shape"":""diamond"",""min"":1,""max"":3,""requiresLineOfSight"":false}","{""shape"":""single"",""radius"":0}","46","100","8","34","[{""type"":""damage""}]","swift","neutral | melee","true","ready"
"suiryuu","Suiryuu","Suiryuu","すいりゅう","すいりゅう","super_xros_wars","striker","water","{""shape"":""diamond"",""min"":1,""max"":3,""requiresLineOfSight"":false}","{""shape"":""single"",""radius"":0}","46","100","8","34","[{""type"":""damage""}]","swift","water | melee","true","ready"
"suupaasonikkuboisu","Suupaasonikkuboisu","Suupaasonikkuboisu","スーパーソニックボイス","スーパーソニックボイス","super_xros_wars","area_damage","light","{""shape"":""diamond"",""min"":1,""max"":3,""requiresLineOfSight"":false}","{""shape"":""diamond"",""radius"":1}","22","100","16","34","[{""type"":""damage""},{""type"":""status"",""status"":""speed_down"",""chance"":25,""duration"":3}]","efficient","light | projectile","true","ready"
"suupaapojitoronreezaa","Suupaapojitoronreezaa","Suupaapojitoronreezaa","スーパーポジトロンレーザー","スーパーポジトロンレーザー","super_xros_wars","striker","neutral","{""shape"":""diamond"",""min"":1,""max"":3,""requiresLineOfSight"":false}","{""shape"":""single"",""radius"":0}","46","100","8","34","[{""type"":""damage""}]","swift","neutral | melee","true","ready"
"sukuracchisumasshu","Sukuracchisumasshu","Sukuracchisumasshu","スクラッチスマッシュ","スクラッチスマッシュ","super_xros_wars","area_damage","neutral","{""shape"":""diamond"",""min"":1,""max"":3,""requiresLineOfSight"":false}","{""shape"":""diamond"",""radius"":1}","37","100","12","34","[{""type"":""damage""}]","swift","neutral | projectile","true","ready"
"sukuryuukuroo","Sukuryuukuroo","Sukuryuukuroo","スクリュークロー","スクリュークロー","super_xros_wars","striker","neutral","{""shape"":""diamond"",""min"":1,""max"":3,""requiresLineOfSight"":false}","{""shape"":""single"",""radius"":0}","46","100","8","34","[{""type"":""damage""}]","swift","neutral | melee","true","ready"
"sutaazubureidoseresutoraiku","Sutaazubureidoseresutoraiku","Sutaazubureidoseresutoraiku","スターズブレイドセレストライク","スターズブレイドセレストライク","super_xros_wars","striker","light","{""shape"":""diamond"",""min"":1,""max"":3,""requiresLineOfSight"":false}","{""shape"":""single"",""radius"":0}","46","100","8","34","[{""type"":""damage""}]","swift","light | melee","false","requires_digixros"
"sutaabuumeran","Sutaabuumeran","Sutaabuumeran","スターブーメラン","スターブーメラン","super_xros_wars","striker","neutral","{""shape"":""diamond"",""min"":1,""max"":3,""requiresLineOfSight"":false}","{""shape"":""single"",""radius"":0}","46","100","8","34","[{""type"":""damage""}]","swift","neutral | melee","true","ready"
"sutaabureido","Sutaabureido","Sutaabureido","スターブレイド","スターブレイド","super_xros_wars","striker","neutral","{""shape"":""diamond"",""min"":1,""max"":3,""requiresLineOfSight"":false}","{""shape"":""single"",""radius"":0}","46","100","8","34","[{""type"":""damage""}]","swift","neutral | melee","false","requires_digixros"
"sutaaraitoekusupuroojon","Sutaaraitoekusupuroojon","Sutaaraitoekusupuroojon","スターライトエクスプロージョン","スターライトエクスプロージョン","super_xros_wars","area_damage","light","{""shape"":""diamond"",""min"":1,""max"":3,""requiresLineOfSight"":false}","{""shape"":""diamond"",""radius"":1}","37","100","12","34","[{""type"":""damage""}]","swift","light | projectile","false","requires_digixros"
"sutanshokku","Sutanshokku","Sutanshokku","スタンショック","スタンショック","super_xros_wars","striker","electric","{""shape"":""diamond"",""min"":1,""max"":3,""requiresLineOfSight"":false}","{""shape"":""single"",""radius"":0}","31","100","12","34","[{""type"":""damage""},{""type"":""status"",""status"":""paralysis"",""chance"":25,""duration"":3}]","reliable_effect","electric | melee","true","ready"
"sutikkaabureido","Sutikkaabureido","Sutikkaabureido","スティッカーブレイド","スティッカーブレイド","super_xros_wars","striker","neutral","{""shape"":""diamond"",""min"":1,""max"":3,""requiresLineOfSight"":false}","{""shape"":""single"",""radius"":0}","46","100","8","34","[{""type"":""damage""}]","swift","neutral | melee","true","ready"
"sutingaasapuraizu","Sutingaasapuraizu","Sutingaasapuraizu","スティンガーサプライズ","スティンガーサプライズ","super_xros_wars","striker","water","{""shape"":""diamond"",""min"":1,""max"":3,""requiresLineOfSight"":false}","{""shape"":""single"",""radius"":0}","46","100","8","34","[{""type"":""damage""}]","swift","water | melee","true","ready"
"sutingaaporeeshon","Sutingaaporeeshon","Sutingaaporeeshon","スティンガーポレーション","スティンガーポレーション","super_xros_wars","striker","dark","{""shape"":""diamond"",""min"":1,""max"":3,""requiresLineOfSight"":false}","{""shape"":""single"",""radius"":0}","31","100","12","34","[{""type"":""damage""},{""type"":""status"",""status"":""poison"",""chance"":25,""duration"":3}]","reliable_effect","dark | melee","true","ready"
"sutoraikuappaa","Sutoraikuappaa","Sutoraikuappaa","ストライクアッパー","ストライクアッパー","super_xros_wars","striker","neutral","{""shape"":""diamond"",""min"":1,""max"":3,""requiresLineOfSight"":false}","{""shape"":""single"",""radius"":0}","46","100","8","34","[{""type"":""damage""}]","swift","neutral | melee","true","ready"
"sutoraikufisshingu","Sutoraikufisshingu","Sutoraikufisshingu","ストライクフィッシング","ストライクフィッシング","super_xros_wars","striker","neutral","{""shape"":""diamond"",""min"":1,""max"":3,""requiresLineOfSight"":false}","{""shape"":""single"",""radius"":0}","31","100","12","34","[{""type"":""damage""},{""type"":""status"",""status"":""int_down"",""chance"":25,""duration"":3}]","reliable_effect","neutral | melee","true","ready"
"sutorenjimisuto","Sutorenjimisuto","Sutorenjimisuto","ストレンジミスト","ストレンジミスト","super_xros_wars","area_damage","water","{""shape"":""diamond"",""min"":1,""max"":3,""requiresLineOfSight"":false}","{""shape"":""diamond"",""radius"":1}","22","100","16","34","[{""type"":""damage""},{""type"":""status"",""status"":""poison"",""chance"":25,""duration"":3}]","efficient","water | projectile","true","ready"
"sutorongufoorudo","Sutorongufoorudo","Sutorongufoorudo","ストロングフォールド","ストロングフォールド","super_xros_wars","area_damage","neutral","{""shape"":""diamond"",""min"":1,""max"":3,""requiresLineOfSight"":false}","{""shape"":""diamond"",""radius"":1}","37","100","12","34","[{""type"":""damage""}]","swift","neutral | projectile","true","ready"
"suneekubandeeji","Suneekubandeeji","Suneekubandeeji","スネークバンデージ","スネークバンデージ","super_xros_wars","striker","dark","{""shape"":""diamond"",""min"":1,""max"":3,""requiresLineOfSight"":false}","{""shape"":""single"",""radius"":0}","31","100","12","34","[{""type"":""damage""},{""type"":""status"",""status"":""paralysis"",""chance"":25,""duration"":3}]","reliable_effect","dark | melee","true","ready"
"supaakingueashotto","Supaakingueashotto","Supaakingueashotto","スパーキングエアショット","スパーキングエアショット","super_xros_wars","striker","light","{""shape"":""diamond"",""min"":1,""max"":3,""requiresLineOfSight"":false}","{""shape"":""single"",""radius"":0}","31","100","12","34","[{""type"":""damage""},{""type"":""status"",""status"":""paralysis"",""chance"":25,""duration"":3}]","reliable_effect","light | melee","true","ready"
"supaikingufinisshu","Supaikingufinisshu","Supaikingufinisshu","スパイキングフィニッシュ","スパイキングフィニッシュ","super_xros_wars","striker","electric","{""shape"":""diamond"",""min"":1,""max"":3,""requiresLineOfSight"":false}","{""shape"":""single"",""radius"":0}","46","100","8","34","[{""type"":""damage""}]","swift","electric | melee","false","requires_digixros"
"supairarukuroo","Supairarukuroo","Supairarukuroo","スパイラルクロー","スパイラルクロー","super_xros_wars","striker","light","{""shape"":""diamond"",""min"":1,""max"":3,""requiresLineOfSight"":false}","{""shape"":""single"",""radius"":0}","46","100","8","34","[{""type"":""damage""}]","swift","light | melee","true","ready"
"supairaruboon","Supairaruboon","Supairaruboon","スパイラルボーン","スパイラルボーン","super_xros_wars","striker","neutral","{""shape"":""diamond"",""min"":1,""max"":3,""requiresLineOfSight"":false}","{""shape"":""single"",""radius"":0}","31","100","12","34","[{""type"":""damage""},{""type"":""status"",""status"":""paralysis"",""chance"":25,""duration"":3}]","reliable_effect","neutral | melee","false","requires_digixros"
"supairarumasukareedo","Supairarumasukareedo","Supairarumasukareedo","スパイラルマスカレード","スパイラルマスカレード","super_xros_wars","area_damage","electric","{""shape"":""diamond"",""min"":1,""max"":3,""requiresLineOfSight"":false}","{""shape"":""diamond"",""radius"":1}","37","100","12","34","[{""type"":""damage""}]","swift","electric | projectile","true","ready"
"supairarureivunkurou","Supairarureivunkurou","Supairarureivunkurou","スパイラルレイヴンクロウ","スパイラルレイヴンクロウ","super_xros_wars","striker","neutral","{""shape"":""diamond"",""min"":1,""max"":3,""requiresLineOfSight"":false}","{""shape"":""single"",""radius"":0}","46","100","8","34","[{""type"":""damage""}]","swift","neutral | melee","true","ready"
"supianiidoru","Supianiidoru","Supianiidoru","スピアニードル","スピアニードル","super_xros_wars","striker","neutral","{""shape"":""diamond"",""min"":1,""max"":3,""requiresLineOfSight"":false}","{""shape"":""single"",""radius"":0}","31","100","12","34","[{""type"":""damage""},{""type"":""status"",""status"":""doom"",""chance"":25,""duration"":3}]","reliable_effect","neutral | melee","false","requires_digixros"
"supianiidoru_buraddo","Supianiidoru Buraddo","Supianiidoru Buraddo","スピアニードル・ブラッド","スピアニードル・ブラッド","super_xros_wars","striker","neutral","{""shape"":""diamond"",""min"":1,""max"":3,""requiresLineOfSight"":false}","{""shape"":""single"",""radius"":0}","46","100","8","34","[{""type"":""damage""}]","swift","neutral | melee","true","ready"
"supureddonei","Supureddonei","Supureddonei","スプレッドネイ","スプレッドネイ","super_xros_wars","striker","light","{""shape"":""diamond"",""min"":1,""max"":3,""requiresLineOfSight"":false}","{""shape"":""single"",""radius"":0}","31","100","12","34","[{""type"":""damage""},{""type"":""status"",""status"":""def_down"",""chance"":25,""duration"":3}]","reliable_effect","light | melee","true","ready"
"supeesuchakuramu","Supeesuchakuramu","Supeesuchakuramu","スペースチャクラム","スペースチャクラム","super_xros_wars","striker","light","{""shape"":""diamond"",""min"":1,""max"":3,""requiresLineOfSight"":false}","{""shape"":""single"",""radius"":0}","46","100","8","34","[{""type"":""damage""}]","swift","light | melee","true","ready"
"sumairiiwooheddo","Sumairiiwooheddo","Sumairiiwooheddo","スマイリーウォーヘッド","スマイリーウォーヘッド","super_xros_wars","striker","electric","{""shape"":""diamond"",""min"":1,""max"":3,""requiresLineOfSight"":false}","{""shape"":""single"",""radius"":0}","46","100","8","34","[{""type"":""damage""}]","swift","electric | melee","false","requires_digixros"
"suriiinpakuto","Suriiinpakuto","Suriiinpakuto","スリーインパクト","スリーインパクト","super_xros_wars","striker","neutral","{""shape"":""diamond"",""min"":1,""max"":3,""requiresLineOfSight"":false}","{""shape"":""single"",""radius"":0}","46","100","8","34","[{""type"":""damage""}]","swift","neutral | melee","true","ready"
"suriibikutoraizu","Suriibikutoraizu","Suriibikutoraizu","スリービクトライズ","スリービクトライズ","super_xros_wars","striker","neutral","{""shape"":""diamond"",""min"":1,""max"":3,""requiresLineOfSight"":false}","{""shape"":""single"",""radius"":0}","46","100","8","34","[{""type"":""damage""}]","swift","neutral | melee","false","requires_digixros"
"surudoikagizume","Surudoikagizume","Surudoikagizume","するどいカギヅメ","するどいカギヅメ","super_xros_wars","striker","electric","{""shape"":""diamond"",""min"":1,""max"":3,""requiresLineOfSight"":false}","{""shape"":""single"",""radius"":0}","31","100","12","34","[{""type"":""damage""},{""type"":""status"",""status"":""paralysis"",""chance"":25,""duration"":3}]","reliable_effect","electric | melee","true","ready"
"surejjidasshu","Surejjidasshu","Surejjidasshu","スレッジダッシュ","スレッジダッシュ","super_xros_wars","striker","neutral","{""shape"":""diamond"",""min"":1,""max"":3,""requiresLineOfSight"":false}","{""shape"":""single"",""radius"":0}","31","100","12","34","[{""type"":""damage""},{""type"":""status"",""status"":""paralysis"",""chance"":25,""duration"":3}]","reliable_effect","neutral | melee","true","ready"
"seikengureidarufaa","Seikengureidarufaa","Seikengureidarufaa","せいけんグレイダルファー","せいけんグレイダルファー","super_xros_wars","striker","light","{""shape"":""diamond"",""min"":1,""max"":3,""requiresLineOfSight"":false}","{""shape"":""single"",""radius"":0}","31","100","12","34","[{""type"":""damage""},{""type"":""status"",""status"":""data_mark"",""chance"":25,""duration"":3}]","reliable_effect","light | melee","true","ready"
"sekkantou","Sekkantou","Sekkantou","せっかんとう","せっかんとう","super_xros_wars","striker","light","{""shape"":""diamond"",""min"":1,""max"":3,""requiresLineOfSight"":false}","{""shape"":""single"",""radius"":0}","31","100","12","34","[{""type"":""damage""},{""type"":""status"",""status"":""int_up"",""chance"":25,""duration"":3}]","reliable_effect","light | melee","true","ready"
"zekkoushou","Zekkoushou","Zekkoushou","ぜっこうしょう","ぜっこうしょう","super_xros_wars","area_damage","light","{""shape"":""diamond"",""min"":1,""max"":3,""requiresLineOfSight"":false}","{""shape"":""diamond"",""radius"":1}","22","100","16","34","[{""type"":""damage""},{""type"":""status"",""status"":""int_down"",""chance"":25,""duration"":3}]","efficient","light | projectile","true","ready"
"zettaireidopanchi","Zettaireidopanchi","Zettaireidopanchi","ぜったいれいどパンチ","ぜったいれいどパンチ","super_xros_wars","striker","neutral","{""shape"":""diamond"",""min"":1,""max"":3,""requiresLineOfSight"":false}","{""shape"":""single"",""radius"":0}","46","100","8","34","[{""type"":""damage""}]","swift","neutral | melee","true","ready"
"sefirootokurisutaru","Sefirootokurisutaru","Sefirootokurisutaru","セフィロートクリスタル","セフィロートクリスタル","super_xros_wars","striker","light","{""shape"":""diamond"",""min"":1,""max"":3,""requiresLineOfSight"":false}","{""shape"":""single"",""radius"":0}","31","100","12","34","[{""type"":""damage""},{""type"":""status"",""status"":""paralysis"",""chance"":25,""duration"":3}]","reliable_effect","light | melee","false","requires_digixros"
"sebunzufantajia","Sebunzufantajia","Sebunzufantajia","セブンズファンタジア","セブンズファンタジア","super_xros_wars","area_damage","neutral","{""shape"":""diamond"",""min"":1,""max"":3,""requiresLineOfSight"":false}","{""shape"":""diamond"",""radius"":1}","22","100","16","34","[{""type"":""damage""},{""type"":""status"",""status"":""data_mark"",""chance"":25,""duration"":3}]","efficient","neutral | projectile","false","requires_digixros"
"zeroaamuzu_orochi","Zeroaamuzu Orochi","Zeroaamuzu Orochi","ゼロアームズ．オロチ","ゼロアームズ．オロチ","super_xros_wars","striker","light","{""shape"":""diamond"",""min"":1,""max"":3,""requiresLineOfSight"":false}","{""shape"":""single"",""radius"":0}","46","100","8","34","[{""type"":""damage""}]","swift","light | melee","true","ready"
"zerofuriizu","Zerofuriizu","Zerofuriizu","ゼロフリーズ","ゼロフリーズ","super_xros_wars","striker","light","{""shape"":""diamond"",""min"":1,""max"":3,""requiresLineOfSight"":false}","{""shape"":""single"",""radius"":0}","46","100","8","34","[{""type"":""damage""}]","swift","light | melee","true","ready"
"souruaabaresuto","Souruaabaresuto","Souruaabaresuto","ソウルアーバレスト","ソウルアーバレスト","super_xros_wars","area_damage","light","{""shape"":""diamond"",""min"":1,""max"":3,""requiresLineOfSight"":false}","{""shape"":""diamond"",""radius"":1}","37","100","12","34","[{""type"":""damage""}]","swift","light | projectile","true","ready"
"sourukurasshaa","Sourukurasshaa","Sourukurasshaa","ソウルクラッシャー","ソウルクラッシャー","super_xros_wars","striker","neutral","{""shape"":""diamond"",""min"":1,""max"":3,""requiresLineOfSight"":false}","{""shape"":""single"",""radius"":0}","31","100","12","34","[{""type"":""damage""},{""type"":""status"",""status"":""confusion"",""chance"":25,""duration"":3}]","reliable_effect","neutral | melee","true","ready"
"sourubanisshu","Sourubanisshu","Sourubanisshu","ソウルバニッシュ","ソウルバニッシュ","super_xros_wars","striker","neutral","{""shape"":""diamond"",""min"":1,""max"":3,""requiresLineOfSight"":false}","{""shape"":""single"",""radius"":0}","46","100","8","34","[{""type"":""damage""}]","swift","neutral | melee","true","ready"
"sourupanchi","Sourupanchi","Sourupanchi","ソウルパンチ","ソウルパンチ","super_xros_wars","striker","neutral","{""shape"":""diamond"",""min"":1,""max"":3,""requiresLineOfSight"":false}","{""shape"":""single"",""radius"":0}","31","100","12","34","[{""type"":""damage""},{""type"":""status"",""status"":""confusion"",""chance"":25,""duration"":3}]","reliable_effect","neutral | melee","true","ready"
"soodo_obu_ruin","Soodo Obu Ruin","Soodo Obu Ruin","ソード・オブ・ルイン","ソード・オブ・ルイン","super_xros_wars","area_damage","neutral","{""shape"":""diamond"",""min"":1,""max"":3,""requiresLineOfSight"":false}","{""shape"":""diamond"",""radius"":1}","37","100","12","34","[{""type"":""damage""}]","swift","neutral | projectile","true","ready"
"zoonburakkuhooru","Zoonburakkuhooru","Zoonburakkuhooru","ゾーンブラックホール","ゾーンブラックホール","super_xros_wars","area_damage","dark","{""shape"":""diamond"",""min"":1,""max"":3,""requiresLineOfSight"":false}","{""shape"":""diamond"",""radius"":1}","37","100","12","34","[{""type"":""damage""}]","swift","dark | projectile","true","ready"
"sonikkusurasshurein","Sonikkusurasshurein","Sonikkusurasshurein","ソニックスラッシュレイン","ソニックスラッシュレイン","super_xros_wars","area_damage","neutral","{""shape"":""diamond"",""min"":1,""max"":3,""requiresLineOfSight"":false}","{""shape"":""diamond"",""radius"":1}","37","100","12","34","[{""type"":""damage""}]","swift","neutral | projectile","true","ready"
"daakusaidoku_iku","Daakusaidoku Iku","Daakusaidoku Iku","ダークサイドクェイク","ダークサイドクェイク","super_xros_wars","area_damage","neutral","{""shape"":""diamond"",""min"":1,""max"":3,""requiresLineOfSight"":false}","{""shape"":""diamond"",""radius"":1}","37","100","12","34","[{""type"":""damage""}]","swift","neutral | projectile","false","requires_digixros"
"daakusupirittsu","Daakusupirittsu","Daakusupirittsu","ダークスピリッツ","ダークスピリッツ","super_xros_wars","striker","neutral","{""shape"":""diamond"",""min"":1,""max"":3,""requiresLineOfSight"":false}","{""shape"":""single"",""radius"":0}","31","100","12","34","[{""type"":""damage""},{""type"":""status"",""status"":""doom"",""chance"":25,""duration"":3}]","reliable_effect","neutral | melee","true","ready"
"daakunesukurou","Daakunesukurou","Daakunesukurou","ダークネスクロウ","ダークネスクロウ","super_xros_wars","striker","dark","{""shape"":""diamond"",""min"":1,""max"":3,""requiresLineOfSight"":false}","{""shape"":""single"",""radius"":0}","46","100","8","34","[{""type"":""damage""}]","swift","dark | melee","true","ready"
"daakunesurabu","Daakunesurabu","Daakunesurabu","ダークネスラブ","ダークネスラブ","super_xros_wars","area_damage","dark","{""shape"":""diamond"",""min"":1,""max"":3,""requiresLineOfSight"":false}","{""shape"":""diamond"",""radius"":1}","22","100","16","34","[{""type"":""damage""},{""type"":""status"",""status"":""paralysis"",""chance"":25,""duration"":3}]","efficient","dark | projectile","true","ready"
"daakumyuujikaru","Daakumyuujikaru","Daakumyuujikaru","ダークミュージカル","ダークミュージカル","super_xros_wars","striker","dark","{""shape"":""diamond"",""min"":1,""max"":3,""requiresLineOfSight"":false}","{""shape"":""single"",""radius"":0}","46","100","8","34","[{""type"":""damage""}]","swift","dark | melee","true","ready"
"daatiisoosaa","Daatiisoosaa","Daatiisoosaa","ダーティーソーサー","ダーティーソーサー","super_xros_wars","striker","light","{""shape"":""diamond"",""min"":1,""max"":3,""requiresLineOfSight"":false}","{""shape"":""single"",""radius"":0}","46","100","8","34","[{""type"":""damage""}]","swift","light | melee","true","ready"
"daiamondohejjihoggu","Daiamondohejjihoggu","Daiamondohejjihoggu","ダイアモンドヘッジホッグ","ダイアモンドヘッジホッグ","super_xros_wars","area_damage","neutral","{""shape"":""diamond"",""min"":1,""max"":3,""requiresLineOfSight"":false}","{""shape"":""diamond"",""radius"":1}","22","100","16","34","[{""type"":""damage""},{""type"":""status"",""status"":""doom"",""chance"":25,""duration"":3}]","efficient","neutral | projectile","true","ready"
"daiamondomashingan","Daiamondomashingan","Daiamondomashingan","ダイアモンドマシンガン","ダイアモンドマシンガン","super_xros_wars","striker","neutral","{""shape"":""diamond"",""min"":1,""max"":3,""requiresLineOfSight"":false}","{""shape"":""single"",""radius"":0}","46","100","8","34","[{""type"":""damage""}]","swift","neutral | melee","true","ready"
"taidaruweebu","Taidaruweebu","Taidaruweebu","タイダルウェーブ","タイダルウェーブ","super_xros_wars","area_damage","water","{""shape"":""diamond"",""min"":1,""max"":3,""requiresLineOfSight"":false}","{""shape"":""diamond"",""radius"":1}","37","100","12","34","[{""type"":""damage""}]","swift","water | projectile","false","requires_digixros"
"taimuanrimiteddo","Taimuanrimiteddo","Taimuanrimiteddo","タイムアンリミテッド","タイムアンリミテッド","super_xros_wars","area_damage","neutral","{""shape"":""diamond"",""min"":1,""max"":3,""requiresLineOfSight"":false}","{""shape"":""diamond"",""radius"":1}","22","100","16","34","[{""type"":""damage""},{""type"":""status"",""status"":""doom"",""chance"":25,""duration"":3}]","efficient","neutral | projectile","true","ready"
"taimudesutoroiyaa","Taimudesutoroiyaa","Taimudesutoroiyaa","タイムデストロイヤー","タイムデストロイヤー","super_xros_wars","striker","neutral","{""shape"":""diamond"",""min"":1,""max"":3,""requiresLineOfSight"":false}","{""shape"":""single"",""radius"":0}","31","100","12","34","[{""type"":""damage""},{""type"":""status"",""status"":""paralysis"",""chance"":25,""duration"":3}]","reliable_effect","neutral | melee","true","ready"
"tasukusutoraikusu","Tasukusutoraikusu","Tasukusutoraikusu","タスクストライクス","タスクストライクス","super_xros_wars","striker","neutral","{""shape"":""diamond"",""min"":1,""max"":3,""requiresLineOfSight"":false}","{""shape"":""single"",""radius"":0}","31","100","12","34","[{""type"":""damage""},{""type"":""status"",""status"":""paralysis"",""chance"":25,""duration"":3}]","reliable_effect","neutral | melee","true","ready"
"dasshuburutogangu","Dasshuburutogangu","Dasshuburutogangu","ダッシュブルトガング","ダッシュブルトガング","super_xros_wars","striker","light","{""shape"":""diamond"",""min"":1,""max"":3,""requiresLineOfSight"":false}","{""shape"":""single"",""radius"":0}","46","100","8","34","[{""type"":""damage""}]","swift","light | melee","true","ready"
"daburukattaa","Daburukattaa","Daburukattaa","ダブルカッター","ダブルカッター","super_xros_wars","striker","neutral","{""shape"":""diamond"",""min"":1,""max"":3,""requiresLineOfSight"":false}","{""shape"":""single"",""radius"":0}","46","100","8","34","[{""type"":""damage""}]","swift","neutral | melee","true","ready"
"daburukuresentomiraaju","Daburukuresentomiraaju","Daburukuresentomiraaju","ダブルクレセントミラージュ","ダブルクレセントミラージュ","super_xros_wars","area_damage","neutral","{""shape"":""diamond"",""min"":1,""max"":3,""requiresLineOfSight"":false}","{""shape"":""diamond"",""radius"":1}","22","100","16","34","[{""type"":""damage""},{""type"":""status"",""status"":""speed_down"",""chance"":25,""duration"":3}]","efficient","neutral | projectile","true","ready"
"daburubakkuhando","Daburubakkuhando","Daburubakkuhando","ダブルバックハンド","ダブルバックハンド","super_xros_wars","striker","neutral","{""shape"":""diamond"",""min"":1,""max"":3,""requiresLineOfSight"":false}","{""shape"":""single"",""radius"":0}","46","100","8","34","[{""type"":""damage""}]","swift","neutral | melee","true","ready"
"daburubikutoriiinpakuto","Daburubikutoriiinpakuto","Daburubikutoriiinpakuto","ダブルビクトリーインパクト","ダブルビクトリーインパクト","super_xros_wars","striker","neutral","{""shape"":""diamond"",""min"":1,""max"":3,""requiresLineOfSight"":false}","{""shape"":""single"",""radius"":0}","46","100","8","34","[{""type"":""damage""}]","swift","neutral | melee","true","ready"
"dangansenpuu","Dangansenpuu","Dangansenpuu","だんがんせんぷう","だんがんせんぷう","super_xros_wars","striker","neutral","{""shape"":""diamond"",""min"":1,""max"":3,""requiresLineOfSight"":false}","{""shape"":""single"",""radius"":0}","46","100","8","34","[{""type"":""damage""}]","swift","neutral | melee","true","ready"
"chekkumeito","Chekkumeito","Chekkumeito","チェックメイト","チェックメイト","super_xros_wars","area_damage","electric","{""shape"":""diamond"",""min"":1,""max"":3,""requiresLineOfSight"":false}","{""shape"":""diamond"",""radius"":1}","22","100","16","34","[{""type"":""damage""},{""type"":""status"",""status"":""doom"",""chance"":25,""duration"":3}]","efficient","electric | projectile","true","ready"
"chouakushuufunsha","Chouakushuufunsha","Chouakushuufunsha","ちょうあくしゅうふんしゃ","ちょうあくしゅうふんしゃ","super_xros_wars","area_damage","neutral","{""shape"":""diamond"",""min"":1,""max"":3,""requiresLineOfSight"":false}","{""shape"":""diamond"",""radius"":1}","22","100","16","34","[{""type"":""damage""},{""type"":""status"",""status"":""paralysis"",""chance"":25,""duration"":3}]","efficient","neutral | projectile","true","ready"
"chinchikurin","Chinchikurin","Chinchikurin","チンチクリン","チンチクリン","super_xros_wars","striker","neutral","{""shape"":""diamond"",""min"":1,""max"":3,""requiresLineOfSight"":false}","{""shape"":""single"",""radius"":0}","46","100","8","34","[{""type"":""damage""}]","swift","neutral | melee","true","ready"
"tsuinsupia","Tsuinsupia","Tsuinsupia","ツインスピア","ツインスピア","super_xros_wars","striker","neutral","{""shape"":""diamond"",""min"":1,""max"":3,""requiresLineOfSight"":false}","{""shape"":""single"",""radius"":0}","46","100","8","34","[{""type"":""damage""}]","swift","neutral | melee","false","requires_digixros"
"tsundoraburesu","Tsundoraburesu","Tsundoraburesu","ツンドラブレス","ツンドラブレス","super_xros_wars","area_damage","neutral","{""shape"":""diamond"",""min"":1,""max"":3,""requiresLineOfSight"":false}","{""shape"":""diamond"",""radius"":1}","22","100","16","34","[{""type"":""damage""},{""type"":""status"",""status"":""paralysis"",""chance"":25,""duration"":3}]","efficient","neutral | projectile","true","ready"
"tiaashuuto","Tiaashuuto","Tiaashuuto","ティアーシュート","ティアーシュート","super_xros_wars","striker","neutral","{""shape"":""diamond"",""min"":1,""max"":3,""requiresLineOfSight"":false}","{""shape"":""single"",""radius"":0}","46","100","8","34","[{""type"":""damage""}]","swift","neutral | melee","true","ready"
"disutooshonrain","Disutooshonrain","Disutooshonrain","ディストーションライン","ディストーションライン","super_xros_wars","area_damage","neutral","{""shape"":""diamond"",""min"":1,""max"":3,""requiresLineOfSight"":false}","{""shape"":""diamond"",""radius"":1}","37","100","12","34","[{""type"":""damage""}]","swift","neutral | projectile","true","ready"
"dibain_fiito","Dibain Fiito","Dibain Fiito","ディバイン・フィート","ディバイン・フィート","super_xros_wars","striker","light","{""shape"":""diamond"",""min"":1,""max"":3,""requiresLineOfSight"":false}","{""shape"":""single"",""radius"":0}","31","100","12","34","[{""type"":""damage""},{""type"":""status"",""status"":""atk_up"",""chance"":25,""duration"":3}]","reliable_effect","light | melee","true","ready"
"dimenshonshizaa","Dimenshonshizaa","Dimenshonshizaa","ディメンションシザー","ディメンションシザー","super_xros_wars","striker","electric","{""shape"":""diamond"",""min"":1,""max"":3,""requiresLineOfSight"":false}","{""shape"":""single"",""radius"":0}","46","100","8","34","[{""type"":""damage""}]","swift","electric | melee","false","requires_digixros"
"dimenjondesutoroiyaa","Dimenjondesutoroiyaa","Dimenjondesutoroiyaa","ディメンジョンデストロイヤー","ディメンジョンデストロイヤー","super_xros_wars","area_damage","dark","{""shape"":""diamond"",""min"":1,""max"":3,""requiresLineOfSight"":false}","{""shape"":""diamond"",""radius"":1}","37","100","12","34","[{""type"":""damage""}]","swift","dark | projectile","false","requires_digixros"
"dimenjonhooru","Dimenjonhooru","Dimenjonhooru","ディメンジョンホール","ディメンジョンホール","super_xros_wars","striker","neutral","{""shape"":""diamond"",""min"":1,""max"":3,""requiresLineOfSight"":false}","{""shape"":""single"",""radius"":0}","31","100","12","34","[{""type"":""damage""},{""type"":""status"",""status"":""atk_up"",""chance"":25,""duration"":3}]","reliable_effect","neutral | melee","true","ready"
"devainrei","Devainrei","Devainrei","デヴァインレイ","デヴァインレイ","super_xros_wars","striker","light","{""shape"":""diamond"",""min"":1,""max"":3,""requiresLineOfSight"":false}","{""shape"":""single"",""radius"":0}","46","100","8","34","[{""type"":""damage""}]","swift","light | melee","true","ready"
"devainrezorubu","Devainrezorubu","Devainrezorubu","デヴァインレゾルブ","デヴァインレゾルブ","super_xros_wars","striker","neutral","{""shape"":""diamond"",""min"":1,""max"":3,""requiresLineOfSight"":false}","{""shape"":""single"",""radius"":0}","31","100","12","34","[{""type"":""damage""},{""type"":""status"",""status"":""data_mark"",""chance"":25,""duration"":3}]","reliable_effect","neutral | melee","true","ready"
"dejikaborikkusuteroido","Dejikaborikkusuteroido","Dejikaborikkusuteroido","デジカボリックステロイド","デジカボリックステロイド","super_xros_wars","striker","neutral","{""shape"":""diamond"",""min"":1,""max"":3,""requiresLineOfSight"":false}","{""shape"":""single"",""radius"":0}","31","100","12","34","[{""type"":""damage""},{""type"":""status"",""status"":""confusion"",""chance"":25,""duration"":3}]","reliable_effect","neutral | melee","true","ready"
"dejitaraizu_obu_souru","Dejitaraizu Obu Souru","Dejitaraizu Obu Souru","デジタライズ・オブ・ソウル","デジタライズ・オブ・ソウル","super_xros_wars","area_damage","neutral","{""shape"":""diamond"",""min"":1,""max"":3,""requiresLineOfSight"":false}","{""shape"":""diamond"",""radius"":1}","22","100","16","34","[{""type"":""damage""},{""type"":""status"",""status"":""def_down"",""chance"":25,""duration"":3}]","efficient","neutral | projectile","false","requires_digixros"
"desu_za_kyanon","Desu Za Kyanon","Desu Za Kyanon","デス・ザ・キャノン","デス・ザ・キャノン","super_xros_wars","striker","dark","{""shape"":""diamond"",""min"":1,""max"":3,""requiresLineOfSight"":false}","{""shape"":""single"",""radius"":0}","46","100","8","34","[{""type"":""damage""}]","swift","dark | melee","false","requires_digixros"
"desudesutoroiyaa","Desudesutoroiyaa","Desudesutoroiyaa","デスデストロイヤー","デスデストロイヤー","super_xros_wars","area_damage","neutral","{""shape"":""diamond"",""min"":1,""max"":3,""requiresLineOfSight"":false}","{""shape"":""diamond"",""radius"":1}","37","100","12","34","[{""type"":""damage""}]","swift","neutral | projectile","true","ready"
"desutorakushonroaa","Desutorakushonroaa","Desutorakushonroaa","デストラクションロアー","デストラクションロアー","super_xros_wars","area_damage","neutral","{""shape"":""diamond"",""min"":1,""max"":3,""requiresLineOfSight"":false}","{""shape"":""diamond"",""radius"":1}","22","100","16","34","[{""type"":""damage""},{""type"":""status"",""status"":""paralysis"",""chance"":25,""duration"":3}]","efficient","neutral | projectile","true","ready"
"desuperaadoburasutaa","Desuperaadoburasutaa","Desuperaadoburasutaa","デスペラードブラスター","デスペラードブラスター","super_xros_wars","striker","fire","{""shape"":""diamond"",""min"":1,""max"":3,""requiresLineOfSight"":false}","{""shape"":""single"",""radius"":0}","46","100","8","34","[{""type"":""damage""}]","swift","fire | melee","false","requires_digixros"
"desumaachi","Desumaachi","Desumaachi","デスマーチ","デスマーチ","super_xros_wars","area_damage","neutral","{""shape"":""diamond"",""min"":1,""max"":3,""requiresLineOfSight"":false}","{""shape"":""diamond"",""radius"":1}","22","100","16","34","[{""type"":""damage""},{""type"":""status"",""status"":""speed_down"",""chance"":25,""duration"":3}]","efficient","neutral | projectile","true","ready"
"deddosukuriimu","Deddosukuriimu","Deddosukuriimu","デッドスクリーム","デッドスクリーム","super_xros_wars","area_damage","electric","{""shape"":""diamond"",""min"":1,""max"":3,""requiresLineOfSight"":false}","{""shape"":""diamond"",""radius"":1}","37","100","12","34","[{""type"":""damage""}]","swift","electric | projectile","true","ready"
"deddoriisheedo","Deddoriisheedo","Deddoriisheedo","デッドリーシェード","デッドリーシェード","super_xros_wars","area_damage","neutral","{""shape"":""diamond"",""min"":1,""max"":3,""requiresLineOfSight"":false}","{""shape"":""diamond"",""radius"":1}","22","100","16","34","[{""type"":""damage""},{""type"":""status"",""status"":""def_down"",""chance"":25,""duration"":3}]","efficient","neutral | projectile","true","ready"
"deddoriisutingu","Deddoriisutingu","Deddoriisutingu","デッドリースティング","デッドリースティング","super_xros_wars","striker","neutral","{""shape"":""diamond"",""min"":1,""max"":3,""requiresLineOfSight"":false}","{""shape"":""single"",""radius"":0}","31","100","12","34","[{""type"":""damage""},{""type"":""status"",""status"":""poison"",""chance"":25,""duration"":3}]","reliable_effect","neutral | melee","true","ready"
"deddoriibomu","Deddoriibomu","Deddoriibomu","デッドリーボム","デッドリーボム","super_xros_wars","striker","neutral","{""shape"":""diamond"",""min"":1,""max"":3,""requiresLineOfSight"":false}","{""shape"":""single"",""radius"":0}","31","100","12","34","[{""type"":""damage""},{""type"":""status"",""status"":""doom"",""chance"":25,""duration"":3}]","reliable_effect","neutral | melee","true","ready"
"teppou","Teppou","Teppou","テッポウ","テッポウ","super_xros_wars","area_damage","neutral","{""shape"":""diamond"",""min"":1,""max"":3,""requiresLineOfSight"":false}","{""shape"":""diamond"",""radius"":1}","37","100","12","34","[{""type"":""damage""}]","swift","neutral | projectile","true","ready"
"debirubasshingu","Debirubasshingu","Debirubasshingu","デビルバッシング","デビルバッシング","super_xros_wars","striker","neutral","{""shape"":""diamond"",""min"":1,""max"":3,""requiresLineOfSight"":false}","{""shape"":""single"",""radius"":0}","46","100","8","34","[{""type"":""damage""}]","swift","neutral | melee","true","ready"
"demonikkugeiru","Demonikkugeiru","Demonikkugeiru","デモニックゲイル","デモニックゲイル","super_xros_wars","area_damage","wind","{""shape"":""diamond"",""min"":1,""max"":3,""requiresLineOfSight"":false}","{""shape"":""diamond"",""radius"":1}","37","100","12","34","[{""type"":""damage""}]","swift","wind | projectile","true","ready"
"demonaamu","Demonaamu","Demonaamu","デモンアーム","デモンアーム","super_xros_wars","striker","neutral","{""shape"":""diamond"",""min"":1,""max"":3,""requiresLineOfSight"":false}","{""shape"":""single"",""radius"":0}","46","100","8","34","[{""type"":""damage""}]","swift","neutral | melee","true","ready"
"demonzudizasutaa","Demonzudizasutaa","Demonzudizasutaa","デモンズディザスター","デモンズディザスター","super_xros_wars","striker","neutral","{""shape"":""diamond"",""min"":1,""max"":3,""requiresLineOfSight"":false}","{""shape"":""single"",""radius"":0}","46","100","8","34","[{""type"":""damage""}]","swift","neutral | melee","true","ready"
"teraaisurezorubu","Teraaisurezorubu","Teraaisurezorubu","テラアイスレゾルブ","テラアイスレゾルブ","super_xros_wars","striker","neutral","{""shape"":""diamond"",""min"":1,""max"":3,""requiresLineOfSight"":false}","{""shape"":""single"",""radius"":0}","31","100","12","34","[{""type"":""damage""},{""type"":""status"",""status"":""data_mark"",""chance"":25,""duration"":3}]","reliable_effect","neutral | melee","true","ready"
"teraapurankuton","Teraapurankuton","Teraapurankuton","テラープランクトン","テラープランクトン","super_xros_wars","area_damage","neutral","{""shape"":""diamond"",""min"":1,""max"":3,""requiresLineOfSight"":false}","{""shape"":""diamond"",""radius"":1}","37","100","12","34","[{""type"":""damage""}]","swift","neutral | projectile","true","ready"
"terasandaarezorubu","Terasandaarezorubu","Terasandaarezorubu","テラサンダーレゾルブ","テラサンダーレゾルブ","super_xros_wars","striker","neutral","{""shape"":""diamond"",""min"":1,""max"":3,""requiresLineOfSight"":false}","{""shape"":""single"",""radius"":0}","31","100","12","34","[{""type"":""damage""},{""type"":""status"",""status"":""data_mark"",""chance"":25,""duration"":3}]","reliable_effect","neutral | melee","true","ready"
"terashadourezorubu","Terashadourezorubu","Terashadourezorubu","テラシャドウレゾルブ","テラシャドウレゾルブ","super_xros_wars","striker","dark","{""shape"":""diamond"",""min"":1,""max"":3,""requiresLineOfSight"":false}","{""shape"":""single"",""radius"":0}","31","100","12","34","[{""type"":""damage""},{""type"":""status"",""status"":""data_mark"",""chance"":25,""duration"":3}]","reliable_effect","dark | melee","true","ready"
"teradevainrezorubu","Teradevainrezorubu","Teradevainrezorubu","テラデヴァインレゾルブ","テラデヴァインレゾルブ","super_xros_wars","striker","neutral","{""shape"":""diamond"",""min"":1,""max"":3,""requiresLineOfSight"":false}","{""shape"":""single"",""radius"":0}","31","100","12","34","[{""type"":""damage""},{""type"":""status"",""status"":""data_mark"",""chance"":25,""duration"":3}]","reliable_effect","neutral | melee","true","ready"
"terabatorurezorubu","Terabatorurezorubu","Terabatorurezorubu","テラバトルレゾルブ","テラバトルレゾルブ","super_xros_wars","striker","neutral","{""shape"":""diamond"",""min"":1,""max"":3,""requiresLineOfSight"":false}","{""shape"":""single"",""radius"":0}","31","100","12","34","[{""type"":""damage""},{""type"":""status"",""status"":""data_mark"",""chance"":25,""duration"":3}]","reliable_effect","neutral | melee","true","ready"
"terafaiarezorubu","Terafaiarezorubu","Terafaiarezorubu","テラファイアレゾルブ","テラファイアレゾルブ","super_xros_wars","striker","fire","{""shape"":""diamond"",""min"":1,""max"":3,""requiresLineOfSight"":false}","{""shape"":""single"",""radius"":0}","31","100","12","34","[{""type"":""damage""},{""type"":""status"",""status"":""data_mark"",""chance"":25,""duration"":3}]","reliable_effect","fire | melee","true","ready"
"tenkainohikari","Tenkainohikari","Tenkainohikari","てんかいのひかり","てんかいのひかり","super_xros_wars","healing","light","{""shape"":""diamond"",""min"":0,""max"":3,""requiresLineOfSight"":false}","{""shape"":""single"",""radius"":0}","30","100","10","38","[{""type"":""heal"",""percentMaxHp"":30}]","potent","light | healing","true","ready"
"denkinoiki","Denkinoiki","Denkinoiki","でんきのいき","でんきのいき","super_xros_wars","area_damage","neutral","{""shape"":""diamond"",""min"":1,""max"":3,""requiresLineOfSight"":false}","{""shape"":""diamond"",""radius"":1}","37","100","12","34","[{""type"":""damage""}]","swift","neutral | projectile","true","ready"
"denkinokobushi","Denkinokobushi","Denkinokobushi","でんきのこぶし","でんきのこぶし","super_xros_wars","striker","electric","{""shape"":""diamond"",""min"":1,""max"":3,""requiresLineOfSight"":false}","{""shape"":""single"",""radius"":0}","46","100","8","34","[{""type"":""damage""}]","swift","electric | melee","true","ready"
"denkousekka","Denkousekka","Denkousekka","でんこうせっか","でんこうせっか","super_xros_wars","striker","light","{""shape"":""diamond"",""min"":1,""max"":3,""requiresLineOfSight"":false}","{""shape"":""single"",""radius"":0}","31","100","12","34","[{""type"":""damage""},{""type"":""status"",""status"":""speed_up"",""chance"":25,""duration"":3}]","reliable_effect","light | melee","true","ready"
"densen","Densen","Densen","でんせん","でんせん","super_xros_wars","striker","electric","{""shape"":""diamond"",""min"":1,""max"":3,""requiresLineOfSight"":false}","{""shape"":""single"",""radius"":0}","46","100","8","34","[{""type"":""damage""}]","swift","electric | melee","true","ready"
"tuinkurubiimu","Tuinkurubiimu","Tuinkurubiimu","トゥインクルビーム","トゥインクルビーム","super_xros_wars","striker","neutral","{""shape"":""diamond"",""min"":1,""max"":3,""requiresLineOfSight"":false}","{""shape"":""single"",""radius"":0}","31","100","12","34","[{""type"":""damage""},{""type"":""status"",""status"":""speed_down"",""chance"":25,""duration"":3}]","reliable_effect","neutral | melee","true","ready"
"toukinoiki","Toukinoiki","Toukinoiki","とうきのいき","とうきのいき","super_xros_wars","area_damage","neutral","{""shape"":""diamond"",""min"":1,""max"":3,""requiresLineOfSight"":false}","{""shape"":""diamond"",""radius"":1}","37","100","12","34","[{""type"":""damage""}]","swift","neutral | projectile","true","ready"
"toushinokobushi","Toushinokobushi","Toushinokobushi","とうしのこぶし","とうしのこぶし","super_xros_wars","striker","neutral","{""shape"":""diamond"",""min"":1,""max"":3,""requiresLineOfSight"":false}","{""shape"":""single"",""radius"":0}","46","100","8","34","[{""type"":""damage""}]","swift","neutral | melee","true","ready"
"tuto_anku_ra_ru","Tuto Anku Ra Ru","Tuto Anku Ra Ru","トゥト・アンク・ラィル","トゥト・アンク・ラィル","super_xros_wars","striker","neutral","{""shape"":""diamond"",""min"":1,""max"":3,""requiresLineOfSight"":false}","{""shape"":""single"",""radius"":0}","46","100","8","34","[{""type"":""damage""}]","swift","neutral | melee","true","ready"
"touhakken","Touhakken","Touhakken","とうはっけん","とうはっけん","super_xros_wars","area_damage","neutral","{""shape"":""diamond"",""min"":1,""max"":3,""requiresLineOfSight"":false}","{""shape"":""diamond"",""radius"":1}","37","100","12","34","[{""type"":""damage""}]","swift","neutral | projectile","true","ready"
"toopiidoatakku","Toopiidoatakku","Toopiidoatakku","トーピードアタック","トーピードアタック","super_xros_wars","striker","neutral","{""shape"":""diamond"",""min"":1,""max"":3,""requiresLineOfSight"":false}","{""shape"":""single"",""radius"":0}","31","100","12","34","[{""type"":""damage""},{""type"":""status"",""status"":""def_down"",""chance"":25,""duration"":3}]","reliable_effect","neutral | melee","true","ready"
"tosshin","Tosshin","Tosshin","とっしん","とっしん","super_xros_wars","striker","neutral","{""shape"":""diamond"",""min"":1,""max"":3,""requiresLineOfSight"":false}","{""shape"":""single"",""radius"":0}","31","100","12","34","[{""type"":""damage""},{""type"":""status"",""status"":""data_mark"",""chance"":25,""duration"":3}]","reliable_effect","neutral | melee","true","ready"
"dotouyamikumonomai","Dotouyamikumonomai","Dotouyamikumonomai","どとうやみくものまい","どとうやみくものまい","super_xros_wars","striker","dark","{""shape"":""diamond"",""min"":1,""max"":3,""requiresLineOfSight"":false}","{""shape"":""single"",""radius"":0}","46","100","8","34","[{""type"":""damage""}]","swift","dark | melee","false","requires_digixros"
"tomahookushutainaa","Tomahookushutainaa","Tomahookushutainaa","トマホークシュタイナー","トマホークシュタイナー","super_xros_wars","area_damage","neutral","{""shape"":""diamond"",""min"":1,""max"":3,""requiresLineOfSight"":false}","{""shape"":""diamond"",""radius"":1}","37","100","12","34","[{""type"":""damage""}]","swift","neutral | projectile","false","requires_digixros"
"toraidentoaamu","Toraidentoaamu","Toraidentoaamu","トライデントアーム","トライデントアーム","super_xros_wars","striker","neutral","{""shape"":""diamond"",""min"":1,""max"":3,""requiresLineOfSight"":false}","{""shape"":""single"",""radius"":0}","46","100","8","34","[{""type"":""damage""}]","swift","neutral | melee","true","ready"
"toraidentoteeru","Toraidentoteeru","Toraidentoteeru","トライデントテール","トライデントテール","super_xros_wars","striker","neutral","{""shape"":""diamond"",""min"":1,""max"":3,""requiresLineOfSight"":false}","{""shape"":""single"",""radius"":0}","46","100","8","34","[{""type"":""damage""}]","swift","neutral | melee","true","ready"
"toraidentoriborubaa","Toraidentoriborubaa","Toraidentoriborubaa","トライデントリボルバー","トライデントリボルバー","super_xros_wars","striker","fire","{""shape"":""diamond"",""min"":1,""max"":3,""requiresLineOfSight"":false}","{""shape"":""single"",""radius"":0}","46","100","8","34","[{""type"":""damage""}]","swift","fire | melee","false","requires_digixros"
"toraihoonatakku","Toraihoonatakku","Toraihoonatakku","トライホーンアタック","トライホーンアタック","super_xros_wars","area_damage","neutral","{""shape"":""diamond"",""min"":1,""max"":3,""requiresLineOfSight"":false}","{""shape"":""diamond"",""radius"":1}","22","100","16","34","[{""type"":""damage""},{""type"":""status"",""status"":""paralysis"",""chance"":25,""duration"":3}]","efficient","neutral | projectile","true","ready"
"doragonzuroa","Doragonzuroa","Doragonzuroa","ドラゴンズロア","ドラゴンズロア","super_xros_wars","striker","neutral","{""shape"":""diamond"",""min"":1,""max"":3,""requiresLineOfSight"":false}","{""shape"":""single"",""radius"":0}","46","100","8","34","[{""type"":""damage""}]","swift","neutral | melee","true","ready"
"toripuruweebu","Toripuruweebu","Toripuruweebu","トリプルウェーブ","トリプルウェーブ","super_xros_wars","area_damage","neutral","{""shape"":""diamond"",""min"":1,""max"":3,""requiresLineOfSight"":false}","{""shape"":""diamond"",""radius"":1}","37","100","12","34","[{""type"":""damage""}]","swift","neutral | projectile","true","ready"
"dorirusheru","Dorirusheru","Dorirusheru","ドリルシェル","ドリルシェル","super_xros_wars","striker","neutral","{""shape"":""diamond"",""min"":1,""max"":3,""requiresLineOfSight"":false}","{""shape"":""single"",""radius"":0}","46","100","8","34","[{""type"":""damage""}]","swift","neutral | melee","true","ready"
"dorirusupin","Dorirusupin","Dorirusupin","ドリルスピン","ドリルスピン","super_xros_wars","striker","neutral","{""shape"":""diamond"",""min"":1,""max"":3,""requiresLineOfSight"":false}","{""shape"":""single"",""radius"":0}","46","100","8","34","[{""type"":""damage""}]","swift","neutral | melee","true","ready"
"dorirubasutaa","Dorirubasutaa","Dorirubasutaa","ドリルバスター","ドリルバスター","super_xros_wars","striker","neutral","{""shape"":""diamond"",""min"":1,""max"":3,""requiresLineOfSight"":false}","{""shape"":""single"",""radius"":0}","46","100","8","34","[{""type"":""damage""}]","swift","neutral | melee","true","ready"
"dorirubureedaa","Dorirubureedaa","Dorirubureedaa","ドリルブレーダー","ドリルブレーダー","super_xros_wars","striker","neutral","{""shape"":""diamond"",""min"":1,""max"":3,""requiresLineOfSight"":false}","{""shape"":""single"",""radius"":0}","31","100","12","34","[{""type"":""damage""},{""type"":""status"",""status"":""speed_down"",""chance"":25,""duration"":3}]","reliable_effect","neutral | melee","true","ready"
"dorudiin","Dorudiin","Dorudiin","ドルディーン","ドルディーン","super_xros_wars","area_damage","fire","{""shape"":""diamond"",""min"":1,""max"":3,""requiresLineOfSight"":false}","{""shape"":""diamond"",""radius"":1}","22","100","16","34","[{""type"":""damage""},{""type"":""status"",""status"":""speed_down"",""chance"":25,""duration"":3}]","efficient","fire | projectile","true","ready"
"dorufinkikku","Dorufinkikku","Dorufinkikku","ドルフィンキック","ドルフィンキック","super_xros_wars","striker","neutral","{""shape"":""diamond"",""min"":1,""max"":3,""requiresLineOfSight"":false}","{""shape"":""single"",""radius"":0}","31","100","12","34","[{""type"":""damage""},{""type"":""status"",""status"":""def_down"",""chance"":25,""duration"":3}]","reliable_effect","neutral | melee","true","ready"
"dorurukyanon","Dorurukyanon","Dorurukyanon","ドルルキャノン","ドルルキャノン","super_xros_wars","striker","neutral","{""shape"":""diamond"",""min"":1,""max"":3,""requiresLineOfSight"":false}","{""shape"":""single"",""radius"":0}","31","100","12","34","[{""type"":""damage""},{""type"":""status"",""status"":""speed_down"",""chance"":25,""duration"":3}]","reliable_effect","neutral | melee","false","requires_digixros"
"dorurutoruneedo","Dorurutoruneedo","Dorurutoruneedo","ドルルトルネード","ドルルトルネード","super_xros_wars","striker","neutral","{""shape"":""diamond"",""min"":1,""max"":3,""requiresLineOfSight"":false}","{""shape"":""single"",""radius"":0}","46","100","8","34","[{""type"":""damage""}]","swift","neutral | melee","true","ready"
"towaisuaamu","Towaisuaamu","Towaisuaamu","トワイスアーム","トワイスアーム","super_xros_wars","striker","neutral","{""shape"":""diamond"",""min"":1,""max"":3,""requiresLineOfSight"":false}","{""shape"":""single"",""radius"":0}","46","100","8","34","[{""type"":""damage""}]","swift","neutral | melee","true","ready"
"dondokoondo","Dondokoondo","Dondokoondo","ドンドコおんど","ドンドコおんど","super_xros_wars","striker","neutral","{""shape"":""diamond"",""min"":1,""max"":3,""requiresLineOfSight"":false}","{""shape"":""single"",""radius"":0}","31","100","12","34","[{""type"":""damage""},{""type"":""status"",""status"":""atk_up"",""chance"":25,""duration"":3}]","reliable_effect","neutral | melee","true","ready"
"naito_obu_faiaa","Naito Obu Faiaa","Naito Obu Faiaa","ナイト・オブ・ファイアー","ナイト・オブ・ファイアー","super_xros_wars","striker","fire","{""shape"":""diamond"",""min"":1,""max"":3,""requiresLineOfSight"":false}","{""shape"":""single"",""radius"":0}","46","100","8","34","[{""type"":""damage""}]","swift","fire | melee","true","ready"
"naito_obu_burizaado","Naito Obu Burizaado","Naito Obu Burizaado","ナイト・オブ・ブリザード","ナイト・オブ・ブリザード","super_xros_wars","area_damage","dark","{""shape"":""diamond"",""min"":1,""max"":3,""requiresLineOfSight"":false}","{""shape"":""diamond"",""radius"":1}","22","100","16","34","[{""type"":""damage""},{""type"":""status"",""status"":""int_down"",""chance"":25,""duration"":3}]","efficient","dark | projectile","true","ready"
"naitohooku","Naitohooku","Naitohooku","ナイトホーク","ナイトホーク","super_xros_wars","striker","light","{""shape"":""diamond"",""min"":1,""max"":3,""requiresLineOfSight"":false}","{""shape"":""single"",""radius"":0}","46","100","8","34","[{""type"":""damage""}]","swift","light | melee","true","ready"
"naitomeashindoroomu","Naitomeashindoroomu","Naitomeashindoroomu","ナイトメアシンドローム","ナイトメアシンドローム","super_xros_wars","area_damage","dark","{""shape"":""diamond"",""min"":1,""max"":3,""requiresLineOfSight"":false}","{""shape"":""diamond"",""radius"":1}","37","100","12","34","[{""type"":""damage""}]","swift","dark | projectile","true","ready"
"naitoransaa","Naitoransaa","Naitoransaa","ナイトランサー","ナイトランサー","super_xros_wars","area_damage","neutral","{""shape"":""diamond"",""min"":1,""max"":3,""requiresLineOfSight"":false}","{""shape"":""diamond"",""radius"":1}","37","100","12","34","[{""type"":""damage""}]","swift","neutral | projectile","true","ready"
"nairujuerii","Nairujuerii","Nairujuerii","ナイルジュエリー","ナイルジュエリー","super_xros_wars","striker","neutral","{""shape"":""diamond"",""min"":1,""max"":3,""requiresLineOfSight"":false}","{""shape"":""single"",""radius"":0}","46","100","8","34","[{""type"":""damage""}]","swift","neutral | melee","true","ready"
"nazaruneiru","Nazaruneiru","Nazaruneiru","ナザルネイル","ナザルネイル","super_xros_wars","striker","neutral","{""shape"":""diamond"",""min"":1,""max"":3,""requiresLineOfSight"":false}","{""shape"":""single"",""radius"":0}","46","100","8","34","[{""type"":""damage""}]","swift","neutral | melee","true","ready"
"nakkurufaia","Nakkurufaia","Nakkurufaia","ナックルファイア","ナックルファイア","super_xros_wars","striker","fire","{""shape"":""diamond"",""min"":1,""max"":3,""requiresLineOfSight"":false}","{""shape"":""single"",""radius"":0}","31","100","12","34","[{""type"":""damage""},{""type"":""status"",""status"":""data_mark"",""chance"":25,""duration"":3}]","reliable_effect","fire | melee","true","ready"
"nattsuekusupuroojon","Nattsuekusupuroojon","Nattsuekusupuroojon","ナッツエクスプロージョン","ナッツエクスプロージョン","super_xros_wars","area_damage","fire","{""shape"":""diamond"",""min"":1,""max"":3,""requiresLineOfSight"":false}","{""shape"":""diamond"",""radius"":1}","37","100","12","34","[{""type"":""damage""}]","swift","fire | projectile","true","ready"
"nattsushuuto","Nattsushuuto","Nattsushuuto","ナッツシュート","ナッツシュート","super_xros_wars","striker","light","{""shape"":""diamond"",""min"":1,""max"":3,""requiresLineOfSight"":false}","{""shape"":""single"",""radius"":0}","46","100","8","34","[{""type"":""damage""}]","swift","light | melee","true","ready"
"nanaironoawa","Nanaironoawa","Nanaironoawa","なないろのアワ","なないろのアワ","super_xros_wars","striker","water","{""shape"":""diamond"",""min"":1,""max"":3,""requiresLineOfSight"":false}","{""shape"":""single"",""radius"":0}","46","100","8","34","[{""type"":""damage""}]","swift","water | melee","true","ready"
"nanokurasshu","Nanokurasshu","Nanokurasshu","ナノクラッシュ","ナノクラッシュ","super_xros_wars","striker","neutral","{""shape"":""diamond"",""min"":1,""max"":3,""requiresLineOfSight"":false}","{""shape"":""single"",""radius"":0}","31","100","12","34","[{""type"":""damage""},{""type"":""status"",""status"":""confusion"",""chance"":25,""duration"":3}]","reliable_effect","neutral | melee","true","ready"
"niidorusupuree","Niidorusupuree","Niidorusupuree","ニードルスプレー","ニードルスプレー","super_xros_wars","striker","neutral","{""shape"":""diamond"",""min"":1,""max"":3,""requiresLineOfSight"":false}","{""shape"":""single"",""radius"":0}","46","100","8","34","[{""type"":""damage""}]","swift","neutral | melee","true","ready"
"ninotachi","Ninotachi","Ninotachi","にのたち","にのたち","super_xros_wars","striker","neutral","{""shape"":""diamond"",""min"":1,""max"":3,""requiresLineOfSight"":false}","{""shape"":""single"",""radius"":0}","46","100","8","34","[{""type"":""damage""}]","swift","neutral | melee","true","ready"
"nekkuhangingu","Nekkuhangingu","Nekkuhangingu","ネックハンギング","ネックハンギング","super_xros_wars","striker","neutral","{""shape"":""diamond"",""min"":1,""max"":3,""requiresLineOfSight"":false}","{""shape"":""single"",""radius"":0}","31","100","12","34","[{""type"":""damage""},{""type"":""status"",""status"":""speed_down"",""chance"":25,""duration"":3}]","reliable_effect","neutral | melee","true","ready"
"noijiiekoo","Noijiiekoo","Noijiiekoo","ノイジーエコー","ノイジーエコー","super_xros_wars","striker","neutral","{""shape"":""diamond"",""min"":1,""max"":3,""requiresLineOfSight"":false}","{""shape"":""single"",""radius"":0}","31","100","12","34","[{""type"":""damage""},{""type"":""status"",""status"":""confusion"",""chance"":25,""duration"":3}]","reliable_effect","neutral | melee","true","ready"
"noozankurosubonbaa","Noozankurosubonbaa","Noozankurosubonbaa","ノーザンクロスボンバー","ノーザンクロスボンバー","super_xros_wars","striker","neutral","{""shape"":""diamond"",""min"":1,""max"":3,""requiresLineOfSight"":false}","{""shape"":""single"",""radius"":0}","31","100","12","34","[{""type"":""damage""},{""type"":""status"",""status"":""confusion"",""chance"":25,""duration"":3}]","reliable_effect","neutral | melee","false","requires_digixros"
"nokkubasutaa","Nokkubasutaa","Nokkubasutaa","ノックバスター","ノックバスター","super_xros_wars","striker","neutral","{""shape"":""diamond"",""min"":1,""max"":3,""requiresLineOfSight"":false}","{""shape"":""single"",""radius"":0}","31","100","12","34","[{""type"":""damage""},{""type"":""status"",""status"":""paralysis"",""chance"":25,""duration"":3}]","reliable_effect","neutral | melee","true","ready"
"paajishain","Paajishain","Paajishain","パージシャイン","パージシャイン","super_xros_wars","area_damage","light","{""shape"":""diamond"",""min"":1,""max"":3,""requiresLineOfSight"":false}","{""shape"":""diamond"",""radius"":1}","22","100","16","34","[{""type"":""damage""},{""type"":""status"",""status"":""speed_up"",""chance"":25,""duration"":3}]","efficient","light | projectile","true","ready"
"baasutobanchoopanchi","Baasutobanchoopanchi","Baasutobanchoopanchi","バーストバンチョーパンチ","バーストバンチョーパンチ","super_xros_wars","striker","neutral","{""shape"":""diamond"",""min"":1,""max"":3,""requiresLineOfSight"":false}","{""shape"":""single"",""radius"":0}","46","100","8","34","[{""type"":""damage""}]","swift","neutral | melee","false","requires_digixros"
"haatobureikaa","Haatobureikaa","Haatobureikaa","ハートブレイカー","ハートブレイカー","super_xros_wars","area_damage","neutral","{""shape"":""diamond"",""min"":1,""max"":3,""requiresLineOfSight"":false}","{""shape"":""diamond"",""radius"":1}","37","100","12","34","[{""type"":""damage""}]","swift","neutral | projectile","true","ready"
"baaningusaramandaa","Baaningusaramandaa","Baaningusaramandaa","バーニングサラマンダー","バーニングサラマンダー","super_xros_wars","area_damage","neutral","{""shape"":""diamond"",""min"":1,""max"":3,""requiresLineOfSight"":false}","{""shape"":""diamond"",""radius"":1}","37","100","12","34","[{""type"":""damage""}]","swift","neutral | projectile","true","ready"
"baaningusutaakurasshaa","Baaningusutaakurasshaa","Baaningusutaakurasshaa","バーニングスタークラッシャー","バーニングスタークラッシャー","super_xros_wars","striker","fire","{""shape"":""diamond"",""min"":1,""max"":3,""requiresLineOfSight"":false}","{""shape"":""single"",""radius"":0}","46","100","8","34","[{""type"":""damage""}]","swift","fire | melee","false","requires_digixros"
"haidoropuresshaa","Haidoropuresshaa","Haidoropuresshaa","ハイドロプレッシャー","ハイドロプレッシャー","super_xros_wars","striker","water","{""shape"":""diamond"",""min"":1,""max"":3,""requiresLineOfSight"":false}","{""shape"":""single"",""radius"":0}","31","100","12","34","[{""type"":""damage""},{""type"":""status"",""status"":""paralysis"",""chance"":25,""duration"":3}]","reliable_effect","water | melee","false","requires_digixros"
"haidorobomu","Haidorobomu","Haidorobomu","ハイドロボム","ハイドロボム","super_xros_wars","area_damage","neutral","{""shape"":""diamond"",""min"":1,""max"":3,""requiresLineOfSight"":false}","{""shape"":""diamond"",""radius"":1}","37","100","12","34","[{""type"":""damage""}]","swift","neutral | projectile","true","ready"
"haipaaburudoozaa","Haipaaburudoozaa","Haipaaburudoozaa","ハイパーブルドーザー","ハイパーブルドーザー","super_xros_wars","striker","neutral","{""shape"":""diamond"",""min"":1,""max"":3,""requiresLineOfSight"":false}","{""shape"":""single"",""radius"":0}","46","100","8","34","[{""type"":""damage""}]","swift","neutral | melee","true","ready"
"haipaapurominensu","Haipaapurominensu","Haipaapurominensu","ハイパープロミネンス","ハイパープロミネンス","super_xros_wars","striker","fire","{""shape"":""diamond"",""min"":1,""max"":3,""requiresLineOfSight"":false}","{""shape"":""single"",""radius"":0}","46","100","8","34","[{""type"":""damage""}]","swift","fire | melee","true","ready"
"haipaamugenkyanon","Haipaamugenkyanon","Haipaamugenkyanon","ハイパームゲンキャノン","ハイパームゲンキャノン","super_xros_wars","area_damage","electric","{""shape"":""diamond"",""min"":1,""max"":3,""requiresLineOfSight"":false}","{""shape"":""diamond"",""radius"":1}","37","100","12","34","[{""type"":""damage""}]","swift","electric | projectile","false","requires_digixros"
"haiburittoaamuzu","Haiburittoaamuzu","Haiburittoaamuzu","ハイブリットアームズ","ハイブリットアームズ","super_xros_wars","area_damage","neutral","{""shape"":""diamond"",""min"":1,""max"":3,""requiresLineOfSight"":false}","{""shape"":""diamond"",""radius"":1}","37","100","12","34","[{""type"":""damage""}]","swift","neutral | projectile","true","ready"
"haouryoudanken","Haouryoudanken","Haouryoudanken","はおうりょうだんけん","はおうりょうだんけん","super_xros_wars","striker","neutral","{""shape"":""diamond"",""min"":1,""max"":3,""requiresLineOfSight"":false}","{""shape"":""single"",""radius"":0}","46","100","8","34","[{""type"":""damage""}]","swift","neutral | melee","false","requires_digixros"
"paochen","Paochen","Paochen","パオチェン","パオチェン","super_xros_wars","striker","dark","{""shape"":""diamond"",""min"":1,""max"":3,""requiresLineOfSight"":false}","{""shape"":""single"",""radius"":0}","46","100","8","34","[{""type"":""damage""}]","swift","dark | melee","true","ready"
"paotsu","Paotsu","Paotsu","パオツゥ","パオツゥ","super_xros_wars","striker","electric","{""shape"":""diamond"",""min"":1,""max"":3,""requiresLineOfSight"":false}","{""shape"":""single"",""radius"":0}","31","100","12","34","[{""type"":""damage""},{""type"":""status"",""status"":""paralysis"",""chance"":25,""duration"":3}]","reliable_effect","electric | melee","true","ready"
"paotsei","Paotsei","Paotsei","パオツェイ","パオツェイ","super_xros_wars","striker","neutral","{""shape"":""diamond"",""min"":1,""max"":3,""requiresLineOfSight"":false}","{""shape"":""single"",""radius"":0}","31","100","12","34","[{""type"":""damage""},{""type"":""status"",""status"":""doom"",""chance"":25,""duration"":3}]","reliable_effect","neutral | melee","true","ready"
"bakuoyajipanchi","Bakuoyajipanchi","Bakuoyajipanchi","ばくオヤジパンチ","ばくオヤジパンチ","super_xros_wars","striker","fire","{""shape"":""diamond"",""min"":1,""max"":3,""requiresLineOfSight"":false}","{""shape"":""single"",""radius"":0}","46","100","8","34","[{""type"":""damage""}]","swift","fire | melee","true","ready"
"battofurattaa","Battofurattaa","Battofurattaa","バットフラッター","バットフラッター","super_xros_wars","striker","neutral","{""shape"":""diamond"",""min"":1,""max"":3,""requiresLineOfSight"":false}","{""shape"":""single"",""radius"":0}","46","100","8","34","[{""type"":""damage""}]","swift","neutral | melee","true","ready"
"badiburasutaa","Badiburasutaa","Badiburasutaa","バディブラスター","バディブラスター","super_xros_wars","striker","light","{""shape"":""diamond"",""min"":1,""max"":3,""requiresLineOfSight"":false}","{""shape"":""single"",""radius"":0}","46","100","8","34","[{""type"":""damage""}]","swift","light | melee","false","requires_digixros"
"batoruken","Batoruken","Batoruken","バトルけん","バトルけん","super_xros_wars","striker","neutral","{""shape"":""diamond"",""min"":1,""max"":3,""requiresLineOfSight"":false}","{""shape"":""single"",""radius"":0}","46","100","8","34","[{""type"":""damage""}]","swift","neutral | melee","true","ready"
"batorurezorubu","Batorurezorubu","Batorurezorubu","バトルレゾルブ","バトルレゾルブ","super_xros_wars","striker","neutral","{""shape"":""diamond"",""min"":1,""max"":3,""requiresLineOfSight"":false}","{""shape"":""single"",""radius"":0}","31","100","12","34","[{""type"":""damage""},{""type"":""status"",""status"":""data_mark"",""chance"":25,""duration"":3}]","reliable_effect","neutral | melee","true","ready"
"bananasurippu","Bananasurippu","Bananasurippu","バナナスリップ","バナナスリップ","super_xros_wars","striker","neutral","{""shape"":""diamond"",""min"":1,""max"":3,""requiresLineOfSight"":false}","{""shape"":""single"",""radius"":0}","31","100","12","34","[{""type"":""damage""},{""type"":""status"",""status"":""confusion"",""chance"":25,""duration"":3}]","reliable_effect","neutral | melee","false","requires_digixros"
"hayabusanotsume","Hayabusanotsume","Hayabusanotsume","はやぶさのツメ","はやぶさのツメ","super_xros_wars","striker","neutral","{""shape"":""diamond"",""min"":1,""max"":3,""requiresLineOfSight"":false}","{""shape"":""single"",""radius"":0}","46","100","8","34","[{""type"":""damage""}]","swift","neutral | melee","true","ready"
"harashooatakku","Harashooatakku","Harashooatakku","ハラショーアタック","ハラショーアタック","super_xros_wars","striker","neutral","{""shape"":""diamond"",""min"":1,""max"":3,""requiresLineOfSight"":false}","{""shape"":""single"",""radius"":0}","46","100","8","34","[{""type"":""damage""}]","swift","neutral | melee","true","ready"
"hantingukyanon","Hantingukyanon","Hantingukyanon","ハンティングキャノン","ハンティングキャノン","super_xros_wars","striker","neutral","{""shape"":""diamond"",""min"":1,""max"":3,""requiresLineOfSight"":false}","{""shape"":""single"",""radius"":0}","46","100","8","34","[{""type"":""damage""}]","swift","neutral | melee","true","ready"
"pandemoniumufureimu","Pandemoniumufureimu","Pandemoniumufureimu","パンデモニウムフレイム","パンデモニウムフレイム","super_xros_wars","striker","neutral","{""shape"":""diamond"",""min"":1,""max"":3,""requiresLineOfSight"":false}","{""shape"":""single"",""radius"":0}","46","100","8","34","[{""type"":""damage""}]","swift","neutral | melee","false","requires_digixros"
"pandemoniumurosuto","Pandemoniumurosuto","Pandemoniumurosuto","パンデモニウムロスト","パンデモニウムロスト","super_xros_wars","striker","dark","{""shape"":""diamond"",""min"":1,""max"":3,""requiresLineOfSight"":false}","{""shape"":""single"",""radius"":0}","46","100","8","34","[{""type"":""damage""}]","swift","dark | melee","true","ready"
"pandoora_daiarogu","Pandoora Daiarogu","Pandoora Daiarogu","パンドーラ・ダイアログ","パンドーラ・ダイアログ","super_xros_wars","area_damage","dark","{""shape"":""diamond"",""min"":1,""max"":3,""requiresLineOfSight"":false}","{""shape"":""diamond"",""radius"":1}","37","100","12","34","[{""type"":""damage""}]","swift","dark | projectile","true","ready"
"hanmaabuumeran","Hanmaabuumeran","Hanmaabuumeran","ハンマーブーメラン","ハンマーブーメラン","super_xros_wars","area_damage","neutral","{""shape"":""diamond"",""min"":1,""max"":3,""requiresLineOfSight"":false}","{""shape"":""diamond"",""radius"":1}","37","100","12","34","[{""type"":""damage""}]","swift","neutral | projectile","true","ready"
"biikupekkaa","Biikupekkaa","Biikupekkaa","ビークペッカー","ビークペッカー","super_xros_wars","striker","neutral","{""shape"":""diamond"",""min"":1,""max"":3,""requiresLineOfSight"":false}","{""shape"":""single"",""radius"":0}","31","100","12","34","[{""type"":""damage""},{""type"":""status"",""status"":""atk_down"",""chance"":25,""duration"":3}]","reliable_effect","neutral | melee","true","ready"
"piisuobuaasu","Piisuobuaasu","Piisuobuaasu","ピースオブアース","ピースオブアース","super_xros_wars","area_damage","neutral","{""shape"":""diamond"",""min"":1,""max"":3,""requiresLineOfSight"":false}","{""shape"":""diamond"",""radius"":1}","22","100","16","34","[{""type"":""damage""},{""type"":""status"",""status"":""paralysis"",""chance"":25,""duration"":3}]","efficient","neutral | projectile","true","ready"
"hiitoappaa","Hiitoappaa","Hiitoappaa","ヒートアッパー","ヒートアッパー","super_xros_wars","striker","fire","{""shape"":""diamond"",""min"":1,""max"":3,""requiresLineOfSight"":false}","{""shape"":""single"",""radius"":0}","31","100","12","34","[{""type"":""damage""},{""type"":""status"",""status"":""def_down"",""chance"":25,""duration"":3}]","reliable_effect","fire | melee","true","ready"
"biitonakkuru","Biitonakkuru","Biitonakkuru","ビートナックル","ビートナックル","super_xros_wars","striker","neutral","{""shape"":""diamond"",""min"":1,""max"":3,""requiresLineOfSight"":false}","{""shape"":""single"",""radius"":0}","31","100","12","34","[{""type"":""damage""},{""type"":""status"",""status"":""atk_down"",""chance"":25,""duration"":3}]","reliable_effect","neutral | melee","true","ready"
"hiiruraito","Hiiruraito","Hiiruraito","ヒールライト","ヒールライト","super_xros_wars","healing","neutral","{""shape"":""diamond"",""min"":0,""max"":3,""requiresLineOfSight"":false}","{""shape"":""single"",""radius"":0}","30","100","10","38","[{""type"":""heal"",""percentMaxHp"":30}]","potent","neutral | healing","true","ready"
"hikarinoawa","Hikarinoawa","Hikarinoawa","ひかりのアワ","ひかりのアワ","super_xros_wars","striker","light","{""shape"":""diamond"",""min"":1,""max"":3,""requiresLineOfSight"":false}","{""shape"":""single"",""radius"":0}","46","100","8","34","[{""type"":""damage""}]","swift","light | melee","true","ready"
"hikarinoiki","Hikarinoiki","Hikarinoiki","ひかりのいき","ひかりのいき","super_xros_wars","area_damage","light","{""shape"":""diamond"",""min"":1,""max"":3,""requiresLineOfSight"":false}","{""shape"":""diamond"",""radius"":1}","37","100","12","34","[{""type"":""damage""}]","swift","light | projectile","true","ready"
"hikarinokobushi","Hikarinokobushi","Hikarinokobushi","ヒカリのこぶし","ヒカリのこぶし","super_xros_wars","striker","light","{""shape"":""diamond"",""min"":1,""max"":3,""requiresLineOfSight"":false}","{""shape"":""single"",""radius"":0}","46","100","8","34","[{""type"":""damage""}]","swift","light | melee","true","ready"
"hikarinomandara","Hikarinomandara","Hikarinomandara","ひかりのマンダラ","ひかりのマンダラ","super_xros_wars","striker","neutral","{""shape"":""diamond"",""min"":1,""max"":3,""requiresLineOfSight"":false}","{""shape"":""single"",""radius"":0}","31","100","12","34","[{""type"":""damage""},{""type"":""status"",""status"":""atk_up"",""chance"":25,""duration"":3}]","reliable_effect","neutral | melee","true","ready"
"bikutoraizubuumeran","Bikutoraizubuumeran","Bikutoraizubuumeran","ビクトライズブーメラン","ビクトライズブーメラン","super_xros_wars","area_damage","neutral","{""shape"":""diamond"",""min"":1,""max"":3,""requiresLineOfSight"":false}","{""shape"":""diamond"",""radius"":1}","37","100","12","34","[{""type"":""damage""}]","swift","neutral | projectile","true","ready"
"bikutoriisupia","Bikutoriisupia","Bikutoriisupia","ビクトリースピア","ビクトリースピア","super_xros_wars","striker","neutral","{""shape"":""diamond"",""min"":1,""max"":3,""requiresLineOfSight"":false}","{""shape"":""single"",""radius"":0}","46","100","8","34","[{""type"":""damage""}]","swift","neutral | melee","true","ready"
"bikutoriipanchi","Bikutoriipanchi","Bikutoriipanchi","ビクトリーパンチ","ビクトリーパンチ","super_xros_wars","striker","neutral","{""shape"":""diamond"",""min"":1,""max"":3,""requiresLineOfSight"":false}","{""shape"":""single"",""radius"":0}","46","100","8","34","[{""type"":""damage""}]","swift","neutral | melee","true","ready"
"bikutoriibureibu","Bikutoriibureibu","Bikutoriibureibu","ビクトリーブレイブ","ビクトリーブレイブ","super_xros_wars","area_damage","fire","{""shape"":""diamond"",""min"":1,""max"":3,""requiresLineOfSight"":false}","{""shape"":""diamond"",""radius"":1}","37","100","12","34","[{""type"":""damage""}]","swift","fire | projectile","false","requires_digixros"
"hikenpiyopiyogiri","Hikenpiyopiyogiri","Hikenpiyopiyogiri","ひけんピヨピヨぎり","ひけんピヨピヨぎり","super_xros_wars","striker","dark","{""shape"":""diamond"",""min"":1,""max"":3,""requiresLineOfSight"":false}","{""shape"":""single"",""radius"":0}","46","100","8","34","[{""type"":""damage""}]","swift","dark | melee","true","ready"
"bishoppukurosu","Bishoppukurosu","Bishoppukurosu","ビショップクロス","ビショップクロス","super_xros_wars","striker","light","{""shape"":""diamond"",""min"":1,""max"":3,""requiresLineOfSight"":false}","{""shape"":""single"",""radius"":0}","46","100","8","34","[{""type"":""damage""}]","swift","light | melee","true","ready"
"bishoppureezaa","Bishoppureezaa","Bishoppureezaa","ビショップレーザー","ビショップレーザー","super_xros_wars","striker","electric","{""shape"":""diamond"",""min"":1,""max"":3,""requiresLineOfSight"":false}","{""shape"":""single"",""radius"":0}","46","100","8","34","[{""type"":""damage""}]","swift","electric | melee","true","ready"
"biggubanburou","Biggubanburou","Biggubanburou","ビッグバンブロウ","ビッグバンブロウ","super_xros_wars","striker","fire","{""shape"":""diamond"",""min"":1,""max"":3,""requiresLineOfSight"":false}","{""shape"":""single"",""radius"":0}","46","100","8","34","[{""type"":""damage""}]","swift","fire | melee","true","ready"
"piramiddofoomeeshon","Piramiddofoomeeshon","Piramiddofoomeeshon","ピラミッドフォーメーション","ピラミッドフォーメーション","super_xros_wars","striker","neutral","{""shape"":""diamond"",""min"":1,""max"":3,""requiresLineOfSight"":false}","{""shape"":""single"",""radius"":0}","31","100","12","34","[{""type"":""damage""},{""type"":""status"",""status"":""def_up"",""chance"":25,""duration"":3}]","reliable_effect","neutral | melee","true","ready"
"birionsutabu","Birionsutabu","Birionsutabu","ビリオンスタブ","ビリオンスタブ","super_xros_wars","striker","neutral","{""shape"":""diamond"",""min"":1,""max"":3,""requiresLineOfSight"":false}","{""shape"":""single"",""radius"":0}","46","100","8","34","[{""type"":""damage""}]","swift","neutral | melee","false","requires_digixros"
"faiaaburasuto","Faiaaburasuto","Faiaaburasuto","ファイアーブラスト","ファイアーブラスト","super_xros_wars","area_damage","fire","{""shape"":""diamond"",""min"":1,""max"":3,""requiresLineOfSight"":false}","{""shape"":""diamond"",""radius"":1}","37","100","12","34","[{""type"":""damage""}]","swift","fire | projectile","true","ready"
"faiadaatsu","Faiadaatsu","Faiadaatsu","ファイアダーツ","ファイアダーツ","super_xros_wars","striker","fire","{""shape"":""diamond"",""min"":1,""max"":3,""requiresLineOfSight"":false}","{""shape"":""single"",""radius"":0}","31","100","12","34","[{""type"":""damage""},{""type"":""status"",""status"":""def_down"",""chance"":25,""duration"":3}]","reliable_effect","fire | melee","true","ready"
"faiapanchi","Faiapanchi","Faiapanchi","ファイアパンチ","ファイアパンチ","super_xros_wars","striker","neutral","{""shape"":""diamond"",""min"":1,""max"":3,""requiresLineOfSight"":false}","{""shape"":""single"",""radius"":0}","46","100","8","34","[{""type"":""damage""}]","swift","neutral | melee","true","ready"
"faiarezorubu","Faiarezorubu","Faiarezorubu","ファイアレゾルブ","ファイアレゾルブ","super_xros_wars","striker","fire","{""shape"":""diamond"",""min"":1,""max"":3,""requiresLineOfSight"":false}","{""shape"":""single"",""radius"":0}","31","100","12","34","[{""type"":""damage""},{""type"":""status"",""status"":""data_mark"",""chance"":25,""duration"":3}]","reliable_effect","fire | melee","true","ready"
"faiaroketto","Faiaroketto","Faiaroketto","ファイアロケット","ファイアロケット","super_xros_wars","striker","fire","{""shape"":""diamond"",""min"":1,""max"":3,""requiresLineOfSight"":false}","{""shape"":""single"",""radius"":0}","31","100","12","34","[{""type"":""damage""},{""type"":""status"",""status"":""def_down"",""chance"":25,""duration"":3}]","reliable_effect","fire | melee","true","ready"
"faiarokkubureikaa","Faiarokkubureikaa","Faiarokkubureikaa","ファイアロックブレイカー","ファイアロックブレイカー","super_xros_wars","striker","neutral","{""shape"":""diamond"",""min"":1,""max"":3,""requiresLineOfSight"":false}","{""shape"":""single"",""radius"":0}","31","100","12","34","[{""type"":""damage""},{""type"":""status"",""status"":""speed_down"",""chance"":25,""duration"":3}]","reliable_effect","neutral | melee","true","ready"
"fainaru_erishion","Fainaru Erishion","Fainaru Erishion","ファイナル・エリシオン","ファイナル・エリシオン","super_xros_wars","area_damage","neutral","{""shape"":""diamond"",""min"":1,""max"":3,""requiresLineOfSight"":false}","{""shape"":""diamond"",""radius"":1}","22","100","16","34","[{""type"":""damage""},{""type"":""status"",""status"":""doom"",""chance"":25,""duration"":3}]","efficient","neutral | projectile","false","requires_digixros"
"fainarushainingubaasuto","Fainarushainingubaasuto","Fainarushainingubaasuto","ファイナルシャイニングバースト","ファイナルシャイニングバースト","super_xros_wars","area_damage","fire","{""shape"":""diamond"",""min"":1,""max"":3,""requiresLineOfSight"":false}","{""shape"":""diamond"",""radius"":1}","37","100","12","34","[{""type"":""damage""}]","swift","fire | projectile","false","requires_digixros"
"fainaruchikurimon","Fainaruchikurimon","Fainaruchikurimon","ファイナルチクリモン","ファイナルチクリモン","super_xros_wars","area_damage","neutral","{""shape"":""diamond"",""min"":1,""max"":3,""requiresLineOfSight"":false}","{""shape"":""diamond"",""radius"":1}","37","100","12","34","[{""type"":""damage""}]","swift","neutral | projectile","true","ready"
"fainarumiraajubaasuto","Fainarumiraajubaasuto","Fainarumiraajubaasuto","ファイナルミラージュバースト","ファイナルミラージュバースト","super_xros_wars","area_damage","light","{""shape"":""diamond"",""min"":1,""max"":5,""requiresLineOfSight"":false}","{""shape"":""diamond"",""radius"":2}","30","100","16","46","[{""type"":""damage""}]","efficient","light | projectile","false","requires_digixros"
"faiyaawaakusureboryuushon","Faiyaawaakusureboryuushon","Faiyaawaakusureboryuushon","ファイヤーワークスレボリューション","ファイヤーワークスレボリューション","super_xros_wars","area_damage","neutral","{""shape"":""diamond"",""min"":1,""max"":3,""requiresLineOfSight"":false}","{""shape"":""diamond"",""radius"":1}","37","100","12","34","[{""type"":""damage""}]","swift","neutral | projectile","true","ready"
"fantomupeinregashii","Fantomupeinregashii","Fantomupeinregashii","ファントムペインレガシー","ファントムペインレガシー","super_xros_wars","area_damage","dark","{""shape"":""diamond"",""min"":1,""max"":3,""requiresLineOfSight"":false}","{""shape"":""diamond"",""radius"":1}","22","100","16","34","[{""type"":""damage""},{""type"":""status"",""status"":""doom"",""chance"":25,""duration"":3}]","efficient","dark | projectile","false","requires_digixros"
"buimonheddo","Buimonheddo","Buimonheddo","ブイモンヘッド","ブイモンヘッド","super_xros_wars","striker","neutral","{""shape"":""diamond"",""min"":1,""max"":3,""requiresLineOfSight"":false}","{""shape"":""single"",""radius"":0}","46","100","8","34","[{""type"":""damage""}]","swift","neutral | melee","true","ready"
"puuyavaaha","Puuyavaaha","Puuyavaaha","プーヤヴァーハ","プーヤヴァーハ","super_xros_wars","area_damage","neutral","{""shape"":""diamond"",""min"":1,""max"":3,""requiresLineOfSight"":false}","{""shape"":""diamond"",""radius"":1}","37","100","12","34","[{""type"":""damage""}]","swift","neutral | projectile","false","requires_digixros"
"fezaakattaa","Fezaakattaa","Fezaakattaa","フェザーカッター","フェザーカッター","super_xros_wars","striker","neutral","{""shape"":""diamond"",""min"":1,""max"":3,""requiresLineOfSight"":false}","{""shape"":""single"",""radius"":0}","46","100","8","34","[{""type"":""damage""}]","swift","neutral | melee","true","ready"
"foobiduntenputeeshon","Foobiduntenputeeshon","Foobiduntenputeeshon","フォービドゥンテンプテーション","フォービドゥンテンプテーション","super_xros_wars","area_damage","neutral","{""shape"":""diamond"",""min"":1,""max"":3,""requiresLineOfSight"":false}","{""shape"":""diamond"",""radius"":1}","22","100","16","34","[{""type"":""damage""},{""type"":""status"",""status"":""confusion"",""chance"":25,""duration"":3}]","efficient","neutral | projectile","false","requires_digixros"
"foobiduntoraidento","Foobiduntoraidento","Foobiduntoraidento","フォービドゥントライデント","フォービドゥントライデント","super_xros_wars","striker","water","{""shape"":""diamond"",""min"":1,""max"":3,""requiresLineOfSight"":false}","{""shape"":""single"",""radius"":0}","46","100","8","34","[{""type"":""damage""}]","swift","water | melee","true","ready"
"foorinsutaa","Foorinsutaa","Foorinsutaa","フォーリンスター","フォーリンスター","super_xros_wars","striker","neutral","{""shape"":""diamond"",""min"":1,""max"":3,""requiresLineOfSight"":false}","{""shape"":""single"",""radius"":0}","31","100","12","34","[{""type"":""damage""},{""type"":""status"",""status"":""def_down"",""chance"":25,""duration"":3}]","reliable_effect","neutral | melee","true","ready"
"fokkusufaiaa","Fokkusufaiaa","Fokkusufaiaa","フォックスファイアー","フォックスファイアー","super_xros_wars","striker","fire","{""shape"":""diamond"",""min"":1,""max"":3,""requiresLineOfSight"":false}","{""shape"":""single"",""radius"":0}","46","100","8","34","[{""type"":""damage""}]","swift","fire | melee","false","requires_digixros"
"puchiaisurezorubu","Puchiaisurezorubu","Puchiaisurezorubu","プチアイスレゾルブ","プチアイスレゾルブ","super_xros_wars","striker","neutral","{""shape"":""diamond"",""min"":1,""max"":3,""requiresLineOfSight"":false}","{""shape"":""single"",""radius"":0}","31","100","12","34","[{""type"":""damage""},{""type"":""status"",""status"":""data_mark"",""chance"":25,""duration"":3}]","reliable_effect","neutral | melee","true","ready"
"puchisandaarezorubu","Puchisandaarezorubu","Puchisandaarezorubu","プチサンダーレゾルブ","プチサンダーレゾルブ","super_xros_wars","striker","neutral","{""shape"":""diamond"",""min"":1,""max"":3,""requiresLineOfSight"":false}","{""shape"":""single"",""radius"":0}","31","100","12","34","[{""type"":""damage""},{""type"":""status"",""status"":""data_mark"",""chance"":25,""duration"":3}]","reliable_effect","neutral | melee","true","ready"
"puchishadourezorubu","Puchishadourezorubu","Puchishadourezorubu","プチシャドウレゾルブ","プチシャドウレゾルブ","super_xros_wars","striker","dark","{""shape"":""diamond"",""min"":1,""max"":3,""requiresLineOfSight"":false}","{""shape"":""single"",""radius"":0}","31","100","12","34","[{""type"":""damage""},{""type"":""status"",""status"":""data_mark"",""chance"":25,""duration"":3}]","reliable_effect","dark | melee","true","ready"
"puchidevainrezorubu","Puchidevainrezorubu","Puchidevainrezorubu","プチデヴァインレゾルブ","プチデヴァインレゾルブ","super_xros_wars","striker","neutral","{""shape"":""diamond"",""min"":1,""max"":3,""requiresLineOfSight"":false}","{""shape"":""single"",""radius"":0}","31","100","12","34","[{""type"":""damage""},{""type"":""status"",""status"":""data_mark"",""chance"":25,""duration"":3}]","reliable_effect","neutral | melee","true","ready"
"puchitoruneedo","Puchitoruneedo","Puchitoruneedo","プチトルネード","プチトルネード","super_xros_wars","area_damage","neutral","{""shape"":""diamond"",""min"":1,""max"":3,""requiresLineOfSight"":false}","{""shape"":""diamond"",""radius"":1}","37","100","12","34","[{""type"":""damage""}]","swift","neutral | projectile","true","ready"
"puchibatorurezorubu","Puchibatorurezorubu","Puchibatorurezorubu","プチバトルレゾルブ","プチバトルレゾルブ","super_xros_wars","striker","neutral","{""shape"":""diamond"",""min"":1,""max"":3,""requiresLineOfSight"":false}","{""shape"":""single"",""radius"":0}","31","100","12","34","[{""type"":""damage""},{""type"":""status"",""status"":""data_mark"",""chance"":25,""duration"":3}]","reliable_effect","neutral | melee","true","ready"
"puchihiiruraito","Puchihiiruraito","Puchihiiruraito","プチヒールライト","プチヒールライト","super_xros_wars","healing","neutral","{""shape"":""diamond"",""min"":0,""max"":3,""requiresLineOfSight"":false}","{""shape"":""single"",""radius"":0}","30","100","10","38","[{""type"":""heal"",""percentMaxHp"":30}]","potent","neutral | healing","true","ready"
"puchifaiaa","Puchifaiaa","Puchifaiaa","プチファイアー","プチファイアー","super_xros_wars","striker","neutral","{""shape"":""diamond"",""min"":1,""max"":3,""requiresLineOfSight"":false}","{""shape"":""single"",""radius"":0}","46","100","8","34","[{""type"":""damage""}]","swift","neutral | melee","true","ready"
"puchifaiarezorubu","Puchifaiarezorubu","Puchifaiarezorubu","プチファイアレゾルブ","プチファイアレゾルブ","super_xros_wars","striker","fire","{""shape"":""diamond"",""min"":1,""max"":3,""requiresLineOfSight"":false}","{""shape"":""single"",""radius"":0}","31","100","12","34","[{""type"":""damage""},{""type"":""status"",""status"":""data_mark"",""chance"":25,""duration"":3}]","reliable_effect","fire | melee","true","ready"
"fudokusou","Fudokusou","Fudokusou","ふどくそう","ふどくそう","super_xros_wars","striker","neutral","{""shape"":""diamond"",""min"":1,""max"":3,""requiresLineOfSight"":false}","{""shape"":""single"",""radius"":0}","31","100","12","34","[{""type"":""damage""},{""type"":""status"",""status"":""poison"",""chance"":25,""duration"":3}]","reliable_effect","neutral | melee","true","ready"
"burasutaateiru","Burasutaateiru","Burasutaateiru","ブラスターテイル","ブラスターテイル","super_xros_wars","area_damage","neutral","{""shape"":""diamond"",""min"":1,""max"":3,""requiresLineOfSight"":false}","{""shape"":""diamond"",""radius"":1}","37","100","12","34","[{""type"":""damage""}]","swift","neutral | projectile","true","ready"
"purazumakyanon","Purazumakyanon","Purazumakyanon","プラズマキャノン","プラズマキャノン","super_xros_wars","striker","neutral","{""shape"":""diamond"",""min"":1,""max"":3,""requiresLineOfSight"":false}","{""shape"":""single"",""radius"":0}","46","100","8","34","[{""type"":""damage""}]","swift","neutral | melee","true","ready"
"purazumaburasutaa","Purazumaburasutaa","Purazumaburasutaa","プラズマブラスター","プラズマブラスター","super_xros_wars","area_damage","neutral","{""shape"":""diamond"",""min"":1,""max"":3,""requiresLineOfSight"":false}","{""shape"":""diamond"",""radius"":1}","37","100","12","34","[{""type"":""damage""}]","swift","neutral | projectile","false","requires_digixros"
"burakkuauto","Burakkuauto","Burakkuauto","ブラックアウト","ブラックアウト","super_xros_wars","area_damage","neutral","{""shape"":""diamond"",""min"":1,""max"":3,""requiresLineOfSight"":false}","{""shape"":""diamond"",""radius"":1}","37","100","12","34","[{""type"":""damage""}]","swift","neutral | projectile","true","ready"
"burakkudesukuraudo","Burakkudesukuraudo","Burakkudesukuraudo","ブラックデスクラウド","ブラックデスクラウド","super_xros_wars","area_damage","neutral","{""shape"":""diamond"",""min"":1,""max"":3,""requiresLineOfSight"":false}","{""shape"":""diamond"",""radius"":1}","37","100","12","34","[{""type"":""damage""}]","swift","neutral | projectile","false","requires_digixros"
"burakkupaaru","Burakkupaaru","Burakkupaaru","ブラックパール","ブラックパール","super_xros_wars","striker","neutral","{""shape"":""diamond"",""min"":1,""max"":3,""requiresLineOfSight"":false}","{""shape"":""single"",""radius"":0}","46","100","8","34","[{""type"":""damage""}]","swift","neutral | melee","true","ready"
"burakkumaindo","Burakkumaindo","Burakkumaindo","ブラックマインド","ブラックマインド","super_xros_wars","area_damage","neutral","{""shape"":""diamond"",""min"":1,""max"":3,""requiresLineOfSight"":false}","{""shape"":""diamond"",""radius"":1}","22","100","16","34","[{""type"":""damage""},{""type"":""status"",""status"":""speed_down"",""chance"":25,""duration"":3}]","efficient","neutral | projectile","true","ready"
"burakkurekuiemu","Burakkurekuiemu","Burakkurekuiemu","ブラックレクイエム","ブラックレクイエム","super_xros_wars","striker","neutral","{""shape"":""diamond"",""min"":1,""max"":3,""requiresLineOfSight"":false}","{""shape"":""single"",""radius"":0}","46","100","8","34","[{""type"":""damage""}]","swift","neutral | melee","true","ready"
"buraddiisutoriimu","Buraddiisutoriimu","Buraddiisutoriimu","ブラッディーストリーム","ブラッディーストリーム","super_xros_wars","striker","neutral","{""shape"":""diamond"",""min"":1,""max"":3,""requiresLineOfSight"":false}","{""shape"":""single"",""radius"":0}","46","100","8","34","[{""type"":""damage""}]","swift","neutral | melee","true","ready"
"buraddoai","Buraddoai","Buraddoai","ブラッドアイ","ブラッドアイ","super_xros_wars","striker","water","{""shape"":""diamond"",""min"":1,""max"":3,""requiresLineOfSight"":false}","{""shape"":""single"",""radius"":0}","31","100","12","34","[{""type"":""damage""},{""type"":""status"",""status"":""confusion"",""chance"":25,""duration"":3}]","reliable_effect","water | melee","true","ready"
"furiijinguburizaado","Furiijinguburizaado","Furiijinguburizaado","フリージングブリザード","フリージングブリザード","super_xros_wars","area_damage","neutral","{""shape"":""diamond"",""min"":1,""max"":3,""requiresLineOfSight"":false}","{""shape"":""diamond"",""radius"":1}","22","100","16","34","[{""type"":""damage""},{""type"":""status"",""status"":""paralysis"",""chance"":25,""duration"":3}]","efficient","neutral | projectile","false","requires_digixros"
"purizumufurasshu","Purizumufurasshu","Purizumufurasshu","プリズムフラッシュ","プリズムフラッシュ","super_xros_wars","area_damage","light","{""shape"":""diamond"",""min"":1,""max"":3,""requiresLineOfSight"":false}","{""shape"":""diamond"",""radius"":1}","22","100","16","34","[{""type"":""damage""},{""type"":""status"",""status"":""reflect"",""chance"":25,""duration"":3}]","efficient","light | projectile","true","ready"
"buririansudagaa","Buririansudagaa","Buririansudagaa","ブリリアンスダガー","ブリリアンスダガー","super_xros_wars","striker","light","{""shape"":""diamond"",""min"":1,""max"":3,""requiresLineOfSight"":false}","{""shape"":""single"",""radius"":0}","46","100","8","34","[{""type"":""damage""}]","swift","light | melee","true","ready"
"buruutofoosu","Buruutofoosu","Buruutofoosu","ブルートフォース","ブルートフォース","super_xros_wars","area_damage","neutral","{""shape"":""diamond"",""min"":1,""max"":3,""requiresLineOfSight"":false}","{""shape"":""diamond"",""radius"":1}","37","100","12","34","[{""type"":""damage""}]","swift","neutral | projectile","true","ready"
"buruuhawaidesu","Buruuhawaidesu","Buruuhawaidesu","ブルーハワイデス","ブルーハワイデス","super_xros_wars","striker","neutral","{""shape"":""diamond"",""min"":1,""max"":3,""requiresLineOfSight"":false}","{""shape"":""single"",""radius"":0}","46","100","8","34","[{""type"":""damage""}]","swift","neutral | melee","false","requires_digixros"
"buruubureibu","Buruubureibu","Buruubureibu","ブルーブレイブ","ブルーブレイブ","super_xros_wars","striker","neutral","{""shape"":""diamond"",""min"":1,""max"":3,""requiresLineOfSight"":false}","{""shape"":""single"",""radius"":0}","46","100","8","34","[{""type"":""damage""}]","swift","neutral | melee","true","ready"
"furumuunburasutaa","Furumuunburasutaa","Furumuunburasutaa","フルムーンブラスター","フルムーンブラスター","super_xros_wars","area_damage","neutral","{""shape"":""diamond"",""min"":1,""max"":3,""requiresLineOfSight"":false}","{""shape"":""diamond"",""radius"":1}","37","100","12","34","[{""type"":""damage""}]","swift","neutral | projectile","false","requires_digixros"
"furumuunmeteoinpakuto","Furumuunmeteoinpakuto","Furumuunmeteoinpakuto","フルムーンメテオインパクト","フルムーンメテオインパクト","super_xros_wars","area_damage","light","{""shape"":""diamond"",""min"":1,""max"":3,""requiresLineOfSight"":false}","{""shape"":""diamond"",""radius"":1}","37","100","12","34","[{""type"":""damage""}]","swift","light | projectile","true","ready"
"bureikurokkaa","Bureikurokkaa","Bureikurokkaa","ブレイクロッカー","ブレイクロッカー","super_xros_wars","area_damage","neutral","{""shape"":""diamond"",""min"":1,""max"":3,""requiresLineOfSight"":false}","{""shape"":""diamond"",""radius"":1}","37","100","12","34","[{""type"":""damage""}]","swift","neutral | projectile","true","ready"
"bureijinguaisu","Bureijinguaisu","Bureijinguaisu","ブレイジングアイス","ブレイジングアイス","super_xros_wars","striker","neutral","{""shape"":""diamond"",""min"":1,""max"":3,""requiresLineOfSight"":false}","{""shape"":""single"",""radius"":0}","46","100","8","34","[{""type"":""damage""}]","swift","neutral | melee","true","ready"
"bureijingufaia","Bureijingufaia","Bureijingufaia","ブレイジングファイア","ブレイジングファイア","super_xros_wars","striker","neutral","{""shape"":""diamond"",""min"":1,""max"":3,""requiresLineOfSight"":false}","{""shape"":""single"",""radius"":0}","46","100","8","34","[{""type"":""damage""}]","swift","neutral | melee","true","ready"
"bureizufaia","Bureizufaia","Bureizufaia","ブレイズファイア","ブレイズファイア","super_xros_wars","striker","neutral","{""shape"":""diamond"",""min"":1,""max"":3,""requiresLineOfSight"":false}","{""shape"":""single"",""radius"":0}","31","100","12","34","[{""type"":""damage""},{""type"":""status"",""status"":""paralysis"",""chance"":25,""duration"":3}]","reliable_effect","neutral | melee","true","ready"
"fureimuinferuno","Fureimuinferuno","Fureimuinferuno","フレイムインフェルノ","フレイムインフェルノ","super_xros_wars","area_damage","fire","{""shape"":""diamond"",""min"":1,""max"":3,""requiresLineOfSight"":false}","{""shape"":""diamond"",""radius"":1}","37","100","12","34","[{""type"":""damage""}]","swift","fire | projectile","true","ready"
"bureinrapuchuaa","Bureinrapuchuaa","Bureinrapuchuaa","ブレインラプチュアー","ブレインラプチュアー","super_xros_wars","striker","neutral","{""shape"":""diamond"",""min"":1,""max"":3,""requiresLineOfSight"":false}","{""shape"":""single"",""radius"":0}","46","100","8","34","[{""type"":""damage""}]","swift","neutral | melee","true","ready"
"buresu_obu_waibaan","Buresu Obu Waibaan","Buresu Obu Waibaan","ブレス・オブ・ワイバーン","ブレス・オブ・ワイバーン","super_xros_wars","striker","fire","{""shape"":""diamond"",""min"":1,""max"":3,""requiresLineOfSight"":false}","{""shape"":""single"",""radius"":0}","46","100","8","34","[{""type"":""damage""}]","swift","fire | melee","true","ready"
"buresuobuperuun","Buresuobuperuun","Buresuobuperuun","ブレスオブペルーン","ブレスオブペルーン","super_xros_wars","area_damage","neutral","{""shape"":""diamond"",""min"":1,""max"":3,""requiresLineOfSight"":false}","{""shape"":""diamond"",""radius"":1}","37","100","12","34","[{""type"":""damage""}]","swift","neutral | projectile","false","requires_digixros"
"buresutoai_winku","Buresutoai Winku","Buresutoai Winku","ブレストアイ・ウィンク","ブレストアイ・ウィンク","super_xros_wars","area_damage","neutral","{""shape"":""diamond"",""min"":1,""max"":3,""requiresLineOfSight"":false}","{""shape"":""diamond"",""radius"":1}","22","100","16","34","[{""type"":""damage""},{""type"":""status"",""status"":""paralysis"",""chance"":25,""duration"":3}]","efficient","neutral | projectile","true","ready"
"buresutoai_weebu","Buresutoai Weebu","Buresutoai Weebu","ブレストアイ・ウェーブ","ブレストアイ・ウェーブ","super_xros_wars","area_damage","neutral","{""shape"":""diamond"",""min"":1,""max"":3,""requiresLineOfSight"":false}","{""shape"":""diamond"",""radius"":1}","22","100","16","34","[{""type"":""damage""},{""type"":""status"",""status"":""sleep"",""chance"":25,""duration"":3}]","efficient","neutral | projectile","true","ready"
"furosutokuroo","Furosutokuroo","Furosutokuroo","フロストクロー","フロストクロー","super_xros_wars","striker","neutral","{""shape"":""diamond"",""min"":1,""max"":3,""requiresLineOfSight"":false}","{""shape"":""single"",""radius"":0}","31","100","12","34","[{""type"":""damage""},{""type"":""status"",""status"":""paralysis"",""chance"":25,""duration"":3}]","reliable_effect","neutral | melee","false","requires_digixros"
"hevisupiikaa","Hevisupiikaa","Hevisupiikaa","ヘヴィスピーカー","ヘヴィスピーカー","super_xros_wars","area_damage","neutral","{""shape"":""diamond"",""min"":1,""max"":3,""requiresLineOfSight"":false}","{""shape"":""diamond"",""radius"":1}","37","100","12","34","[{""type"":""damage""}]","swift","neutral | projectile","true","ready"
"heddosutoraiku","Heddosutoraiku","Heddosutoraiku","ヘッドストライク","ヘッドストライク","super_xros_wars","striker","neutral","{""shape"":""diamond"",""min"":1,""max"":3,""requiresLineOfSight"":false}","{""shape"":""single"",""radius"":0}","46","100","8","34","[{""type"":""damage""}]","swift","neutral | melee","true","ready"
"bebiibaanaa","Bebiibaanaa","Bebiibaanaa","ベビーバーナー","ベビーバーナー","super_xros_wars","area_damage","fire","{""shape"":""diamond"",""min"":1,""max"":3,""requiresLineOfSight"":false}","{""shape"":""diamond"",""radius"":1}","22","100","16","34","[{""type"":""damage""},{""type"":""status"",""status"":""data_mark"",""chance"":25,""duration"":3}]","efficient","fire | projectile","true","ready"
"bebiiburesu","Bebiiburesu","Bebiiburesu","ベビーブレス","ベビーブレス","super_xros_wars","area_damage","neutral","{""shape"":""diamond"",""min"":1,""max"":3,""requiresLineOfSight"":false}","{""shape"":""diamond"",""radius"":1}","37","100","12","34","[{""type"":""damage""}]","swift","neutral | projectile","true","ready"
"hebunzu_jajjimento","Hebunzu Jajjimento","Hebunzu Jajjimento","ヘブンズ・ジャッジメント","ヘブンズ・ジャッジメント","super_xros_wars","area_damage","light","{""shape"":""diamond"",""min"":1,""max"":3,""requiresLineOfSight"":false}","{""shape"":""diamond"",""radius"":1}","37","100","12","34","[{""type"":""damage""}]","swift","light | projectile","true","ready"
"hebunzukyua","Hebunzukyua","Hebunzukyua","ヘブンズキュア","ヘブンズキュア","super_xros_wars","healing","light","{""shape"":""diamond"",""min"":0,""max"":3,""requiresLineOfSight"":false}","{""shape"":""single"",""radius"":0}","30","100","10","38","[{""type"":""heal"",""percentMaxHp"":30}]","potent","light | healing","true","ready"
"heriosurasshaa","Heriosurasshaa","Heriosurasshaa","ヘリオスラッシャー","ヘリオスラッシャー","super_xros_wars","area_damage","neutral","{""shape"":""diamond"",""min"":1,""max"":3,""requiresLineOfSight"":false}","{""shape"":""diamond"",""radius"":1}","37","100","12","34","[{""type"":""damage""}]","swift","neutral | projectile","true","ready"
"heru_hauringu","Heru Hauringu","Heru Hauringu","ヘル・ハウリング","ヘル・ハウリング","super_xros_wars","area_damage","neutral","{""shape"":""diamond"",""min"":1,""max"":3,""requiresLineOfSight"":false}","{""shape"":""diamond"",""radius"":1}","22","100","16","34","[{""type"":""damage""},{""type"":""status"",""status"":""paralysis"",""chance"":25,""duration"":3}]","efficient","neutral | projectile","true","ready"
"heruinshinereeto","Heruinshinereeto","Heruinshinereeto","ヘルインシネレート","ヘルインシネレート","super_xros_wars","area_damage","fire","{""shape"":""diamond"",""min"":1,""max"":3,""requiresLineOfSight"":false}","{""shape"":""diamond"",""radius"":1}","37","100","12","34","[{""type"":""damage""}]","swift","fire | projectile","true","ready"
"herusukuiizu","Herusukuiizu","Herusukuiizu","ヘルスクイーズ","ヘルスクイーズ","super_xros_wars","striker","water","{""shape"":""diamond"",""min"":1,""max"":3,""requiresLineOfSight"":false}","{""shape"":""single"",""radius"":0}","46","100","8","34","[{""type"":""damage""}]","swift","water | melee","true","ready"
"herutaasukerutaa","Herutaasukerutaa","Herutaasukerutaa","ヘルタースケルター","ヘルタースケルター","super_xros_wars","area_damage","neutral","{""shape"":""diamond"",""min"":1,""max"":3,""requiresLineOfSight"":false}","{""shape"":""diamond"",""radius"":1}","22","100","16","34","[{""type"":""damage""},{""type"":""status"",""status"":""confusion"",""chance"":25,""duration"":3}]","efficient","neutral | projectile","true","ready"
"herudaibu","Herudaibu","Herudaibu","ヘルダイブ","ヘルダイブ","super_xros_wars","striker","neutral","{""shape"":""diamond"",""min"":1,""max"":3,""requiresLineOfSight"":false}","{""shape"":""single"",""radius"":0}","46","100","8","34","[{""type"":""damage""}]","swift","neutral | melee","true","ready"
"herufaiaa","Herufaiaa","Herufaiaa","ヘルファイアー","ヘルファイアー","super_xros_wars","striker","fire","{""shape"":""diamond"",""min"":1,""max"":3,""requiresLineOfSight"":false}","{""shape"":""single"",""radius"":0}","46","100","8","34","[{""type"":""damage""}]","swift","fire | melee","false","requires_digixros"
"pendoragonzuguroorii","Pendoragonzuguroorii","Pendoragonzuguroorii","ペンドラゴンズグローリー","ペンドラゴンズグローリー","super_xros_wars","striker","fire","{""shape"":""diamond"",""min"":1,""max"":3,""requiresLineOfSight"":false}","{""shape"":""single"",""radius"":0}","46","100","8","34","[{""type"":""damage""}]","swift","fire | melee","false","requires_digixros"
"poizun_su_masshu","Poizun Su Masshu","Poizun Su Masshu","ポイズン・ス・マッシュ","ポイズン・ス・マッシュ","super_xros_wars","striker","neutral","{""shape"":""diamond"",""min"":1,""max"":3,""requiresLineOfSight"":false}","{""shape"":""single"",""radius"":0}","31","100","12","34","[{""type"":""damage""},{""type"":""status"",""status"":""poison"",""chance"":25,""duration"":3}]","reliable_effect","neutral | melee","true","ready"
"poizunpiasu","Poizunpiasu","Poizunpiasu","ポイズンピアス","ポイズンピアス","super_xros_wars","striker","neutral","{""shape"":""diamond"",""min"":1,""max"":3,""requiresLineOfSight"":false}","{""shape"":""single"",""radius"":0}","31","100","12","34","[{""type"":""damage""},{""type"":""status"",""status"":""poison"",""chance"":25,""duration"":3}]","reliable_effect","neutral | melee","true","ready"
"pointa_aroo","Pointa Aroo","Pointa Aroo","ポインタ・アロー","ポインタ・アロー","super_xros_wars","striker","water","{""shape"":""diamond"",""min"":1,""max"":3,""requiresLineOfSight"":false}","{""shape"":""single"",""radius"":0}","46","100","8","34","[{""type"":""damage""}]","swift","water | melee","true","ready"
"hooninparusu","Hooninparusu","Hooninparusu","ホーンインパルス","ホーンインパルス","super_xros_wars","striker","neutral","{""shape"":""diamond"",""min"":1,""max"":3,""requiresLineOfSight"":false}","{""shape"":""single"",""radius"":0}","31","100","12","34","[{""type"":""damage""},{""type"":""status"",""status"":""paralysis"",""chance"":25,""duration"":3}]","reliable_effect","neutral | melee","true","ready"
"hoonsutoraiku","Hoonsutoraiku","Hoonsutoraiku","ホーンストライク","ホーンストライク","super_xros_wars","striker","neutral","{""shape"":""diamond"",""min"":1,""max"":3,""requiresLineOfSight"":false}","{""shape"":""single"",""radius"":0}","31","100","12","34","[{""type"":""damage""},{""type"":""status"",""status"":""paralysis"",""chance"":25,""duration"":3}]","reliable_effect","neutral | melee","false","requires_digixros"
"hoonsutoraikufoosu","Hoonsutoraikufoosu","Hoonsutoraikufoosu","ホーンストライクフォース","ホーンストライクフォース","super_xros_wars","striker","neutral","{""shape"":""diamond"",""min"":1,""max"":3,""requiresLineOfSight"":false}","{""shape"":""single"",""radius"":0}","31","100","12","34","[{""type"":""damage""},{""type"":""status"",""status"":""doom"",""chance"":25,""duration"":3}]","reliable_effect","neutral | melee","true","ready"
"poonsupiaa","Poonsupiaa","Poonsupiaa","ポーンスピアー","ポーンスピアー","super_xros_wars","striker","electric","{""shape"":""diamond"",""min"":1,""max"":3,""requiresLineOfSight"":false}","{""shape"":""single"",""radius"":0}","46","100","8","34","[{""type"":""damage""}]","swift","electric | melee","true","ready"
"hoonhauringu","Hoonhauringu","Hoonhauringu","ホーンハウリング","ホーンハウリング","super_xros_wars","area_damage","neutral","{""shape"":""diamond"",""min"":1,""max"":3,""requiresLineOfSight"":false}","{""shape"":""diamond"",""radius"":1}","22","100","16","34","[{""type"":""damage""},{""type"":""status"",""status"":""confusion"",""chance"":25,""duration"":3}]","efficient","neutral | projectile","true","ready"
"poonbakkuraa","Poonbakkuraa","Poonbakkuraa","ポーンバックラー","ポーンバックラー","super_xros_wars","striker","neutral","{""shape"":""diamond"",""min"":1,""max"":3,""requiresLineOfSight"":false}","{""shape"":""single"",""radius"":0}","31","100","12","34","[{""type"":""damage""},{""type"":""status"",""status"":""paralysis"",""chance"":25,""duration"":3}]","reliable_effect","neutral | melee","true","ready"
"hoonbureikaa","Hoonbureikaa","Hoonbureikaa","ホーンブレイカー","ホーンブレイカー","super_xros_wars","striker","electric","{""shape"":""diamond"",""min"":1,""max"":3,""requiresLineOfSight"":false}","{""shape"":""single"",""radius"":0}","46","100","8","34","[{""type"":""damage""}]","swift","electric | melee","true","ready"
"hoonbureikaa_dx","Hoonbureikaa DX","Hoonbureikaa DX","ホーンブレイカーDX","ホーンブレイカーDX","super_xros_wars","striker","neutral","{""shape"":""diamond"",""min"":1,""max"":3,""requiresLineOfSight"":false}","{""shape"":""single"",""radius"":0}","46","100","8","34","[{""type"":""damage""}]","swift","neutral | melee","true","ready"
"hoshiwari","Hoshiwari","Hoshiwari","ほしわり","ほしわり","super_xros_wars","striker","neutral","{""shape"":""diamond"",""min"":1,""max"":3,""requiresLineOfSight"":false}","{""shape"":""single"",""radius"":0}","46","100","8","34","[{""type"":""damage""}]","swift","neutral | melee","true","ready"
"honoonoiki","Honoonoiki","Honoonoiki","ほのおのいき","ほのおのいき","super_xros_wars","area_damage","neutral","{""shape"":""diamond"",""min"":1,""max"":3,""requiresLineOfSight"":false}","{""shape"":""diamond"",""radius"":1}","37","100","12","34","[{""type"":""damage""}]","swift","neutral | projectile","true","ready"
"honoonokobushi","Honoonokobushi","Honoonokobushi","ほのおのこぶし","ほのおのこぶし","super_xros_wars","striker","fire","{""shape"":""diamond"",""min"":1,""max"":3,""requiresLineOfSight"":false}","{""shape"":""single"",""radius"":0}","46","100","8","34","[{""type"":""damage""}]","swift","fire | melee","true","ready"
"poyoyontakkuru","Poyoyontakkuru","Poyoyontakkuru","ぽよよんタックル","ぽよよんタックル","super_xros_wars","striker","neutral","{""shape"":""diamond"",""min"":1,""max"":3,""requiresLineOfSight"":false}","{""shape"":""single"",""radius"":0}","46","100","8","34","[{""type"":""damage""}]","swift","neutral | melee","true","ready"
"borutekkusupenetoreeto","Borutekkusupenetoreeto","Borutekkusupenetoreeto","ボルテックスペネトレート","ボルテックスペネトレート","super_xros_wars","striker","water","{""shape"":""diamond"",""min"":1,""max"":3,""requiresLineOfSight"":false}","{""shape"":""single"",""radius"":0}","31","100","12","34","[{""type"":""damage""},{""type"":""status"",""status"":""poison"",""chance"":25,""duration"":3}]","reliable_effect","water | melee","false","requires_digixros"
"howaitoauto","Howaitoauto","Howaitoauto","ホワイトアウト","ホワイトアウト","super_xros_wars","striker","neutral","{""shape"":""diamond"",""min"":1,""max"":3,""requiresLineOfSight"":false}","{""shape"":""single"",""radius"":0}","46","100","8","34","[{""type"":""damage""}]","swift","neutral | melee","true","ready"
"howaitoheiru","Howaitoheiru","Howaitoheiru","ホワイトヘイル","ホワイトヘイル","super_xros_wars","striker","neutral","{""shape"":""diamond"",""min"":1,""max"":3,""requiresLineOfSight"":false}","{""shape"":""single"",""radius"":0}","31","100","12","34","[{""type"":""damage""},{""type"":""status"",""status"":""def_down"",""chance"":25,""duration"":3}]","reliable_effect","neutral | melee","true","ready"
"bonbaaheddo","Bonbaaheddo","Bonbaaheddo","ボンバーヘッド","ボンバーヘッド","super_xros_wars","striker","neutral","{""shape"":""diamond"",""min"":1,""max"":3,""requiresLineOfSight"":false}","{""shape"":""single"",""radius"":0}","46","100","8","34","[{""type"":""damage""}]","swift","neutral | melee","true","ready"
"maachingufisshiizu","Maachingufisshiizu","Maachingufisshiizu","マーチングフィッシーズ","マーチングフィッシーズ","super_xros_wars","area_damage","neutral","{""shape"":""diamond"",""min"":1,""max"":3,""requiresLineOfSight"":false}","{""shape"":""diamond"",""radius"":1}","37","100","12","34","[{""type"":""damage""}]","swift","neutral | projectile","true","ready"
"maitisandaakuroo","Maitisandaakuroo","Maitisandaakuroo","マイティサンダークロー","マイティサンダークロー","super_xros_wars","striker","electric","{""shape"":""diamond"",""min"":1,""max"":3,""requiresLineOfSight"":false}","{""shape"":""single"",""radius"":0}","46","100","8","34","[{""type"":""damage""}]","swift","electric | melee","true","ready"
"magunebiimu","Magunebiimu","Magunebiimu","マグネビーム","マグネビーム","super_xros_wars","striker","electric","{""shape"":""diamond"",""min"":1,""max"":3,""requiresLineOfSight"":false}","{""shape"":""single"",""radius"":0}","31","100","12","34","[{""type"":""damage""},{""type"":""status"",""status"":""speed_down"",""chance"":25,""duration"":3}]","reliable_effect","electric | melee","true","ready"
"magumabooru","Magumabooru","Magumabooru","マグマボール","マグマボール","super_xros_wars","striker","neutral","{""shape"":""diamond"",""min"":1,""max"":3,""requiresLineOfSight"":false}","{""shape"":""single"",""radius"":0}","46","100","8","34","[{""type"":""damage""}]","swift","neutral | melee","true","ready"
"majikarusutikku","Majikarusutikku","Majikarusutikku","マジカルスティック","マジカルスティック","super_xros_wars","striker","neutral","{""shape"":""diamond"",""min"":1,""max"":3,""requiresLineOfSight"":false}","{""shape"":""single"",""radius"":0}","46","100","8","34","[{""type"":""damage""}]","swift","neutral | melee","true","ready"
"majikarufaiaa","Majikarufaiaa","Majikarufaiaa","マジカルファイアー","マジカルファイアー","super_xros_wars","striker","neutral","{""shape"":""diamond"",""min"":1,""max"":3,""requiresLineOfSight"":false}","{""shape"":""single"",""radius"":0}","31","100","12","34","[{""type"":""damage""},{""type"":""status"",""status"":""confusion"",""chance"":25,""duration"":3}]","reliable_effect","neutral | melee","true","ready"
"mashinganaamu","Mashinganaamu","Mashinganaamu","マシンガンアーム","マシンガンアーム","super_xros_wars","area_damage","neutral","{""shape"":""diamond"",""min"":1,""max"":3,""requiresLineOfSight"":false}","{""shape"":""diamond"",""radius"":1}","37","100","12","34","[{""type"":""damage""}]","swift","neutral | projectile","true","ready"
"masutaadoramonkuroo","Masutaadoramonkuroo","Masutaadoramonkuroo","マスタードラモンクロー","マスタードラモンクロー","super_xros_wars","striker","fire","{""shape"":""diamond"",""min"":1,""max"":3,""requiresLineOfSight"":false}","{""shape"":""single"",""radius"":0}","46","100","8","34","[{""type"":""damage""}]","swift","fire | melee","true","ready"
"masutaafaiaa","Masutaafaiaa","Masutaafaiaa","マスターファイアー","マスターファイアー","super_xros_wars","striker","fire","{""shape"":""diamond"",""min"":1,""max"":3,""requiresLineOfSight"":false}","{""shape"":""single"",""radius"":0}","46","100","8","34","[{""type"":""damage""}]","swift","fire | melee","true","ready"
"maddokooto","Maddokooto","Maddokooto","マッドコート","マッドコート","super_xros_wars","striker","neutral","{""shape"":""diamond"",""min"":1,""max"":3,""requiresLineOfSight"":false}","{""shape"":""single"",""radius"":0}","31","100","12","34","[{""type"":""damage""},{""type"":""status"",""status"":""def_up"",""chance"":25,""duration"":3}]","reliable_effect","neutral | melee","true","ready"
"mahhajabu","Mahhajabu","Mahhajabu","マッハジャブ","マッハジャブ","super_xros_wars","striker","neutral","{""shape"":""diamond"",""min"":1,""max"":3,""requiresLineOfSight"":false}","{""shape"":""single"",""radius"":0}","46","100","8","34","[{""type"":""damage""}]","swift","neutral | melee","true","ready"
"mahhasutingaa_v","Mahhasutingaa V","Mahhasutingaa V","マッハスティンガーV","マッハスティンガーV","super_xros_wars","striker","electric","{""shape"":""diamond"",""min"":1,""max"":3,""requiresLineOfSight"":false}","{""shape"":""single"",""radius"":0}","46","100","8","34","[{""type"":""damage""}]","swift","electric | melee","false","requires_digixros"
"mamebaito_1000","Mamebaito 1000","Mamebaito 1000","マメバイト1000","マメバイト1000","super_xros_wars","striker","neutral","{""shape"":""diamond"",""min"":1,""max"":3,""requiresLineOfSight"":false}","{""shape"":""single"",""radius"":0}","46","100","8","34","[{""type"":""damage""}]","swift","neutral | melee","true","ready"
"mamoru","Mamoru","Mamoru","まもる","まもる","super_xros_wars","striker","light","{""shape"":""diamond"",""min"":1,""max"":3,""requiresLineOfSight"":false}","{""shape"":""single"",""radius"":0}","31","100","12","34","[{""type"":""damage""},{""type"":""status"",""status"":""def_up"",""chance"":25,""duration"":3}]","reliable_effect","light | melee","true","ready"
"midareuchirasshu","Midareuchirasshu","Midareuchirasshu","みだれうちラッシュ","みだれうちラッシュ","super_xros_wars","striker","light","{""shape"":""diamond"",""min"":1,""max"":3,""requiresLineOfSight"":false}","{""shape"":""single"",""radius"":0}","46","100","8","34","[{""type"":""damage""}]","swift","light | melee","true","ready"
"miyabarukan","Miyabarukan","Miyabarukan","ミヤバルカン","ミヤバルカン","super_xros_wars","striker","neutral","{""shape"":""diamond"",""min"":1,""max"":3,""requiresLineOfSight"":false}","{""shape"":""single"",""radius"":0}","46","100","8","34","[{""type"":""damage""}]","swift","neutral | melee","true","ready"
"musoutenshouyokunojin","Musoutenshouyokunojin","Musoutenshouyokunojin","むそうてんしょうよくのじん","むそうてんしょうよくのじん","super_xros_wars","area_damage","neutral","{""shape"":""diamond"",""min"":1,""max"":3,""requiresLineOfSight"":false}","{""shape"":""diamond"",""radius"":1}","37","100","12","34","[{""type"":""damage""}]","swift","neutral | projectile","true","ready"
"meirushutoroomu","Meirushutoroomu","Meirushutoroomu","メイルシュトローム","メイルシュトローム","super_xros_wars","area_damage","neutral","{""shape"":""diamond"",""min"":1,""max"":3,""requiresLineOfSight"":false}","{""shape"":""diamond"",""radius"":1}","22","100","16","34","[{""type"":""damage""},{""type"":""status"",""status"":""paralysis"",""chance"":25,""duration"":3}]","efficient","neutral | projectile","true","ready"
"megaaisurezorubu","Megaaisurezorubu","Megaaisurezorubu","メガアイスレゾルブ","メガアイスレゾルブ","super_xros_wars","striker","neutral","{""shape"":""diamond"",""min"":1,""max"":3,""requiresLineOfSight"":false}","{""shape"":""single"",""radius"":0}","31","100","12","34","[{""type"":""damage""},{""type"":""status"",""status"":""data_mark"",""chance"":25,""duration"":3}]","reliable_effect","neutral | melee","true","ready"
"megasandaarezorubu","Megasandaarezorubu","Megasandaarezorubu","メガサンダーレゾルブ","メガサンダーレゾルブ","super_xros_wars","striker","neutral","{""shape"":""diamond"",""min"":1,""max"":3,""requiresLineOfSight"":false}","{""shape"":""single"",""radius"":0}","31","100","12","34","[{""type"":""damage""},{""type"":""status"",""status"":""data_mark"",""chance"":25,""duration"":3}]","reliable_effect","neutral | melee","true","ready"
"megashadourezorubu","Megashadourezorubu","Megashadourezorubu","メガシャドウレゾルブ","メガシャドウレゾルブ","super_xros_wars","striker","dark","{""shape"":""diamond"",""min"":1,""max"":3,""requiresLineOfSight"":false}","{""shape"":""single"",""radius"":0}","31","100","12","34","[{""type"":""damage""},{""type"":""status"",""status"":""data_mark"",""chance"":25,""duration"":3}]","reliable_effect","dark | melee","true","ready"
"megadasshuinpakuto","Megadasshuinpakuto","Megadasshuinpakuto","メガダッシュインパクト","メガダッシュインパクト","super_xros_wars","area_damage","neutral","{""shape"":""diamond"",""min"":1,""max"":3,""requiresLineOfSight"":false}","{""shape"":""diamond"",""radius"":1}","22","100","16","34","[{""type"":""damage""},{""type"":""status"",""status"":""atk_down"",""chance"":25,""duration"":3}]","efficient","neutral | projectile","true","ready"
"megadevainrezorubu","Megadevainrezorubu","Megadevainrezorubu","メガデヴァインレゾルブ","メガデヴァインレゾルブ","super_xros_wars","striker","neutral","{""shape"":""diamond"",""min"":1,""max"":3,""requiresLineOfSight"":false}","{""shape"":""single"",""radius"":0}","31","100","12","34","[{""type"":""damage""},{""type"":""status"",""status"":""data_mark"",""chance"":25,""duration"":3}]","reliable_effect","neutral | melee","true","ready"
"megatonhaidororeezaa","Megatonhaidororeezaa","Megatonhaidororeezaa","メガトンハイドロレーザー","メガトンハイドロレーザー","super_xros_wars","striker","neutral","{""shape"":""diamond"",""min"":1,""max"":3,""requiresLineOfSight"":false}","{""shape"":""single"",""radius"":0}","31","100","12","34","[{""type"":""damage""},{""type"":""status"",""status"":""def_down"",""chance"":25,""duration"":3}]","reliable_effect","neutral | melee","false","requires_digixros"
"megabatorurezorubu","Megabatorurezorubu","Megabatorurezorubu","メガバトルレゾルブ","メガバトルレゾルブ","super_xros_wars","striker","neutral","{""shape"":""diamond"",""min"":1,""max"":3,""requiresLineOfSight"":false}","{""shape"":""single"",""radius"":0}","31","100","12","34","[{""type"":""damage""},{""type"":""status"",""status"":""data_mark"",""chance"":25,""duration"":3}]","reliable_effect","neutral | melee","true","ready"
"megahiiruraito","Megahiiruraito","Megahiiruraito","メガヒールライト","メガヒールライト","super_xros_wars","healing","neutral","{""shape"":""diamond"",""min"":0,""max"":3,""requiresLineOfSight"":false}","{""shape"":""single"",""radius"":0}","30","100","10","38","[{""type"":""heal"",""percentMaxHp"":30}]","potent","neutral | healing","true","ready"
"megafaiarezorubu","Megafaiarezorubu","Megafaiarezorubu","メガファイアレゾルブ","メガファイアレゾルブ","super_xros_wars","striker","fire","{""shape"":""diamond"",""min"":1,""max"":3,""requiresLineOfSight"":false}","{""shape"":""single"",""radius"":0}","31","100","12","34","[{""type"":""damage""},{""type"":""status"",""status"":""data_mark"",""chance"":25,""duration"":3}]","reliable_effect","fire | melee","true","ready"
"megafureimuekusupuroojon","Megafureimuekusupuroojon","Megafureimuekusupuroojon","メガフレイムエクスプロージョン","メガフレイムエクスプロージョン","super_xros_wars","area_damage","neutral","{""shape"":""diamond"",""min"":1,""max"":3,""requiresLineOfSight"":false}","{""shape"":""diamond"",""radius"":1}","37","100","12","34","[{""type"":""damage""}]","swift","neutral | projectile","false","requires_digixros"
"megarosupaaku","Megarosupaaku","Megarosupaaku","メガロスパーク","メガロスパーク","super_xros_wars","striker","neutral","{""shape"":""diamond"",""min"":1,""max"":3,""requiresLineOfSight"":false}","{""shape"":""single"",""radius"":0}","46","100","8","34","[{""type"":""damage""}]","swift","neutral | melee","true","ready"
"megarofureimu","Megarofureimu","Megarofureimu","メガロフレイム","メガロフレイム","super_xros_wars","area_damage","neutral","{""shape"":""diamond"",""min"":1,""max"":3,""requiresLineOfSight"":false}","{""shape"":""diamond"",""radius"":1}","37","100","12","34","[{""type"":""damage""}]","swift","neutral | projectile","true","ready"
"metarukyanon","Metarukyanon","Metarukyanon","メタルキャノン","メタルキャノン","super_xros_wars","striker","neutral","{""shape"":""diamond"",""min"":1,""max"":3,""requiresLineOfSight"":false}","{""shape"":""single"",""radius"":0}","46","100","8","34","[{""type"":""damage""}]","swift","neutral | melee","true","ready"
"mettotakkuru","Mettotakkuru","Mettotakkuru","メットタックル","メットタックル","super_xros_wars","area_damage","neutral","{""shape"":""diamond"",""min"":1,""max"":3,""requiresLineOfSight"":false}","{""shape"":""diamond"",""radius"":1}","37","100","12","34","[{""type"":""damage""}]","swift","neutral | projectile","true","ready"
"meteoinpakuto","Meteoinpakuto","Meteoinpakuto","メテオインパクト","メテオインパクト","super_xros_wars","area_damage","neutral","{""shape"":""diamond"",""min"":1,""max"":3,""requiresLineOfSight"":false}","{""shape"":""diamond"",""radius"":1}","37","100","12","34","[{""type"":""damage""}]","swift","neutral | projectile","true","ready"
"meteowingu","Meteowingu","Meteowingu","メテオウィング","メテオウィング","super_xros_wars","striker","fire","{""shape"":""diamond"",""min"":1,""max"":3,""requiresLineOfSight"":false}","{""shape"":""single"",""radius"":0}","46","100","8","34","[{""type"":""damage""}]","swift","fire | melee","true","ready"
"meteosukooruregashii","Meteosukooruregashii","Meteosukooruregashii","メテオスコールレガシー","メテオスコールレガシー","super_xros_wars","area_damage","fire","{""shape"":""diamond"",""min"":1,""max"":3,""requiresLineOfSight"":false}","{""shape"":""diamond"",""radius"":1}","37","100","12","34","[{""type"":""damage""}]","swift","fire | projectile","true","ready"
"meteobasutaaatakku","Meteobasutaaatakku","Meteobasutaaatakku","メテオバスターアタック","メテオバスターアタック","super_xros_wars","area_damage","neutral","{""shape"":""diamond"",""min"":1,""max"":3,""requiresLineOfSight"":false}","{""shape"":""diamond"",""radius"":1}","37","100","12","34","[{""type"":""damage""}]","swift","neutral | projectile","false","requires_digixros"
"mebiusubaito","Mebiusubaito","Mebiusubaito","メビウスバイト","メビウスバイト","super_xros_wars","striker","neutral","{""shape"":""diamond"",""min"":1,""max"":3,""requiresLineOfSight"":false}","{""shape"":""single"",""radius"":0}","31","100","12","34","[{""type"":""damage""},{""type"":""status"",""status"":""speed_down"",""chance"":25,""duration"":3}]","reliable_effect","neutral | melee","true","ready"
"merutingu_buraddo","Merutingu Buraddo","Merutingu Buraddo","メルティング・ブラッド","メルティング・ブラッド","super_xros_wars","striker","neutral","{""shape"":""diamond"",""min"":1,""max"":3,""requiresLineOfSight"":false}","{""shape"":""single"",""radius"":0}","31","100","12","34","[{""type"":""damage""},{""type"":""status"",""status"":""poison"",""chance"":25,""duration"":3}]","reliable_effect","neutral | melee","true","ready"
"yaminoawa","Yaminoawa","Yaminoawa","ヤミのアワ","ヤミのアワ","super_xros_wars","striker","dark","{""shape"":""diamond"",""min"":1,""max"":3,""requiresLineOfSight"":false}","{""shape"":""single"",""radius"":0}","46","100","8","34","[{""type"":""damage""}]","swift","dark | melee","true","ready"
"yaminoiki","Yaminoiki","Yaminoiki","ヤミのいき","ヤミのいき","super_xros_wars","area_damage","neutral","{""shape"":""diamond"",""min"":1,""max"":3,""requiresLineOfSight"":false}","{""shape"":""diamond"",""radius"":1}","37","100","12","34","[{""type"":""damage""}]","swift","neutral | projectile","true","ready"
"yaminokobushi","Yaminokobushi","Yaminokobushi","ヤミのこぶし","ヤミのこぶし","super_xros_wars","striker","dark","{""shape"":""diamond"",""min"":1,""max"":3,""requiresLineOfSight"":false}","{""shape"":""single"",""radius"":0}","46","100","8","34","[{""type"":""damage""}]","swift","dark | melee","true","ready"
"yokunaooru","Yokunaooru","Yokunaooru","ヨクナオール","ヨクナオール","super_xros_wars","healing","neutral","{""shape"":""diamond"",""min"":0,""max"":3,""requiresLineOfSight"":false}","{""shape"":""single"",""radius"":0}","30","100","10","38","[{""type"":""heal"",""percentMaxHp"":30}]","potent","neutral | healing","true","ready"
"raikouissennotsuki","Raikouissennotsuki","Raikouissennotsuki","らいこういっせんのつき","らいこういっせんのつき","super_xros_wars","striker","neutral","{""shape"":""diamond"",""min"":1,""max"":3,""requiresLineOfSight"":false}","{""shape"":""single"",""radius"":0}","46","100","8","34","[{""type"":""damage""}]","swift","neutral | melee","true","ready"
"raudirokkaa","Raudirokkaa","Raudirokkaa","ラウディロッカー","ラウディロッカー","super_xros_wars","striker","neutral","{""shape"":""diamond"",""min"":1,""max"":3,""requiresLineOfSight"":false}","{""shape"":""single"",""radius"":0}","46","100","8","34","[{""type"":""damage""}]","swift","neutral | melee","false","requires_digixros"
"rajasu","Rajasu","Rajasu","ラジャス","ラジャス","super_xros_wars","striker","dark","{""shape"":""diamond"",""min"":1,""max"":3,""requiresLineOfSight"":false}","{""shape"":""single"",""radius"":0}","46","100","8","34","[{""type"":""damage""}]","swift","dark | melee","true","ready"
"rappingubaburu","Rappingubaburu","Rappingubaburu","ラッピングバブル","ラッピングバブル","super_xros_wars","striker","water","{""shape"":""diamond"",""min"":1,""max"":3,""requiresLineOfSight"":false}","{""shape"":""single"",""radius"":0}","46","100","8","34","[{""type"":""damage""}]","swift","water | melee","true","ready"
"rafu_su_masshu","Rafu Su Masshu","Rafu Su Masshu","ラフ・ス・マッシュ","ラフ・ス・マッシュ","super_xros_wars","area_damage","neutral","{""shape"":""diamond"",""min"":1,""max"":3,""requiresLineOfSight"":false}","{""shape"":""diamond"",""radius"":1}","22","100","16","34","[{""type"":""damage""},{""type"":""status"",""status"":""confusion"",""chance"":25,""duration"":3}]","efficient","neutral | projectile","true","ready"
"randamureezaa","Randamureezaa","Randamureezaa","ランダムレーザー","ランダムレーザー","super_xros_wars","striker","electric","{""shape"":""diamond"",""min"":1,""max"":3,""requiresLineOfSight"":false}","{""shape"":""single"",""radius"":0}","46","100","8","34","[{""type"":""damage""}]","swift","electric | melee","true","ready"
"rijiddoburokku","Rijiddoburokku","Rijiddoburokku","リジッドブロック","リジッドブロック","super_xros_wars","striker","neutral","{""shape"":""diamond"",""min"":1,""max"":3,""requiresLineOfSight"":false}","{""shape"":""single"",""radius"":0}","31","100","12","34","[{""type"":""damage""},{""type"":""status"",""status"":""atk_up"",""chance"":25,""duration"":3}]","reliable_effect","neutral | melee","true","ready"
"ritoruaisuaroo","Ritoruaisuaroo","Ritoruaisuaroo","リトルアイスアロー","リトルアイスアロー","super_xros_wars","striker","neutral","{""shape"":""diamond"",""min"":1,""max"":3,""requiresLineOfSight"":false}","{""shape"":""single"",""radius"":0}","46","100","8","34","[{""type"":""damage""}]","swift","neutral | melee","true","ready"
"ritoruhoon","Ritoruhoon","Ritoruhoon","リトルホーン","リトルホーン","super_xros_wars","striker","fire","{""shape"":""diamond"",""min"":1,""max"":3,""requiresLineOfSight"":false}","{""shape"":""single"",""radius"":0}","31","100","12","34","[{""type"":""damage""},{""type"":""status"",""status"":""int_down"",""chance"":25,""duration"":3}]","reliable_effect","fire | melee","true","ready"
"ryoutenokama","Ryoutenokama","Ryoutenokama","りょうてのカマ","りょうてのカマ","super_xros_wars","striker","neutral","{""shape"":""diamond"",""min"":1,""max"":3,""requiresLineOfSight"":false}","{""shape"":""single"",""radius"":0}","31","100","12","34","[{""type"":""damage""},{""type"":""status"",""status"":""atk_down"",""chance"":25,""duration"":3}]","reliable_effect","neutral | melee","true","ready"
"ruukugatoringu","Ruukugatoringu","Ruukugatoringu","ルークガトリング","ルークガトリング","super_xros_wars","striker","fire","{""shape"":""diamond"",""min"":1,""max"":3,""requiresLineOfSight"":false}","{""shape"":""single"",""radius"":0}","46","100","8","34","[{""type"":""damage""}]","swift","fire | melee","false","requires_digixros"
"ruutosutorecchi","Ruutosutorecchi","Ruutosutorecchi","ルートストレッチ","ルートストレッチ","super_xros_wars","striker","neutral","{""shape"":""diamond"",""min"":1,""max"":3,""requiresLineOfSight"":false}","{""shape"":""single"",""radius"":0}","46","100","8","34","[{""type"":""damage""}]","swift","neutral | melee","true","ready"
"runahaakensurasshaa","Runahaakensurasshaa","Runahaakensurasshaa","ルナハーケンスラッシャー","ルナハーケンスラッシャー","super_xros_wars","striker","neutral","{""shape"":""diamond"",""min"":1,""max"":3,""requiresLineOfSight"":false}","{""shape"":""single"",""radius"":0}","46","100","8","34","[{""type"":""damage""}]","swift","neutral | melee","true","ready"
"reinbooshinfonii","Reinbooshinfonii","Reinbooshinfonii","レインボーシンフォニー","レインボーシンフォニー","super_xros_wars","striker","neutral","{""shape"":""diamond"",""min"":1,""max"":3,""requiresLineOfSight"":false}","{""shape"":""single"",""radius"":0}","31","100","12","34","[{""type"":""damage""},{""type"":""status"",""status"":""poison"",""chance"":25,""duration"":3}]","reliable_effect","neutral | melee","false","requires_digixros"
"reezaajaberin","Reezaajaberin","Reezaajaberin","レーザージャベリン","レーザージャベリン","super_xros_wars","striker","neutral","{""shape"":""diamond"",""min"":1,""max"":3,""requiresLineOfSight"":false}","{""shape"":""single"",""radius"":0}","46","100","8","34","[{""type"":""damage""}]","swift","neutral | melee","true","ready"
"reddoai","Reddoai","Reddoai","レッドアイ","レッドアイ","super_xros_wars","striker","neutral","{""shape"":""diamond"",""min"":1,""max"":3,""requiresLineOfSight"":false}","{""shape"":""single"",""radius"":0}","46","100","8","34","[{""type"":""damage""}]","swift","neutral | melee","true","ready"
"renjishi","Renjishi","Renjishi","れんじし","れんじし","super_xros_wars","striker","dark","{""shape"":""diamond"",""min"":1,""max"":3,""requiresLineOfSight"":false}","{""shape"":""single"",""radius"":0}","46","100","8","34","[{""type"":""damage""}]","swift","dark | melee","true","ready"
"rooda","Rooda","Rooda","ローダ","ローダ","super_xros_wars","area_damage","neutral","{""shape"":""diamond"",""min"":1,""max"":3,""requiresLineOfSight"":false}","{""shape"":""diamond"",""radius"":1}","37","100","12","34","[{""type"":""damage""}]","swift","neutral | projectile","false","requires_digixros"
"rooringuappaa","Rooringuappaa","Rooringuappaa","ローリングアッパー","ローリングアッパー","super_xros_wars","striker","neutral","{""shape"":""diamond"",""min"":1,""max"":3,""requiresLineOfSight"":false}","{""shape"":""single"",""radius"":0}","31","100","12","34","[{""type"":""damage""},{""type"":""status"",""status"":""paralysis"",""chance"":25,""duration"":3}]","reliable_effect","neutral | melee","true","ready"
"rooringusutoon","Rooringusutoon","Rooringusutoon","ローリングストーン","ローリングストーン","super_xros_wars","area_damage","neutral","{""shape"":""diamond"",""min"":1,""max"":3,""requiresLineOfSight"":false}","{""shape"":""diamond"",""radius"":1}","22","100","16","34","[{""type"":""damage""},{""type"":""status"",""status"":""atk_down"",""chance"":25,""duration"":3}]","efficient","neutral | projectile","true","ready"
"rosutorumu","Rosutorumu","Rosutorumu","ロストルム","ロストルム","super_xros_wars","area_damage","neutral","{""shape"":""diamond"",""min"":1,""max"":3,""requiresLineOfSight"":false}","{""shape"":""diamond"",""radius"":1}","37","100","12","34","[{""type"":""damage""}]","swift","neutral | projectile","true","ready"
"rozettasutoon","Rozettasutoon","Rozettasutoon","ロゼッタストーン","ロゼッタストーン","super_xros_wars","area_damage","neutral","{""shape"":""diamond"",""min"":1,""max"":3,""requiresLineOfSight"":false}","{""shape"":""diamond"",""radius"":1}","37","100","12","34","[{""type"":""damage""}]","swift","neutral | projectile","true","ready"
"rokkinmagunamu","Rokkinmagunamu","Rokkinmagunamu","ロッキンマグナム","ロッキンマグナム","super_xros_wars","striker","neutral","{""shape"":""diamond"",""min"":1,""max"":3,""requiresLineOfSight"":false}","{""shape"":""single"",""radius"":0}","31","100","12","34","[{""type"":""damage""},{""type"":""status"",""status"":""def_down"",""chance"":25,""duration"":3}]","reliable_effect","neutral | melee","true","ready"
"rokkudamashii","Rokkudamashii","Rokkudamashii","ロックダマシー","ロックダマシー","super_xros_wars","area_damage","fire","{""shape"":""diamond"",""min"":1,""max"":3,""requiresLineOfSight"":false}","{""shape"":""diamond"",""radius"":1}","37","100","12","34","[{""type"":""damage""}]","swift","fire | projectile","true","ready"
"rokkudamashii_gureeto","Rokkudamashii Gureeto","Rokkudamashii Gureeto","ロックダマシー・グレート","ロックダマシー・グレート","super_xros_wars","striker","fire","{""shape"":""diamond"",""min"":1,""max"":3,""requiresLineOfSight"":false}","{""shape"":""single"",""radius"":0}","46","100","8","34","[{""type"":""damage""}]","swift","fire | melee","true","ready"
"roppurasshu","Roppurasshu","Roppurasshu","ロップラッシュ","ロップラッシュ","super_xros_wars","striker","neutral","{""shape"":""diamond"",""min"":1,""max"":3,""requiresLineOfSight"":false}","{""shape"":""single"",""radius"":0}","46","100","8","34","[{""type"":""damage""}]","swift","neutral | melee","true","ready"
"waamuhoiiru","Waamuhoiiru","Waamuhoiiru","ワームホイール","ワームホイール","super_xros_wars","striker","neutral","{""shape"":""diamond"",""min"":1,""max"":3,""requiresLineOfSight"":false}","{""shape"":""single"",""radius"":0}","46","100","8","34","[{""type"":""damage""}]","swift","neutral | melee","true","ready"
"wairudokyua","Wairudokyua","Wairudokyua","ワイルドキュア","ワイルドキュア","super_xros_wars","healing","neutral","{""shape"":""diamond"",""min"":0,""max"":3,""requiresLineOfSight"":false}","{""shape"":""single"",""radius"":0}","30","100","10","38","[{""type"":""heal"",""percentMaxHp"":30}]","potent","neutral | healing","true","ready"
"wairudosandaakuroo","Wairudosandaakuroo","Wairudosandaakuroo","ワイルドサンダークロー","ワイルドサンダークロー","super_xros_wars","striker","electric","{""shape"":""diamond"",""min"":1,""max"":3,""requiresLineOfSight"":false}","{""shape"":""single"",""radius"":0}","46","100","8","34","[{""type"":""damage""}]","swift","electric | melee","true","ready"
"wairudobaaningu","Wairudobaaningu","Wairudobaaningu","ワイルドバーニング","ワイルドバーニング","super_xros_wars","striker","fire","{""shape"":""diamond"",""min"":1,""max"":3,""requiresLineOfSight"":false}","{""shape"":""single"",""radius"":0}","46","100","8","34","[{""type"":""damage""}]","swift","fire | melee","true","ready"
"blue_blaster","Blue Blaster","Blue Blaster","","","digigame_legacy","striker","fire","{""shape"":""line"",""min"":1,""max"":4,""requiresLineOfSight"":false}","{""shape"":""line"",""radius"":0,""length"":4}","39","100","11","34","[{""type"":""damage""}]","swift","neutral | melee","false","ready"
"bubbles","Bubbles","Bubbles","","","digigame_legacy","striker","water","{""shape"":""diamond"",""min"":1,""max"":4,""requiresLineOfSight"":false}","{""shape"":""cross"",""radius"":1}","26","100","8","24","[{""type"":""damage""}]","swift","water | melee","false","ready"
"adhesive_bubble","Adhesive Bubble","Adhesive Bubble","","","digigame_legacy","striker","plant","{""shape"":""adjacent_8"",""min"":1,""max"":1,""requiresLineOfSight"":false}","{""shape"":""single"",""radius"":0}","31","100","12","34","[{""type"":""damage""},{""type"":""status"",""status"":""speed_down"",""chance"":25,""duration"":2}]","swift","water | melee","false","ready"
"vee_headbutt","Vee Headbutt","Vee Headbutt","","","digigame_legacy","striker","neutral","{""shape"":""adjacent_8"",""min"":1,""max"":1,""requiresLineOfSight"":false}","{""shape"":""single"",""radius"":0}","46","100","8","34","[{""type"":""damage""}]","swift","neutral | melee","false","ready"
"guard_charge","Guard Charge","Guard Charge","","","digigame_legacy","support","neutral","{""shape"":""self"",""min"":0,""max"":0,""requiresLineOfSight"":false}","{""shape"":""self"",""radius"":0}","0","100","6","28","[{""type"":""status"",""status"":""def_up"",""chance"":100,""duration"":3}]","swift","neutral | melee","true","ready"
"speed_charge","Speed Charge","Speed Charge","","","digigame_legacy","striker","neutral","{""shape"":""self"",""min"":0,""max"":0,""requiresLineOfSight"":false}","{""shape"":""self"",""radius"":0}","0","100","6","26","[{""type"":""status"",""status"":""speed_up"",""chance"":100,""duration"":3}]","swift","neutral | melee","true","ready"
